id_reserva,fecha_reserva,fecha_llegada,antelacion_dias,noches,adultos,ninos,tipo_habitacion,regimen,canal,pais_origen,tarifa,deposito,precio_noche,peticiones_especiales,cliente_repetidor,cancelaciones_previas,cancelada
5760,2024-01-01,2024-03-21,80,3,3,2,estandar,media_pension,empresa,ES,flexible,parcial,89.24,0,0,0,1
3674,2024-01-01,2024-06-06,157,4,1,2,estandar,desayuno,directo,ES,no_reembolsable,sin_deposito,63.5,0,0,0,0
1488,2024-01-01,2024-03-19,78,7,2,0,estandar,solo_alojamiento,web_intermediaria,ES,flexible,parcial,94.56,0,0,0,1
2259,2024-01-01,2024-03-07,66,7,3,0,familiar,solo_alojamiento,web_intermediaria,ES,no_reembolsable,total,133.22,0,0,0,0
2442,2024-01-01,2024-06-23,174,6,2,0,estandar,desayuno,agencia,ES,flexible,parcial,69.8,1,0,0,0
5083,2024-01-01,2024-02-03,33,8,2,1,estandar,media_pension,web_intermediaria,UK,no_reembolsable,parcial,89.71,0,0,0,0
2316,2024-01-01,2024-03-15,74,5,3,3,suite,media_pension,directo,UK,no_reembolsable,sin_deposito,203.83,2,0,0,0
1482,2024-01-02,2024-04-09,98,8,2,1,familiar,todo_incluido,web_intermediaria,ES,flexible,total,105.29,0,0,0,0
1409,2024-01-02,2024-04-25,114,6,2,1,estandar,solo_alojamiento,agencia,NL,flexible,sin_deposito,72.83,0,0,0,1
4691,2024-01-02,2024-04-01,90,6,2,1,superior,todo_incluido,web_intermediaria,Nordicos,flexible,total,90.16,1,0,0,0
5462,2024-01-02,2024-02-04,33,7,2,0,estandar,desayuno,web_intermediaria,UK,no_reembolsable,sin_deposito,77.88,0,1,0,0
1996,2024-01-02,2024-01-23,21,3,2,0,estandar,solo_alojamiento,agencia,DE,flexible,sin_deposito,94.87,0,0,0,1
1949,2024-01-02,2024-04-12,101,1,2,0,superior,desayuno,web_intermediaria,ES,flexible,parcial,93.09,0,0,0,1
5170,2024-01-03,2024-01-25,22,6,2,1,estandar,todo_incluido,directo,otros,flexible,total,95.98,1,0,0,0
1622,2024-01-03,2024-03-01,58,7,1,2,superior,solo_alojamiento,web_intermediaria,ES,no_reembolsable,sin_deposito,107.16,0,0,0,0
4627,2024-01-03,2024-02-05,33,7,4,3,estandar,desayuno,web_intermediaria,otros,flexible,parcial,89.52,1,0,0,0
4111,2024-01-03,2024-02-02,30,8,3,0,estandar,todo_incluido,web_intermediaria,ES,flexible,sin_deposito,85.62,1,1,1,1
1913,2024-01-03,2024-03-02,59,4,2,0,superior,todo_incluido,web_intermediaria,UK,flexible,sin_deposito,119.48,1,0,0,0
3191,2024-01-03,2024-03-27,84,4,1,0,estandar,solo_alojamiento,web_intermediaria,NL,no_reembolsable,sin_deposito,92.9,2,0,0,1
1739,2024-01-03,2024-02-15,43,6,3,2,superior,desayuno,agencia,NL,flexible,parcial,119.6,0,0,0,0
3234,2024-01-04,2024-02-27,54,7,2,0,superior,solo_alojamiento,directo,UK,flexible,sin_deposito,123.28,1,0,0,1
2789,2024-01-04,2024-03-25,81,9,3,0,suite,solo_alojamiento,web_intermediaria,ES,no_reembolsable,sin_deposito,214.15,2,0,0,1
845,2024-01-04,2024-02-04,31,4,1,0,familiar,solo_alojamiento,web_intermediaria,DE,flexible,sin_deposito,149.87,0,0,0,1
3217,2024-01-04,2024-01-15,11,5,2,0,superior,todo_incluido,directo,UK,flexible,sin_deposito,115.75,1,0,0,0
901,2024-01-04,2024-04-08,95,7,3,0,superior,desayuno,web_intermediaria,UK,no_reembolsable,parcial,78.74,1,0,0,0
4598,2024-01-04,2024-04-04,91,6,2,1,estandar,todo_incluido,web_intermediaria,UK,flexible,total,70.43,1,0,0,0
1550,2024-01-04,2024-04-10,97,5,3,0,superior,desayuno,agencia,otros,no_reembolsable,sin_deposito,87.25,0,0,0,0
5297,2024-01-04,2024-02-20,47,7,1,1,estandar,desayuno,web_intermediaria,DE,flexible,parcial,94.9,2,0,0,0
2628,2024-01-04,2024-01-26,22,5,2,0,estandar,desayuno,directo,otros,flexible,sin_deposito,79.61,0,0,0,1
773,2024-01-04,2024-03-17,73,5,3,0,familiar,todo_incluido,directo,NL,flexible,sin_deposito,132.11,0,1,0,0
2646,2024-01-04,2024-07-02,180,10,2,2,superior,todo_incluido,agencia,UK,flexible,parcial,109.67,0,0,0,1
1237,2024-01-04,2024-01-16,12,3,2,0,superior,solo_alojamiento,directo,UK,no_reembolsable,parcial,97.99,1,0,0,0
1294,2024-01-04,2024-01-20,16,8,2,0,estandar,solo_alojamiento,directo,NL,flexible,sin_deposito,92.99,0,0,0,0
846,2024-01-04,2024-04-28,115,5,2,0,estandar,desayuno,web_intermediaria,DE,no_reembolsable,parcial,68.87,2,0,0,1
381,2024-01-04,2024-03-10,66,5,2,0,estandar,todo_incluido,directo,DE,no_reembolsable,total,87.35,1,0,0,0
465,2024-01-05,2024-04-09,95,8,2,1,familiar,desayuno,web_intermediaria,UK,flexible,parcial,117.96,0,0,0,1
4885,2024-01-05,2024-03-01,56,10,3,3,estandar,media_pension,web_intermediaria,UK,no_reembolsable,parcial,96.24,1,0,0,0
2401,2024-01-05,2024-03-31,86,7,1,0,estandar,desayuno,directo,ES,flexible,total,94.05,0,1,1,0
4055,2024-01-05,2024-01-21,16,7,2,1,estandar,media_pension,web_intermediaria,,flexible,sin_deposito,87.58,1,0,0,0
5719,2024-01-05,2024-06-11,158,7,2,2,superior,desayuno,web_intermediaria,UK,flexible,sin_deposito,96.65,1,0,0,0
1279,2024-01-06,2024-03-22,76,5,2,2,estandar,todo_incluido,web_intermediaria,ES,no_reembolsable,sin_deposito,103.81,0,0,0,1
1190,2024-01-06,2024-03-29,83,5,2,0,estandar,desayuno,web_intermediaria,UK,flexible,sin_deposito,75.8,0,0,0,0
4689,2024-01-06,2024-04-15,100,4,2,1,superior,media_pension,directo,DE,no_reembolsable,sin_deposito,99.42,0,1,0,0
3399,2024-01-06,2024-04-25,110,4,2,0,estandar,media_pension,web_intermediaria,ES,no_reembolsable,sin_deposito,64.97,0,0,0,1
104,2024-01-06,2025-02-09,400,7,2,1,estandar,solo_alojamiento,directo,Nordicos,flexible,sin_deposito,83.94,1,1,2,1
575,2024-01-06,2024-11-01,300,4,1,2,estandar,solo_alojamiento,agencia,DE,flexible,parcial,62.82,0,1,0,1
707,2024-01-06,2024-03-10,64,5,3,0,estandar,desayuno,web_intermediaria,ES,flexible,sin_deposito,87.85,1,0,0,0
5844,2024-01-06,2024-03-10,64,5,4,0,superior,todo_incluido,web_intermediaria,DE,no_reembolsable,sin_deposito,130.37,0,0,0,1
2202,2024-01-06,2024-01-17,11,5,4,3,estandar,todo_incluido,directo,NL,no_reembolsable,sin_deposito,77.54,1,0,0,0
4361,2024-01-06,2024-09-05,243,4,2,1,estandar,desayuno,directo,,flexible,parcial,64.61,0,0,0,0
1807,2024-01-07,2024-03-20,73,7,2,0,superior,solo_alojamiento,agencia,ES,no_reembolsable,parcial,123.7,2,0,0,1
1175,2024-01-07,2024-03-29,82,3,3,2,familiar,desayuno,agencia,DE,flexible,total,156.0,0,0,0,0
3725,2024-01-07,2024-06-09,154,7,3,1,familiar,todo_incluido,directo,ES,flexible,sin_deposito,99.37,1,1,0,1
4768,2024-01-07,2024-02-11,35,6,2,0,superior,desayuno,agencia,UK,no_reembolsable,sin_deposito,119.12,0,0,0,1
1532,2024-01-07,2024-04-06,90,2,2,1,estandar,desayuno,web_intermediaria,ES,no_reembolsable,total,73.75,1,1,0,0
2443,2024-01-07,2024-03-10,63,9,2,3,superior,todo_incluido,web_intermediaria,DE,flexible,total,87.88,1,0,0,0
4131,2024-01-07,2024-03-26,79,10,3,3,superior,todo_incluido,directo,ES,no_reembolsable,sin_deposito,130.73,2,0,0,0
1070,2024-01-08,2024-02-19,42,3,2,2,estandar,desayuno,directo,ES,flexible,sin_deposito,89.37,2,0,0,1
303,2024-01-08,2024-04-03,86,4,1,2,estandar,desayuno,empresa,ES,flexible,total,78.19,0,0,0,1
4788,2024-01-08,2024-06-17,161,7,1,0,familiar,desayuno,directo,,flexible,sin_deposito,107.66,0,1,0,0
3799,2024-01-08,2024-05-01,114,6,2,0,superior,desayuno,web_intermediaria,Nordicos,flexible,sin_deposito,106.38,1,0,0,1
1763,2024-01-08,2024-03-03,55,7,2,0,estandar,todo_incluido,web_intermediaria,UK,flexible,sin_deposito,88.29,0,0,0,1
5603,2024-01-08,2024-04-18,101,6,4,0,superior,media_pension,web_intermediaria,UK,no_reembolsable,parcial,90.81,1,1,0,1
801,2024-01-09,2024-04-16,98,11,1,2,estandar,media_pension,web_intermediaria,DE,flexible,total,56.28,1,0,0,1
5880,2024-01-09,2024-04-12,94,6,3,0,superior,media_pension,web_intermediaria,DE,no_reembolsable,sin_deposito,97.63,0,0,0,1
3904,2024-01-09,2024-09-06,241,11,2,0,suite,desayuno,web_intermediaria,NL,no_reembolsable,parcial,148.26,0,0,0,1
5438,2024-01-09,2024-05-21,133,7,1,0,superior,desayuno,web_intermediaria,NL,flexible,sin_deposito,85.06,1,0,0,1
5916,2024-01-09,2024-02-01,23,3,4,0,estandar,desayuno,web_intermediaria,Nordicos,no_reembolsable,total,79.59,0,0,0,0
4393,2024-01-09,2024-02-16,38,7,3,0,superior,desayuno,web_intermediaria,ES,no_reembolsable,parcial,107.05,2,0,0,0
790,2024-01-09,2024-06-02,145,4,2,0,suite,media_pension,directo,UK,no_reembolsable,total,173.72,0,0,0,0
3822,2024-01-09,2024-06-03,146,3,2,0,familiar,desayuno,empresa,ES,flexible,parcial,96.24,0,0,0,1
1682,2024-01-10,2024-03-31,81,8,3,2,estandar,solo_alojamiento,empresa,otros,no_reembolsable,sin_deposito,81.69,1,1,0,1
5078,2024-01-10,2024-01-29,19,5,4,0,superior,desayuno,directo,UK,flexible,sin_deposito,115.43,0,0,0,1
3103,2024-01-11,2024-06-01,142,8,1,1,familiar,solo_alojamiento,web_intermediaria,IT,no_reembolsable,sin_deposito,103.24,1,1,2,1
1038,2024-01-11,2024-04-09,89,4,1,1,estandar,media_pension,web_intermediaria,ES,flexible,parcial,66.95,1,0,0,1
4046,2024-01-11,2024-08-03,205,3,2,0,estandar,media_pension,web_intermediaria,IT,no_reembolsable,sin_deposito,85.32,1,0,0,1
1121,2024-01-11,2024-05-16,126,4,3,0,superior,todo_incluido,agencia,otros,flexible,sin_deposito,100.06,1,0,0,1
410,2024-01-11,2024-03-01,50,5,3,2,familiar,solo_alojamiento,web_intermediaria,otros,no_reembolsable,parcial,128.27,0,0,0,0
4230,2024-01-11,2024-04-29,109,5,4,1,superior,media_pension,agencia,otros,flexible,parcial,94.16,0,1,0,0
839,2024-01-11,2024-04-07,87,5,2,0,estandar,todo_incluido,web_intermediaria,IT,flexible,sin_deposito,70.62,2,0,0,1
4931,2024-01-11,2024-04-06,86,9,2,0,estandar,desayuno,web_intermediaria,FR,flexible,parcial,74.81,0,0,0,1
889,2024-01-12,2024-05-17,126,7,2,0,superior,desayuno,directo,Nordicos,flexible,sin_deposito,94.5,1,0,0,1
3136,2024-01-12,2024-05-16,125,3,3,0,familiar,desayuno,web_intermediaria,ES,flexible,sin_deposito,103.5,0,0,0,1
5142,2024-01-12,2024-03-16,64,3,2,0,superior,media_pension,agencia,ES,no_reembolsable,total,112.05,1,0,0,0
4104,2024-01-12,2024-01-13,1,8,2,2,superior,desayuno,web_intermediaria,ES,no_reembolsable,sin_deposito,123.67,0,0,0,0
1624,2024-01-13,2024-02-21,39,3,2,0,estandar,media_pension,directo,UK,flexible,parcial,72.57,0,0,0,0
5068,2024-01-13,2024-05-04,112,2,3,3,superior,media_pension,directo,ES,no_reembolsable,total,100.52,0,0,0,0
4505,2024-01-13,2024-02-09,27,4,2,0,estandar,desayuno,agencia,ES,flexible,parcial,86.58,0,0,0,0
5745,2024-01-13,2024-01-21,8,7,2,3,estandar,desayuno,web_intermediaria,DE,flexible,parcial,87.35,1,1,0,0
1366,2024-01-13,2024-01-22,9,8,2,0,familiar,desayuno,directo,ES,flexible,sin_deposito,145.63,1,0,0,1
2975,2024-01-13,2024-01-29,16,6,2,0,suite,desayuno,agencia,otros,no_reembolsable,sin_deposito,184.16,0,0,0,0
3505,2024-01-13,2024-05-17,125,4,3,0,familiar,desayuno,directo,otros,flexible,parcial,102.46,1,0,0,0
1652,2024-01-14,2024-03-23,69,8,1,0,estandar,desayuno,agencia,IT,flexible,sin_deposito,81.71,0,0,0,1
4117,2024-01-14,2024-02-12,29,5,2,0,estandar,desayuno,empresa,ES,no_reembolsable,parcial,72.06,0,0,0,0
478,2024-01-14,2024-02-12,29,7,3,1,estandar,desayuno,web_intermediaria,UK,no_reembolsable,parcial,85.19,2,0,0,0
1594,2024-01-14,2024-02-05,22,9,2,1,familiar,todo_incluido,agencia,DE,no_reembolsable,sin_deposito,127.9,2,1,1,1
415,2024-01-14,2024-03-25,71,7,2,1,estandar,desayuno,agencia,NL,flexible,sin_deposito,78.78,1,0,0,0
3898,2024-01-14,2024-06-05,143,6,2,0,estandar,desayuno,agencia,ES,no_reembolsable,sin_deposito,74.18,1,1,0,0
4527,2024-01-14,2024-05-21,128,4,2,0,familiar,desayuno,web_intermediaria,otros,flexible,sin_deposito,111.88,1,0,0,1
3858,2024-01-14,2024-03-27,73,7,1,1,estandar,desayuno,web_intermediaria,DE,flexible,sin_deposito,76.82,0,0,0,1
5746,2024-01-15,2024-06-10,147,4,2,0,familiar,todo_incluido,web_intermediaria,Nordicos,flexible,sin_deposito,108.63,1,0,0,1
4563,2024-01-15,2024-05-06,112,4,4,0,estandar,desayuno,web_intermediaria,DE,no_reembolsable,parcial,74.57,0,0,0,1
233,2024-01-15,2024-04-25,101,8,2,0,estandar,desayuno,agencia,UK,no_reembolsable,parcial,70.42,0,0,0,0
2090,2024-01-15,2024-02-03,19,5,3,3,superior,media_pension,agencia,ES,flexible,sin_deposito,134.86,0,0,0,0
540,2024-01-16,2024-04-12,87,5,2,1,estandar,desayuno,web_intermediaria,UK,flexible,sin_deposito,71.04,0,0,0,1
4062,2024-01-16,2024-03-24,68,5,2,0,superior,todo_incluido,web_intermediaria,ES,no_reembolsable,total,130.79,0,0,0,1
5897,2024-01-16,2024-05-01,106,10,4,0,familiar,media_pension,web_intermediaria,NL,flexible,sin_deposito,103.01,1,0,0,0
1529,2024-01-16,2024-01-19,3,4,2,1,familiar,todo_incluido,agencia,UK,flexible,sin_deposito,154.24,1,0,0,1
3804,2024-01-16,2024-01-28,12,5,1,0,estandar,solo_alojamiento,web_intermediaria,ES,flexible,total,92.62,2,0,0,0
2171,2024-01-16,2024-04-03,78,7,2,2,estandar,media_pension,web_intermediaria,ES,flexible,sin_deposito,72.68,0,0,0,1
300,2024-01-16,2024-05-01,106,6,3,1,estandar,desayuno,empresa,NL,flexible,sin_deposito,75.81,0,1,2,0
5621,2024-01-16,2024-03-13,57,8,1,1,familiar,media_pension,web_intermediaria,DE,flexible,sin_deposito,132.46,1,0,0,1
3788,2024-01-16,2024-06-06,142,9,1,0,suite,desayuno,directo,otros,no_reembolsable,sin_deposito,178.48,0,1,0,0
5411,2024-01-16,2024-03-20,64,5,2,0,superior,todo_incluido,directo,UK,no_reembolsable,total,114.74,0,0,0,0
5035,2024-01-16,2024-01-30,14,5,2,0,estandar,media_pension,web_intermediaria,NL,no_reembolsable,sin_deposito,80.72,0,0,0,1
2138,2024-01-17,2024-02-04,18,5,2,0,estandar,media_pension,empresa,DE,no_reembolsable,sin_deposito,88.09,1,0,0,0
1167,2024-01-17,2024-05-06,110,4,2,0,estandar,todo_incluido,web_intermediaria,ES,no_reembolsable,sin_deposito,79.6,0,0,0,1
4076,2024-01-17,2024-08-23,219,4,1,0,superior,solo_alojamiento,directo,DE,flexible,parcial,121.8,0,0,0,0
369,2024-01-17,2024-01-26,9,5,1,0,suite,todo_incluido,web_intermediaria,ES,flexible,total,208.84,0,0,0,0
170,2024-01-17,2024-03-15,58,5,2,2,estandar,desayuno,directo,DE,flexible,parcial,81.54,1,0,0,0
272,2024-01-17,2024-06-27,162,1,2,3,estandar,desayuno,directo,Nordicos,no_reembolsable,sin_deposito,74.87,2,1,0,1
1744,2024-01-17,2024-09-20,247,2,2,0,superior,media_pension,agencia,NL,no_reembolsable,sin_deposito,82.44,2,0,0,1
3805,2024-01-17,2024-07-12,177,14,1,0,familiar,desayuno,agencia,UK,no_reembolsable,sin_deposito,134.91,0,0,0,1
821,2024-01-18,2024-04-22,95,5,2,1,estandar,solo_alojamiento,agencia,ES,no_reembolsable,sin_deposito,67.53,0,0,0,1
3119,2024-01-18,2024-02-19,32,8,3,1,estandar,desayuno,directo,,flexible,sin_deposito,90.1,0,0,0,0
2712,2024-01-18,2024-03-28,70,4,1,0,estandar,desayuno,directo,DE,flexible,parcial,75.48,1,1,0,0
2261,2024-01-18,2024-02-02,15,5,3,0,estandar,media_pension,directo,UK,no_reembolsable,sin_deposito,85.07,0,0,0,0
3947,2024-01-18,2024-06-01,135,7,2,0,estandar,todo_incluido,web_intermediaria,ES,flexible,parcial,71.1,0,0,0,1
3309,2024-01-18,2024-02-28,41,5,2,0,superior,todo_incluido,directo,NL,no_reembolsable,parcial,130.53,0,1,0,0
3442,2024-01-18,2024-05-06,109,7,3,0,estandar,media_pension,web_intermediaria,ES,flexible,parcial,61.37,0,0,0,1
4700,2024-01-18,2024-03-20,62,3,3,0,estandar,todo_incluido,web_intermediaria,UK,no_reembolsable,total,93.61,3,1,2,0
1783,2024-01-18,2024-05-01,104,7,2,1,estandar,media_pension,web_intermediaria,UK,no_reembolsable,sin_deposito,74.44,4,0,0,1
5774,2024-01-18,2024-03-13,55,5,2,0,estandar,todo_incluido,web_intermediaria,NL,no_reembolsable,parcial,88.03,0,0,0,1
5162,2024-01-19,2024-10-21,276,6,3,2,estandar,desayuno,agencia,ES,flexible,total,59.26,2,0,0,1
4913,2024-01-19,2024-03-05,46,6,2,0,superior,solo_alojamiento,web_intermediaria,ES,flexible,sin_deposito,112.44,0,0,0,1
1180,2024-01-19,2024-02-20,32,6,2,0,estandar,desayuno,web_intermediaria,UK,no_reembolsable,sin_deposito,89.85,0,0,0,0
5114,2024-01-19,2024-07-11,174,4,2,0,superior,solo_alojamiento,directo,UK,flexible,sin_deposito,127.53,0,0,0,0
1399,2024-01-19,2024-04-04,76,4,2,0,suite,desayuno,agencia,otros,flexible,sin_deposito,147.75,1,0,0,0
5405,2024-01-19,2024-06-16,149,3,4,0,estandar,solo_alojamiento,web_intermediaria,UK,flexible,sin_deposito,76.09,2,0,0,1
454,2024-01-19,2024-04-08,80,8,2,0,estandar,todo_incluido,web_intermediaria,ES,flexible,sin_deposito,68.68,0,0,0,1
4260,2024-01-19,2024-05-31,133,7,3,0,estandar,media_pension,agencia,IT,no_reembolsable,sin_deposito,70.56,1,0,0,0
3997,2024-01-19,2024-08-06,200,2,2,0,suite,media_pension,web_intermediaria,ES,no_reembolsable,parcial,172.54,0,0,0,1
429,2024-01-19,2024-05-15,117,6,4,0,estandar,solo_alojamiento,directo,UK,flexible,sin_deposito,68.58,0,1,0,0
5529,2024-01-20,2024-03-01,41,5,2,0,suite,desayuno,web_intermediaria,DE,flexible,parcial,203.68,0,0,0,0
3486,2024-01-20,2024-03-26,66,4,3,0,familiar,media_pension,web_intermediaria,UK,flexible,sin_deposito,153.9,1,0,0,0
2410,2024-01-20,2024-03-08,48,4,3,0,estandar,todo_incluido,web_intermediaria,ES,flexible,sin_deposito,86.44,1,0,0,1
2469,2024-01-20,2024-03-05,45,3,2,0,superior,todo_incluido,directo,UK,no_reembolsable,sin_deposito,86.37,1,0,0,0
2223,2024-01-20,2024-04-16,87,7,2,0,familiar,desayuno,empresa,DE,flexible,parcial,91.95,0,0,0,0
4645,2024-01-20,2024-04-10,81,6,1,1,estandar,media_pension,agencia,ES,flexible,sin_deposito,73.21,1,0,0,0
2636,2024-01-20,2024-05-03,104,1,3,0,familiar,media_pension,web_intermediaria,DE,no_reembolsable,sin_deposito,115.09,2,0,0,0
2329,2024-01-20,2024-04-04,75,5,2,0,superior,media_pension,directo,otros,no_reembolsable,total,98.2,0,0,0,0
5630,2024-01-21,2024-02-09,19,5,2,0,estandar,desayuno,web_intermediaria,ES,flexible,sin_deposito,83.67,1,0,0,0
4715,2024-01-21,2024-03-26,65,8,2,0,estandar,desayuno,web_intermediaria,IT,no_reembolsable,sin_deposito,80.57,1,0,0,1
4535,2024-01-22,2024-05-09,108,9,3,2,estandar,desayuno,web_intermediaria,IT,flexible,parcial,71.68,1,0,0,0
3537,2024-01-22,2024-03-31,69,8,2,0,superior,desayuno,web_intermediaria,ES,flexible,sin_deposito,122.15,1,0,0,1
1944,2024-01-22,2024-04-23,92,6,4,0,superior,solo_alojamiento,web_intermediaria,ES,no_reembolsable,sin_deposito,105.18,1,0,0,1
830,2024-01-22,2024-03-27,65,7,2,2,superior,desayuno,directo,UK,no_reembolsable,total,121.45,0,1,0,0
1590,2024-01-22,2024-07-19,179,5,2,0,estandar,solo_alojamiento,web_intermediaria,otros,no_reembolsable,total,79.67,1,0,0,1
5429,2024-01-22,2024-03-09,47,4,2,0,estandar,desayuno,agencia,DE,no_reembolsable,sin_deposito,92.33,0,0,0,0
1493,2024-01-22,2024-08-23,214,8,2,2,familiar,solo_alojamiento,web_intermediaria,ES,flexible,total,147.56,0,1,1,1
1300,2024-01-22,2024-03-28,66,2,2,0,superior,desayuno,web_intermediaria,ES,flexible,sin_deposito,128.69,1,0,0,1
4160,2024-01-23,2024-03-01,38,1,2,0,suite,desayuno,web_intermediaria,UK,no_reembolsable,sin_deposito,186.18,1,0,0,0
2951,2024-01-23,2024-05-07,105,3,2,0,suite,desayuno,web_intermediaria,NL,no_reembolsable,total,155.83,2,0,0,0
1869,2024-01-23,2024-10-10,261,4,2,0,superior,todo_incluido,web_intermediaria,otros,no_reembolsable,sin_deposito,90.38,1,0,0,1
3458,2024-01-23,2024-10-05,256,3,2,0,superior,solo_alojamiento,agencia,UK,no_reembolsable,sin_deposito,106.88,0,0,0,0
138,2024-01-23,2024-03-10,47,5,2,0,superior,desayuno,web_intermediaria,Nordicos,flexible,sin_deposito,128.05,0,0,0,1
1536,2024-01-23,2024-04-21,89,7,2,1,estandar,desayuno,directo,DE,no_reembolsable,parcial,73.21,1,0,0,0
2559,2024-01-23,2024-04-19,87,4,4,0,estandar,desayuno,web_intermediaria,ES,flexible,sin_deposito,67.38,2,0,0,1
4531,2024-01-23,2024-04-23,91,8,2,0,suite,todo_incluido,directo,IT,flexible,parcial,149.12,0,0,0,1
5120,2024-01-23,2024-04-01,69,3,2,0,estandar,media_pension,directo,ES,flexible,parcial,66.65,0,0,0,1
4642,2024-01-24,2024-03-30,66,4,2,3,suite,solo_alojamiento,directo,UK,flexible,parcial,195.39,2,0,0,1
4244,2024-01-24,2024-02-05,12,6,2,0,superior,todo_incluido,agencia,ES,flexible,parcial,123.17,0,0,0,0
5210,2024-01-24,2024-02-02,9,3,2,0,superior,desayuno,agencia,UK,flexible,total,125.06,1,0,0,0
3682,2024-01-24,2024-06-08,136,3,3,0,estandar,solo_alojamiento,web_intermediaria,DE,no_reembolsable,parcial,78.38,1,0,0,0
4036,2024-01-24,2024-07-03,161,5,1,0,estandar,desayuno,web_intermediaria,DE,flexible,total,91.91,0,0,0,1
787,2024-01-24,2024-05-19,116,5,3,0,superior,media_pension,web_intermediaria,Nordicos,flexible,sin_deposito,102.87,0,0,0,0
2499,2024-01-24,2024-02-07,14,7,2,0,estandar,desayuno,web_intermediaria,UK,flexible,sin_deposito,94.1,1,0,0,1
2263,2024-01-24,2024-04-17,84,4,3,0,estandar,desayuno,web_intermediaria,DE,flexible,sin_deposito,74.96,0,0,0,1
385,2024-01-24,2024-03-26,62,8,2,2,estandar,media_pension,web_intermediaria,ES,flexible,parcial,93.88,2,0,0,0
5396,2024-01-24,2024-03-05,41,3,1,0,estandar,desayuno,web_intermediaria,ES,no_reembolsable,sin_deposito,82.32,0,0,0,0
5002,2024-01-25,2024-03-21,56,7,3,1,familiar,desayuno,directo,IT,flexible,parcial,133.78,2,0,0,0
5467,2024-01-25,2024-04-06,72,5,2,0,estandar,desayuno,web_intermediaria,otros,no_reembolsable,sin_deposito,68.41,0,0,0,1
4275,2024-01-25,2024-06-30,157,4,2,0,estandar,desayuno,directo,,flexible,sin_deposito,75.46,1,1,0,0
5500,2024-01-25,2024-03-17,52,6,2,0,estandar,todo_incluido,web_intermediaria,DE,flexible,sin_deposito,91.6,1,0,0,1
4304,2024-01-25,2024-05-07,103,3,2,0,estandar,solo_alojamiento,web_intermediaria,DE,flexible,total,67.2,1,0,0,0
2866,2024-01-26,2024-02-27,32,3,2,0,estandar,todo_incluido,web_intermediaria,ES,flexible,total,98.88,0,0,0,0
5838,2024-01-26,2024-02-09,14,2,2,0,estandar,desayuno,agencia,UK,flexible,sin_deposito,100.75,0,0,0,1
2322,2024-01-26,2024-10-10,258,3,2,0,estandar,media_pension,empresa,ES,no_reembolsable,parcial,74.18,0,1,2,1
4003,2024-01-26,2024-09-22,240,7,1,0,superior,desayuno,web_intermediaria,UK,flexible,sin_deposito,86.4,0,0,0,1
5503,2024-01-26,2024-05-14,109,7,2,0,estandar,todo_incluido,agencia,UK,flexible,sin_deposito,72.54,0,0,0,1
5069,2024-01-26,2024-06-25,151,10,2,0,estandar,solo_alojamiento,web_intermediaria,otros,no_reembolsable,sin_deposito,63.35,0,0,0,0
3320,2024-01-26,2024-08-21,208,7,2,0,superior,todo_incluido,directo,ES,no_reembolsable,sin_deposito,109.99,1,0,0,0
147,2024-01-26,2024-04-06,71,6,1,2,estandar,desayuno,empresa,ES,no_reembolsable,sin_deposito,65.95,0,0,0,1
1683,2024-01-26,2024-02-21,26,3,2,0,superior,media_pension,agencia,IT,flexible,sin_deposito,125.99,1,0,0,1
663,2024-01-26,2024-03-17,51,4,3,1,estandar,desayuno,agencia,UK,flexible,total,87.8,0,0,0,1
970,2024-01-27,2024-03-01,34,11,2,2,estandar,desayuno,agencia,UK,no_reembolsable,sin_deposito,86.62,1,0,0,1
844,2024-01-27,2024-09-02,219,5,2,0,estandar,media_pension,directo,IT,flexible,sin_deposito,65.44,1,0,0,1
1266,2024-01-27,2024-02-07,11,6,2,0,suite,media_pension,web_intermediaria,DE,flexible,sin_deposito,197.88,0,0,0,1
4552,2024-01-27,2024-02-19,23,10,1,2,superior,desayuno,empresa,ES,no_reembolsable,parcial,129.11,1,1,1,0
4945,2024-01-27,2024-04-11,75,4,2,0,estandar,todo_incluido,agencia,UK,no_reembolsable,total,58.63,1,0,0,0
1909,2024-01-27,2024-04-07,71,5,1,0,superior,todo_incluido,web_intermediaria,otros,flexible,sin_deposito,98.48,0,0,0,1
4299,2024-01-27,2024-05-10,104,6,2,0,estandar,solo_alojamiento,agencia,FR,no_reembolsable,total,66.13,0,0,0,0
2764,2024-01-27,2024-04-16,80,2,2,0,estandar,desayuno,web_intermediaria,NL,flexible,total,60.64,0,0,0,1
1446,2024-01-27,2024-04-28,92,4,2,0,estandar,desayuno,web_intermediaria,NL,no_reembolsable,sin_deposito,71.99,1,0,0,0
5740,2024-01-27,2024-03-01,34,5,2,0,estandar,solo_alojamiento,web_intermediaria,ES,flexible,parcial,87.74,0,0,0,0
328,2024-01-28,2024-07-30,184,5,1,2,estandar,media_pension,agencia,UK,flexible,sin_deposito,83.79,2,0,0,1
117,2024-01-28,2024-03-12,44,5,1,0,superior,desayuno,web_intermediaria,DE,flexible,sin_deposito,131.77,0,0,0,0
3633,2024-01-28,2024-04-09,72,6,2,1,estandar,media_pension,web_intermediaria,NL,no_reembolsable,sin_deposito,76.14,1,0,0,1
4969,2024-01-28,2024-04-02,65,8,2,0,estandar,solo_alojamiento,directo,ES,flexible,parcial,81.52,0,0,0,1
3755,2024-01-28,2024-05-22,115,7,2,1,estandar,todo_incluido,agencia,otros,no_reembolsable,total,68.19,0,0,0,0
3545,2024-01-28,2024-05-30,123,5,2,0,superior,media_pension,web_intermediaria,UK,no_reembolsable,sin_deposito,98.23,2,0,0,1
2203,2024-01-29,2024-03-25,56,5,2,1,estandar,todo_incluido,web_intermediaria,NL,no_reembolsable,sin_deposito,95.97,0,0,0,0
2630,2024-01-29,2024-06-12,135,5,2,1,superior,solo_alojamiento,directo,DE,no_reembolsable,sin_deposito,84.82,2,0,0,0
4458,2024-01-29,2024-03-05,36,6,2,0,familiar,media_pension,web_intermediaria,DE,flexible,sin_deposito,121.04,1,0,0,1
3240,2024-01-29,2024-03-03,34,7,2,0,superior,media_pension,agencia,UK,flexible,sin_deposito,123.1,0,0,0,1
4592,2024-01-29,2024-03-17,48,2,1,0,superior,media_pension,web_intermediaria,ES,flexible,total,103.66,0,0,0,0
4236,2024-01-29,2024-02-07,9,4,1,0,estandar,desayuno,web_intermediaria,,no_reembolsable,sin_deposito,80.09,1,0,0,0
4194,2024-01-29,2024-03-31,62,3,3,2,superior,desayuno,agencia,UK,no_reembolsable,sin_deposito,110.67,0,0,0,0
1452,2024-01-30,2024-03-24,54,5,2,2,estandar,solo_alojamiento,empresa,UK,no_reembolsable,sin_deposito,82.3,1,1,1,1
870,2024-01-30,2024-06-09,131,8,3,0,familiar,solo_alojamiento,directo,NL,flexible,sin_deposito,113.62,0,1,0,0
2772,2024-01-30,2024-04-16,77,4,2,0,estandar,desayuno,web_intermediaria,UK,flexible,sin_deposito,79.68,2,0,0,1
2881,2024-01-30,2024-02-16,17,5,2,0,superior,media_pension,web_intermediaria,UK,no_reembolsable,total,111.14,0,1,0,1
5628,2024-01-30,2024-08-13,196,8,3,2,estandar,desayuno,web_intermediaria,DE,no_reembolsable,sin_deposito,74.0,0,0,0,1
2038,2024-01-30,2024-04-23,84,6,4,0,suite,desayuno,web_intermediaria,UK,no_reembolsable,sin_deposito,172.92,0,0,0,0
4751,2024-01-30,2024-03-19,49,6,2,0,estandar,todo_incluido,web_intermediaria,IT,flexible,sin_deposito,93.02,2,0,0,0
1240,2024-01-30,2024-04-29,90,4,1,0,suite,solo_alojamiento,agencia,ES,no_reembolsable,sin_deposito,173.74,0,0,0,0
2728,2024-01-30,2024-03-08,38,6,3,0,estandar,media_pension,directo,ES,flexible,sin_deposito,87.16,0,0,0,0
1099,2024-01-31,2024-05-16,106,4,2,0,estandar,todo_incluido,empresa,UK,no_reembolsable,sin_deposito,71.11,0,0,0,0
4320,2024-01-31,2024-03-02,31,6,1,0,estandar,desayuno,web_intermediaria,UK,no_reembolsable,parcial,91.16,0,0,0,0
4189,2024-01-31,2024-05-30,120,6,2,0,estandar,desayuno,agencia,DE,flexible,sin_deposito,64.85,0,0,0,0
1019,2024-01-31,2024-03-25,54,5,4,0,superior,desayuno,web_intermediaria,DE,flexible,sin_deposito,120.32,0,0,0,1
4092,2024-01-31,2024-02-21,21,2,2,0,superior,solo_alojamiento,agencia,Nordicos,flexible,sin_deposito,124.89,0,0,0,0
250,2024-01-31,2024-02-23,23,4,2,0,estandar,desayuno,web_intermediaria,ES,no_reembolsable,parcial,94.78,0,0,0,0
902,2024-01-31,2024-04-06,66,7,2,1,estandar,desayuno,agencia,Nordicos,flexible,sin_deposito,66.57,0,0,0,0
5134,2024-01-31,2024-04-08,68,4,2,0,superior,desayuno,directo,UK,flexible,sin_deposito,88.26,1,0,0,0
2339,2024-02-01,2024-05-07,96,7,2,0,familiar,todo_incluido,directo,UK,no_reembolsable,total,102.32,0,0,0,0
562,2024-02-01,2024-04-27,86,8,1,0,estandar,media_pension,empresa,DE,no_reembolsable,sin_deposito,78.52,0,0,0,1
3880,2024-02-01,2024-02-26,25,6,3,0,estandar,todo_incluido,empresa,IT,no_reembolsable,parcial,84.83,1,0,0,0
817,2024-02-01,2024-02-02,1,7,2,1,estandar,todo_incluido,agencia,NL,flexible,total,86.75,1,0,0,0
56,2024-02-01,2024-03-27,55,4,2,2,estandar,todo_incluido,directo,ES,flexible,sin_deposito,90.64,1,1,0,0
4596,2024-02-01,2024-02-15,14,7,4,3,estandar,media_pension,empresa,ES,flexible,sin_deposito,86.07,0,0,0,1
1871,2024-02-01,2024-05-23,112,8,2,0,estandar,media_pension,agencia,UK,no_reembolsable,sin_deposito,72.61,0,0,0,0
4776,2024-02-02,2024-07-06,155,5,2,1,familiar,desayuno,empresa,NL,flexible,parcial,134.1,0,0,0,0
811,2024-02-02,2024-09-22,233,7,4,0,superior,todo_incluido,web_intermediaria,DE,flexible,sin_deposito,101.32,0,0,0,1
5622,2024-02-02,2024-03-17,44,6,2,1,suite,solo_alojamiento,empresa,IT,no_reembolsable,parcial,188.22,0,0,0,0
2780,2024-02-02,2024-02-11,9,6,1,0,superior,media_pension,directo,UK,no_reembolsable,parcial,110.07,0,1,0,0
1110,2024-02-02,2024-04-17,75,5,4,3,superior,solo_alojamiento,directo,otros,no_reembolsable,sin_deposito,108.47,0,0,0,0
352,2024-02-02,2024-02-23,21,5,3,1,familiar,desayuno,directo,UK,flexible,sin_deposito,133.48,1,0,0,0
2522,2024-02-02,2024-05-08,96,3,2,0,estandar,todo_incluido,empresa,IT,flexible,parcial,79.28,0,0,0,0
1806,2024-02-02,2024-03-26,53,8,2,0,familiar,todo_incluido,agencia,Nordicos,flexible,sin_deposito,128.27,0,0,0,0
4551,2024-02-02,2024-03-16,43,5,4,0,familiar,desayuno,directo,ES,no_reembolsable,parcial,138.16,2,0,0,0
2371,2024-02-02,2024-05-20,108,6,2,2,suite,solo_alojamiento,agencia,UK,no_reembolsable,total,163.92,1,0,0,0
397,2024-02-02,2024-05-02,90,4,2,0,superior,media_pension,directo,UK,flexible,sin_deposito,87.07,1,0,0,1
4269,2024-02-02,2024-03-21,48,7,1,0,suite,desayuno,web_intermediaria,DE,flexible,sin_deposito,207.5,0,0,0,1
3871,2024-02-03,2024-06-13,131,4,1,1,estandar,todo_incluido,empresa,FR,flexible,parcial,78.76,0,0,0,1
5680,2024-02-03,2024-07-02,150,14,2,0,estandar,todo_incluido,directo,DE,flexible,sin_deposito,97.52,0,0,0,0
3013,2024-02-03,2024-03-17,43,5,2,0,estandar,desayuno,web_intermediaria,otros,flexible,sin_deposito,87.22,1,1,0,0
3363,2024-02-03,2024-08-11,190,3,2,1,superior,desayuno,directo,DE,flexible,sin_deposito,116.33,1,0,0,1
4127,2024-02-03,2024-03-30,56,4,2,0,superior,desayuno,empresa,IT,flexible,sin_deposito,117.03,1,0,0,1
3852,2024-02-03,2024-04-18,75,4,3,0,estandar,todo_incluido,web_intermediaria,UK,flexible,sin_deposito,68.22,2,0,0,1
1463,2024-02-04,2024-07-03,150,5,1,0,estandar,desayuno,directo,,flexible,sin_deposito,97.06,1,0,0,1
5093,2024-02-04,2024-04-24,80,3,2,0,estandar,media_pension,web_intermediaria,ES,no_reembolsable,sin_deposito,64.85,1,0,0,1
1526,2024-02-04,2024-03-22,47,4,4,1,estandar,todo_incluido,agencia,UK,flexible,sin_deposito,83.14,0,1,1,0
1781,2024-02-04,2024-04-26,82,7,2,0,familiar,todo_incluido,web_intermediaria,ES,flexible,total,111.25,0,0,0,1
4022,2024-02-04,2024-10-13,252,6,1,1,estandar,desayuno,web_intermediaria,otros,no_reembolsable,sin_deposito,71.36,1,0,0,1
4770,2024-02-04,2024-04-07,63,9,2,1,estandar,todo_incluido,empresa,DE,flexible,parcial,68.5,2,0,0,1
5548,2024-02-05,2024-06-29,145,6,2,2,familiar,desayuno,agencia,NL,flexible,sin_deposito,110.45,3,0,0,1
1270,2024-02-05,2024-03-07,31,9,2,1,familiar,desayuno,agencia,IT,flexible,parcial,128.6,0,0,0,0
2884,2024-02-05,2024-08-03,180,7,2,0,estandar,todo_incluido,directo,IT,no_reembolsable,parcial,78.96,0,1,1,0
4329,2024-02-05,2024-02-15,10,8,3,2,estandar,desayuno,directo,DE,flexible,sin_deposito,91.79,0,0,0,1
4894,2024-02-05,2024-05-20,105,4,1,0,estandar,todo_incluido,directo,ES,flexible,sin_deposito,80.46,0,0,0,1
1286,2024-02-05,2024-03-21,45,8,3,0,estandar,media_pension,web_intermediaria,otros,no_reembolsable,total,100.04,1,0,0,0
574,2024-02-05,2024-03-28,52,2,1,0,estandar,desayuno,web_intermediaria,UK,flexible,parcial,83.53,0,0,0,0
1518,2024-02-05,2024-09-03,211,7,2,0,superior,todo_incluido,web_intermediaria,otros,flexible,parcial,104.43,1,0,0,1
1642,2024-02-06,2024-07-04,149,8,1,0,estandar,desayuno,agencia,UK,flexible,parcial,83.81,0,0,0,1
2412,2024-02-06,2024-03-04,27,5,2,0,estandar,desayuno,agencia,UK,flexible,parcial,93.65,0,0,0,0
699,2024-02-06,2024-05-30,114,2,2,3,estandar,media_pension,web_intermediaria,Nordicos,flexible,sin_deposito,71.61,0,0,0,1
3338,2024-02-06,2024-06-30,145,3,1,0,suite,solo_alojamiento,empresa,UK,flexible,parcial,120.33,0,0,0,1
5055,2024-02-06,2024-03-15,38,5,2,0,estandar,desayuno,directo,UK,no_reembolsable,parcial,86.88,1,1,1,1
5991,2024-02-06,2024-05-14,98,8,2,0,superior,media_pension,web_intermediaria,ES,flexible,parcial,102.75,0,0,0,1
4347,2024-02-06,2024-03-30,53,5,1,0,estandar,desayuno,directo,otros,flexible,sin_deposito,88.97,0,0,0,0
1976,2024-02-06,2024-03-07,30,4,2,0,familiar,media_pension,agencia,UK,flexible,sin_deposito,136.37,1,0,0,0
4952,2024-02-06,2024-05-21,105,6,2,0,estandar,media_pension,directo,otros,no_reembolsable,parcial,62.39,0,1,1,0
1464,2024-02-07,2024-06-05,119,10,2,2,estandar,desayuno,web_intermediaria,UK,flexible,parcial,64.93,2,0,0,0
2278,2024-02-07,2024-03-25,47,4,1,0,superior,todo_incluido,directo,DE,no_reembolsable,sin_deposito,117.13,0,0,0,1
1453,2024-02-07,2024-03-05,27,5,2,0,estandar,todo_incluido,directo,UK,no_reembolsable,parcial,71.07,0,0,0,0
848,2024-02-07,2024-06-22,136,3,2,0,estandar,media_pension,agencia,UK,flexible,sin_deposito,74.04,0,0,0,1
2972,2024-02-07,2024-05-30,113,4,2,1,superior,todo_incluido,web_intermediaria,DE,no_reembolsable,sin_deposito,89.73,1,0,0,0
3617,2024-02-07,2024-02-21,14,3,2,0,estandar,desayuno,web_intermediaria,UK,flexible,sin_deposito,95.68,0,0,0,1
2505,2024-02-07,2024-06-04,118,11,2,0,superior,desayuno,directo,UK,no_reembolsable,parcial,104.22,1,0,0,1
4341,2024-02-07,2024-05-08,91,5,3,0,estandar,desayuno,directo,,flexible,sin_deposito,65.57,0,0,0,0
3464,2024-02-07,2024-04-19,72,5,2,0,familiar,desayuno,web_intermediaria,ES,no_reembolsable,sin_deposito,121.95,0,0,0,1
1653,2024-02-07,2024-04-13,66,8,4,0,familiar,todo_incluido,directo,Nordicos,no_reembolsable,sin_deposito,113.84,1,1,0,0
4724,2024-02-07,2024-05-13,96,10,4,1,familiar,desayuno,web_intermediaria,NL,no_reembolsable,sin_deposito,111.7,0,0,0,0
5219,2024-02-07,2024-12-26,323,7,2,0,superior,desayuno,web_intermediaria,ES,flexible,parcial,111.25,0,0,0,1
584,2024-02-07,2024-08-22,197,8,2,0,superior,todo_incluido,web_intermediaria,UK,no_reembolsable,total,108.24,1,0,0,0
4986,2024-02-07,2024-03-17,39,6,4,0,superior,desayuno,web_intermediaria,NL,flexible,parcial,110.91,1,0,0,0
4120,2024-02-07,2024-04-05,58,6,2,1,estandar,media_pension,empresa,UK,flexible,total,67.99,1,0,0,0
887,2024-02-08,2024-06-18,131,10,2,0,superior,desayuno,agencia,DE,flexible,parcial,98.76,2,0,0,0
5012,2024-02-08,2024-06-09,122,4,4,0,superior,todo_incluido,web_intermediaria,DE,flexible,sin_deposito,95.96,0,0,0,1
546,2024-02-08,2024-06-02,115,6,2,0,estandar,desayuno,agencia,UK,no_reembolsable,sin_deposito,68.2,2,0,0,0
2314,2024-02-08,2024-05-23,105,6,4,1,suite,desayuno,agencia,otros,no_reembolsable,sin_deposito,134.73,2,0,0,0
2618,2024-02-08,2024-07-16,159,7,2,1,suite,desayuno,web_intermediaria,UK,no_reembolsable,total,195.73,1,1,1,0
1983,2024-02-09,2024-03-09,29,5,3,0,estandar,media_pension,directo,ES,flexible,total,87.82,0,0,0,0
5646,2024-02-09,2024-04-21,72,12,3,0,familiar,todo_incluido,agencia,Nordicos,flexible,sin_deposito,97.95,0,0,0,1
898,2024-02-09,2024-04-21,72,3,3,0,superior,desayuno,web_intermediaria,UK,flexible,parcial,110.86,0,0,0,0
1026,2024-02-10,2024-06-03,114,5,2,2,estandar,solo_alojamiento,web_intermediaria,DE,flexible,total,70.64,0,0,0,1
2488,2024-02-10,2024-03-21,40,6,2,0,estandar,todo_incluido,agencia,otros,no_reembolsable,total,90.62,1,1,0,0
1267,2024-02-10,2024-06-06,117,4,1,0,superior,desayuno,web_intermediaria,Nordicos,flexible,parcial,107.49,0,1,0,1
542,2024-02-10,2024-03-15,34,2,4,1,estandar,desayuno,directo,,no_reembolsable,sin_deposito,90.37,2,0,0,0
1021,2024-02-10,2024-04-15,65,5,2,0,superior,desayuno,web_intermediaria,ES,no_reembolsable,parcial,87.04,0,0,0,0
3452,2024-02-10,2024-04-13,63,6,2,0,superior,desayuno,web_intermediaria,ES,no_reembolsable,sin_deposito,82.42,1,0,0,0
5017,2024-02-10,2024-04-27,77,7,2,0,familiar,solo_alojamiento,web_intermediaria,DE,flexible,sin_deposito,93.42,1,0,0,1
5537,2024-02-10,2024-03-15,34,5,2,1,familiar,desayuno,web_intermediaria,otros,no_reembolsable,sin_deposito,125.44,0,0,0,1
3800,2024-02-10,2024-03-28,47,5,3,1,familiar,todo_incluido,web_intermediaria,Nordicos,flexible,parcial,122.09,0,1,0,0
4855,2024-02-10,2024-06-15,126,6,2,0,suite,desayuno,empresa,UK,flexible,sin_deposito,149.1,0,0,0,1
4185,2024-02-10,2024-04-07,57,2,3,2,suite,media_pension,web_intermediaria,otros,no_reembolsable,sin_deposito,161.34,0,0,0,1
3781,2024-02-11,2024-04-14,63,9,2,0,estandar,media_pension,web_intermediaria,DE,no_reembolsable,total,66.54,1,1,1,0
1979,2024-02-11,2024-07-04,144,9,3,0,superior,media_pension,web_intermediaria,DE,no_reembolsable,parcial,124.16,2,0,0,0
858,2024-02-11,2024-04-25,74,4,2,0,estandar,desayuno,web_intermediaria,otros,flexible,sin_deposito,62.88,0,0,0,1
3357,2024-02-11,2024-02-24,13,7,3,0,estandar,todo_incluido,directo,ES,flexible,sin_deposito,93.2,0,0,0,1
5475,2024-02-11,2024-05-18,97,10,1,2,suite,desayuno,agencia,DE,flexible,parcial,188.74,1,0,0,0
1801,2024-02-11,2024-02-29,18,6,3,0,estandar,solo_alojamiento,web_intermediaria,ES,no_reembolsable,total,83.04,0,0,0,0
5653,2024-02-11,2024-02-23,12,2,2,0,superior,desayuno,directo,NL,flexible,sin_deposito,112.94,2,0,0,0
4702,2024-02-11,2024-03-30,48,8,2,0,estandar,solo_alojamiento,directo,IT,no_reembolsable,total,85.23,0,0,0,0
3509,2024-02-12,2024-04-23,71,5,2,0,superior,desayuno,web_intermediaria,ES,no_reembolsable,sin_deposito,104.8,1,1,0,0
5816,2024-02-12,2024-05-25,103,5,2,0,estandar,desayuno,directo,ES,flexible,sin_deposito,69.91,1,1,0,0
2657,2024-02-12,2024-05-29,107,8,3,1,estandar,media_pension,web_intermediaria,UK,flexible,sin_deposito,64.27,1,0,0,1
4518,2024-02-12,2024-05-20,98,3,3,0,superior,solo_alojamiento,web_intermediaria,ES,flexible,sin_deposito,89.05,0,0,0,1
1136,2024-02-12,2024-04-15,63,4,1,0,estandar,media_pension,agencia,DE,flexible,parcial,75.14,2,1,0,0
4893,2024-02-12,2024-04-01,49,3,3,0,familiar,todo_incluido,empresa,ES,no_reembolsable,sin_deposito,106.89,0,0,0,0
4388,2024-02-12,2024-05-05,83,6,3,1,suite,desayuno,web_intermediaria,ES,flexible,parcial,153.6,2,0,0,0
3184,2024-02-12,2024-05-16,94,2,1,3,estandar,desayuno,web_intermediaria,UK,flexible,sin_deposito,73.68,1,0,0,0
150,2024-02-12,2024-08-31,201,6,1,2,estandar,media_pension,web_intermediaria,UK,flexible,total,90.87,1,0,0,1
2460,2024-02-13,2024-03-31,47,3,1,0,estandar,todo_incluido,agencia,ES,no_reembolsable,total,79.75,1,1,0,0
5850,2024-02-13,2024-06-23,131,6,2,3,suite,desayuno,directo,IT,flexible,sin_deposito,167.45,0,0,0,0
3113,2024-02-13,2024-06-30,138,4,2,3,suite,desayuno,web_intermediaria,ES,flexible,parcial,179.38,2,0,0,0
1615,2024-02-13,2024-03-14,30,3,4,2,superior,media_pension,web_intermediaria,ES,flexible,sin_deposito,102.45,2,0,0,0
4873,2024-02-13,2024-09-26,226,3,3,1,suite,todo_incluido,directo,Nordicos,flexible,sin_deposito,183.31,0,0,0,1
4861,2024-02-13,2024-02-23,10,5,2,0,suite,todo_incluido,agencia,ES,flexible,parcial,174.05,0,0,0,0
5257,2024-02-13,2024-06-22,130,7,2,0,estandar,solo_alojamiento,directo,UK,flexible,parcial,76.24,4,0,0,0
3189,2024-02-13,2024-03-29,45,5,1,0,estandar,todo_incluido,directo,ES,flexible,sin_deposito,94.9,1,1,0,0
2788,2024-02-13,2024-05-16,93,7,2,0,estandar,media_pension,agencia,otros,flexible,sin_deposito,67.28,0,0,0,0
5385,2024-02-14,2024-06-04,111,5,2,0,estandar,desayuno,empresa,FR,flexible,total,63.48,1,0,0,0
2373,2024-02-14,2024-04-05,51,7,3,0,estandar,desayuno,directo,UK,flexible,sin_deposito,58.84,0,0,0,0
4484,2024-02-14,2024-09-06,205,4,3,0,estandar,desayuno,directo,UK,flexible,parcial,67.22,0,0,0,0
619,2024-02-14,2024-05-20,96,4,1,0,superior,todo_incluido,empresa,DE,flexible,sin_deposito,83.38,0,0,0,0
3919,2024-02-14,2024-03-14,29,6,2,0,suite,desayuno,web_intermediaria,otros,flexible,total,230.06,1,0,0,0
1351,2024-02-14,2024-05-25,101,6,1,0,suite,desayuno,web_intermediaria,ES,no_reembolsable,parcial,161.72,0,1,0,0
5606,2024-02-14,2024-03-26,41,6,2,0,estandar,todo_incluido,web_intermediaria,UK,no_reembolsable,total,95.3,0,0,0,0
5974,2024-02-14,2024-03-12,27,5,2,0,estandar,desayuno,web_intermediaria,DE,flexible,parcial,84.05,0,1,0,0
3533,2024-02-14,2024-06-01,108,5,1,0,estandar,desayuno,web_intermediaria,DE,no_reembolsable,sin_deposito,67.12,0,0,0,0
1889,2024-02-14,2024-03-16,31,4,3,0,estandar,media_pension,agencia,ES,flexible,parcial,79.74,1,0,0,0
2982,2024-02-14,2024-06-16,123,5,3,0,superior,media_pension,web_intermediaria,ES,no_reembolsable,sin_deposito,100.3,1,0,0,1
1411,2024-02-14,2024-02-25,11,5,1,0,superior,todo_incluido,directo,ES,flexible,parcial,116.52,0,0,0,0
3501,2024-02-14,2024-03-07,22,4,2,0,suite,desayuno,web_intermediaria,NL,flexible,sin_deposito,204.6,0,0,0,0
1470,2024-02-14,2024-04-05,51,4,2,0,familiar,solo_alojamiento,web_intermediaria,otros,no_reembolsable,sin_deposito,114.37,0,0,0,1
4737,2024-02-14,2024-03-22,37,4,2,1,estandar,media_pension,directo,DE,flexible,sin_deposito,92.15,1,0,0,0
2525,2024-02-15,2024-02-25,10,3,4,0,estandar,todo_incluido,directo,UK,flexible,sin_deposito,80.41,0,0,0,0
2002,2024-02-15,2024-04-19,64,14,2,0,superior,media_pension,web_intermediaria,ES,flexible,total,85.9,1,0,0,0
36,2024-02-16,2024-03-03,16,5,2,1,superior,desayuno,web_intermediaria,DE,no_reembolsable,parcial,109.02,0,0,0,0
2129,2024-02-16,2024-04-21,65,11,2,2,superior,desayuno,agencia,FR,flexible,sin_deposito,92.43,1,0,0,1
5696,2024-02-16,2024-03-16,29,4,4,0,estandar,desayuno,web_intermediaria,DE,flexible,total,88.61,1,0,0,1
2888,2024-02-16,2024-04-23,67,7,2,0,suite,todo_incluido,directo,otros,no_reembolsable,parcial,141.29,0,1,2,0
2804,2024-02-16,2024-03-11,24,2,1,2,superior,desayuno,agencia,ES,flexible,total,131.05,1,0,0,0
3798,2024-02-17,2024-04-23,66,3,2,0,superior,todo_incluido,agencia,UK,flexible,sin_deposito,98.23,1,0,0,1
2331,2024-02-17,2024-03-14,26,6,2,2,familiar,desayuno,web_intermediaria,Nordicos,flexible,sin_deposito,109.48,0,0,0,1
1456,2024-02-17,2024-07-09,143,8,1,0,familiar,media_pension,web_intermediaria,FR,no_reembolsable,sin_deposito,140.67,0,0,0,1
279,2024-02-17,2024-04-17,60,7,2,0,superior,todo_incluido,web_intermediaria,UK,flexible,sin_deposito,97.18,0,0,0,1
2711,2024-02-18,2024-10-26,251,3,2,1,estandar,media_pension,web_intermediaria,UK,flexible,parcial,77.47,0,1,1,1
3917,2024-02-18,2024-11-27,283,5,2,3,suite,desayuno,directo,ES,no_reembolsable,total,161.41,2,1,0,0
5970,2024-02-18,2024-03-04,15,10,1,1,superior,media_pension,web_intermediaria,DE,no_reembolsable,sin_deposito,135.26,1,0,0,1
1035,2024-02-18,2024-05-06,78,6,2,0,suite,desayuno,web_intermediaria,,flexible,sin_deposito,162.64,1,0,0,1
5301,2024-02-18,2024-04-04,46,6,1,0,estandar,media_pension,web_intermediaria,Nordicos,flexible,sin_deposito,68.51,3,0,0,0
518,2024-02-18,2024-05-23,95,4,2,2,estandar,desayuno,web_intermediaria,Nordicos,flexible,sin_deposito,54.65,0,0,0,1
4644,2024-02-18,2024-03-23,34,7,2,0,suite,media_pension,web_intermediaria,otros,flexible,sin_deposito,203.93,1,0,0,1
2964,2024-02-18,2024-04-05,47,8,2,0,estandar,solo_alojamiento,agencia,Nordicos,no_reembolsable,sin_deposito,64.25,1,0,0,0
4692,2024-02-18,2024-06-16,119,7,4,2,estandar,solo_alojamiento,web_intermediaria,ES,no_reembolsable,sin_deposito,67.39,0,0,0,1
5359,2024-02-18,2024-04-08,50,7,2,0,superior,solo_alojamiento,web_intermediaria,ES,flexible,sin_deposito,97.4,1,0,0,0
2440,2024-02-18,2024-06-09,112,7,2,0,estandar,desayuno,directo,IT,no_reembolsable,total,76.29,1,0,0,0
4838,2024-02-19,2024-04-21,62,6,4,0,suite,solo_alojamiento,web_intermediaria,DE,flexible,sin_deposito,164.14,1,0,0,0
4291,2024-02-19,2024-07-31,163,6,4,0,estandar,todo_incluido,web_intermediaria,UK,flexible,sin_deposito,82.46,1,0,0,1
4277,2024-02-19,2024-04-09,50,5,2,0,estandar,desayuno,web_intermediaria,ES,no_reembolsable,sin_deposito,69.83,0,0,0,1
387,2024-02-19,2024-04-19,60,5,2,1,estandar,desayuno,web_intermediaria,UK,no_reembolsable,sin_deposito,74.79,1,0,0,0
2312,2024-02-19,2024-06-10,112,5,2,0,suite,desayuno,web_intermediaria,ES,flexible,sin_deposito,161.01,1,0,0,1
4456,2024-02-19,2024-04-15,56,7,2,0,familiar,desayuno,web_intermediaria,DE,flexible,sin_deposito,116.32,0,0,0,1
4394,2024-02-19,2024-03-21,31,2,1,0,superior,desayuno,web_intermediaria,UK,no_reembolsable,sin_deposito,110.64,0,0,0,0
1362,2024-02-19,2024-03-05,15,5,2,2,superior,desayuno,web_intermediaria,IT,flexible,sin_deposito,107.1,1,0,0,1
3561,2024-02-19,2024-04-06,47,3,2,0,estandar,desayuno,web_intermediaria,NL,no_reembolsable,parcial,79.2,0,0,0,0
5309,2024-02-19,2024-06-10,112,14,2,0,superior,desayuno,agencia,otros,flexible,sin_deposito,94.37,0,1,0,0
45,2024-02-19,2024-03-29,39,6,3,0,estandar,todo_incluido,agencia,ES,flexible,sin_deposito,91.1,0,0,0,1
1769,2024-02-19,2024-06-22,124,4,1,0,estandar,solo_alojamiento,agencia,UK,flexible,sin_deposito,74.34,0,0,0,1
2705,2024-02-20,2024-04-08,48,8,2,1,familiar,desayuno,empresa,IT,flexible,total,113.43,1,0,0,0
4854,2024-02-20,2024-08-16,178,6,2,0,estandar,media_pension,agencia,ES,no_reembolsable,parcial,89.37,1,0,0,0
3155,2024-02-20,2024-03-23,32,7,2,1,superior,solo_alojamiento,directo,UK,flexible,sin_deposito,132.22,0,0,0,1
4680,2024-02-20,2024-08-16,178,5,2,0,estandar,todo_incluido,web_intermediaria,Nordicos,no_reembolsable,sin_deposito,84.86,0,0,0,1
4684,2024-02-20,2024-06-05,106,8,1,0,estandar,desayuno,web_intermediaria,UK,flexible,sin_deposito,70.78,1,0,0,0
2795,2024-02-20,2024-04-10,50,5,3,0,estandar,desayuno,directo,otros,flexible,total,73.41,0,0,0,0
2232,2024-02-20,2024-04-20,60,4,4,2,familiar,todo_incluido,web_intermediaria,Nordicos,no_reembolsable,sin_deposito,118.82,0,0,0,1
4399,2024-02-20,2024-04-06,46,5,2,0,estandar,desayuno,agencia,ES,flexible,total,58.51,0,0,0,0
3411,2024-02-21,2024-05-07,76,3,3,0,superior,todo_incluido,web_intermediaria,otros,no_reembolsable,sin_deposito,95.06,0,1,0,0
2591,2024-02-21,2024-07-25,155,1,2,0,familiar,desayuno,web_intermediaria,UK,flexible,sin_deposito,156.04,0,1,1,1
899,2024-02-21,2024-05-21,90,5,2,0,estandar,desayuno,web_intermediaria,UK,flexible,sin_deposito,65.8,0,0,0,1
5336,2024-02-21,2024-04-28,67,6,2,1,estandar,desayuno,agencia,DE,flexible,sin_deposito,66.35,0,0,0,0
3070,2024-02-21,2024-03-31,39,9,2,0,estandar,todo_incluido,web_intermediaria,UK,no_reembolsable,parcial,87.44,2,0,0,0
1022,2024-02-22,2024-07-19,148,7,2,0,superior,desayuno,empresa,UK,flexible,total,121.92,1,1,1,1
1834,2024-02-22,2024-06-20,119,4,2,0,familiar,media_pension,web_intermediaria,DE,flexible,sin_deposito,112.25,0,0,0,1
1953,2024-02-22,2024-06-28,127,8,2,1,superior,media_pension,web_intermediaria,otros,no_reembolsable,total,91.98,0,1,1,1
4780,2024-02-22,2024-05-18,86,3,2,0,superior,todo_incluido,web_intermediaria,DE,flexible,total,104.98,1,0,0,0
5530,2024-02-22,2024-05-30,98,7,2,1,estandar,desayuno,directo,UK,flexible,parcial,80.71,0,1,1,0
3277,2024-02-22,2024-04-11,49,7,2,0,superior,desayuno,web_intermediaria,UK,no_reembolsable,sin_deposito,98.02,1,0,0,0
3816,2024-02-22,2024-06-09,108,6,2,1,estandar,media_pension,directo,ES,no_reembolsable,parcial,70.99,1,0,0,0
659,2024-02-22,2024-03-31,38,4,2,0,estandar,desayuno,agencia,DE,flexible,total,87.48,0,0,0,0
3532,2024-02-22,2024-08-14,174,4,3,0,suite,media_pension,agencia,DE,flexible,sin_deposito,194.83,0,0,0,1
3988,2024-02-22,2024-09-20,211,6,2,1,estandar,desayuno,agencia,UK,no_reembolsable,parcial,64.8,0,1,0,0
3335,2024-02-22,2024-04-09,47,5,2,0,estandar,media_pension,web_intermediaria,otros,flexible,sin_deposito,75.81,1,0,0,0
3652,2024-02-22,2024-04-19,57,6,2,0,suite,solo_alojamiento,empresa,DE,flexible,total,140.85,0,1,0,0
2025,2024-02-23,2024-04-06,43,4,1,0,estandar,desayuno,web_intermediaria,ES,no_reembolsable,parcial,65.98,0,1,0,0
4593,2024-02-23,2024-04-07,44,3,2,2,superior,todo_incluido,web_intermediaria,UK,flexible,sin_deposito,107.25,0,0,0,1
4231,2024-02-23,2024-07-03,131,4,2,0,estandar,desayuno,web_intermediaria,DE,flexible,total,79.84,0,1,0,1
5423,2024-02-23,2024-11-26,277,3,2,0,familiar,todo_incluido,directo,UK,flexible,sin_deposito,122.86,0,0,0,1
3614,2024-02-24,2024-04-01,37,2,2,0,suite,desayuno,web_intermediaria,ES,no_reembolsable,parcial,132.09,0,0,0,1
3536,2024-02-24,2024-04-03,39,2,2,2,familiar,solo_alojamiento,directo,DE,flexible,total,131.79,1,0,0,0
3932,2024-02-24,2024-04-04,40,7,2,0,suite,todo_incluido,web_intermediaria,otros,no_reembolsable,parcial,164.25,0,0,0,0
5584,2024-02-24,2024-05-10,76,5,1,0,estandar,desayuno,directo,ES,flexible,parcial,66.43,0,0,0,1
1911,2024-02-24,2024-10-09,228,10,1,0,superior,media_pension,web_intermediaria,,no_reembolsable,total,95.67,0,0,0,0
1215,2024-02-24,2024-05-06,72,5,2,1,estandar,media_pension,agencia,IT,flexible,sin_deposito,71.68,0,0,0,0
1253,2024-02-24,2024-03-12,17,5,2,1,estandar,todo_incluido,web_intermediaria,ES,no_reembolsable,sin_deposito,93.02,1,1,0,0
69,2024-02-25,2024-05-23,88,4,2,0,estandar,desayuno,web_intermediaria,ES,no_reembolsable,sin_deposito,76.2,0,0,0,1
4697,2024-02-25,2024-04-09,44,5,1,0,estandar,desayuno,agencia,UK,flexible,sin_deposito,61.6,0,0,0,1
2669,2024-02-25,2024-06-20,116,3,2,2,estandar,solo_alojamiento,web_intermediaria,DE,flexible,parcial,58.96,0,0,0,1
5697,2024-02-25,2024-05-18,83,10,3,0,estandar,desayuno,web_intermediaria,,no_reembolsable,sin_deposito,76.89,2,0,0,0
1055,2024-02-25,2024-03-23,27,5,2,0,estandar,desayuno,web_intermediaria,ES,no_reembolsable,sin_deposito,91.5,0,0,0,0
5166,2024-02-26,2024-06-20,115,3,2,0,estandar,desayuno,web_intermediaria,ES,flexible,sin_deposito,69.73,1,0,0,1
3580,2024-02-26,2024-05-07,71,3,2,0,estandar,media_pension,web_intermediaria,ES,no_reembolsable,sin_deposito,72.71,0,0,0,0
2479,2024-02-26,2024-04-17,51,6,4,0,estandar,media_pension,web_intermediaria,DE,no_reembolsable,parcial,75.18,1,0,0,0
4105,2024-02-26,2024-03-23,26,5,4,0,estandar,desayuno,web_intermediaria,DE,flexible,sin_deposito,95.9,1,0,0,0
2856,2024-02-26,2024-05-16,80,4,2,2,estandar,desayuno,directo,ES,no_reembolsable,sin_deposito,66.44,2,0,0,0
1027,2024-02-26,2024-03-10,13,6,2,0,familiar,desayuno,directo,UK,flexible,parcial,134.16,0,0,0,0
1571,2024-02-27,2024-03-26,28,6,1,0,superior,todo_incluido,web_intermediaria,otros,flexible,total,107.56,0,0,0,0
127,2024-02-27,2024-04-07,40,1,2,0,estandar,todo_incluido,agencia,Nordicos,no_reembolsable,sin_deposito,68.01,1,0,0,0
4624,2024-02-27,2024-04-21,54,7,4,2,familiar,media_pension,directo,IT,no_reembolsable,sin_deposito,111.09,0,0,0,0
1588,2024-02-27,2024-05-31,94,5,2,1,familiar,todo_incluido,directo,FR,flexible,parcial,102.71,3,1,1,0
3916,2024-02-27,2024-04-14,47,4,3,1,superior,todo_incluido,web_intermediaria,otros,no_reembolsable,parcial,94.7,0,0,0,0
217,2024-02-27,2024-05-14,77,7,2,3,estandar,todo_incluido,web_intermediaria,DE,flexible,sin_deposito,67.26,3,0,0,1
2752,2024-02-28,2024-04-16,48,5,2,0,familiar,desayuno,web_intermediaria,ES,flexible,sin_deposito,119.66,0,0,0,1
5139,2024-02-28,2024-08-25,179,8,4,0,estandar,todo_incluido,web_intermediaria,otros,flexible,sin_deposito,91.08,0,1,0,1
5508,2024-02-28,2024-05-29,91,3,2,0,familiar,media_pension,directo,UK,no_reembolsable,total,131.79,1,0,0,0
4648,2024-02-28,2024-05-26,88,7,2,1,superior,solo_alojamiento,web_intermediaria,DE,flexible,sin_deposito,82.75,0,0,0,1
3759,2024-02-28,2024-04-12,44,6,2,0,estandar,todo_incluido,web_intermediaria,Nordicos,flexible,parcial,74.45,0,0,0,0
1096,2024-02-28,2024-05-23,85,9,2,0,superior,desayuno,agencia,otros,no_reembolsable,sin_deposito,95.51,0,0,0,0
5591,2024-02-29,2024-06-17,109,6,1,2,estandar,solo_alojamiento,web_intermediaria,DE,no_reembolsable,parcial,74.04,1,0,0,1
4537,2024-02-29,2024-05-20,81,5,1,0,estandar,media_pension,web_intermediaria,,no_reembolsable,parcial,74.23,0,0,0,0
439,2024-02-29,2024-04-22,53,5,4,0,estandar,media_pension,directo,UK,flexible,sin_deposito,74.95,0,1,2,0
3134,2024-02-29,2024-05-21,82,5,1,0,estandar,desayuno,web_intermediaria,UK,no_reembolsable,sin_deposito,70.51,2,0,0,0
1851,2024-02-29,2024-07-05,127,6,3,0,familiar,solo_alojamiento,web_intermediaria,DE,flexible,parcial,124.94,0,0,0,1
1361,2024-03-01,2024-03-18,17,3,4,0,estandar,media_pension,web_intermediaria,DE,flexible,sin_deposito,83.43,0,0,0,0
3639,2024-03-01,2024-06-08,99,6,2,0,estandar,desayuno,agencia,ES,flexible,sin_deposito,69.01,0,0,0,1
5262,2024-03-01,2024-03-25,24,5,4,1,estandar,todo_incluido,web_intermediaria,otros,flexible,sin_deposito,83.65,1,0,0,1
2635,2024-03-01,2024-04-12,42,6,2,0,estandar,media_pension,web_intermediaria,UK,flexible,sin_deposito,57.64,1,0,0,0
3887,2024-03-01,2024-03-24,23,5,2,1,superior,media_pension,web_intermediaria,UK,flexible,parcial,125.04,0,0,0,0
280,2024-03-01,2024-09-11,194,8,3,1,estandar,desayuno,web_intermediaria,ES,no_reembolsable,sin_deposito,69.85,0,0,0,1
4577,2024-03-01,2024-04-19,49,6,1,0,estandar,desayuno,web_intermediaria,UK,flexible,parcial,65.24,0,0,0,0
1256,2024-03-02,2024-04-17,46,5,2,0,suite,solo_alojamiento,web_intermediaria,ES,flexible,parcial,181.68,2,1,0,0
431,2024-03-02,2024-05-13,72,5,1,2,suite,todo_incluido,web_intermediaria,DE,flexible,sin_deposito,168.53,0,0,0,1
1328,2024-03-02,2024-06-10,100,1,2,0,superior,media_pension,agencia,DE,flexible,parcial,102.28,1,0,0,1
678,2024-03-02,2024-04-06,35,5,2,1,estandar,todo_incluido,agencia,UK,flexible,sin_deposito,77.26,1,0,0,0
1122,2024-03-02,2024-04-24,53,6,2,3,estandar,solo_alojamiento,web_intermediaria,otros,flexible,sin_deposito,68.46,0,0,0,0
246,2024-03-02,2024-08-04,155,6,1,0,suite,media_pension,agencia,DE,no_reembolsable,total,244.3,0,0,0,0
5876,2024-03-03,2024-04-16,44,4,2,0,estandar,todo_incluido,directo,ES,flexible,parcial,75.9,1,0,0,1
881,2024-03-03,2024-05-06,64,1,2,2,estandar,desayuno,web_intermediaria,IT,no_reembolsable,sin_deposito,61.46,0,0,0,1
5229,2024-03-03,2024-09-19,200,5,2,1,suite,media_pension,empresa,DE,no_reembolsable,sin_deposito,155.43,0,0,0,0
2366,2024-03-03,2024-04-16,44,3,2,1,suite,todo_incluido,directo,UK,flexible,total,146.87,0,0,0,0
3321,2024-03-03,2024-11-12,254,6,2,0,superior,todo_incluido,web_intermediaria,,flexible,sin_deposito,90.75,1,0,0,1
3543,2024-03-03,2024-03-09,6,4,2,1,estandar,desayuno,web_intermediaria,ES,flexible,sin_deposito,85.51,0,0,0,0
7,2024-03-03,2024-06-13,102,7,3,1,superior,desayuno,directo,UK,no_reembolsable,parcial,86.41,0,1,1,1
753,2024-03-03,2024-03-10,7,4,2,3,estandar,solo_alojamiento,directo,FR,no_reembolsable,sin_deposito,87.05,0,0,0,1
5179,2024-03-04,2024-03-29,25,3,2,1,estandar,desayuno,directo,ES,flexible,total,85.07,0,0,0,0
196,2024-03-04,2024-06-05,93,9,2,2,estandar,solo_alojamiento,agencia,DE,flexible,parcial,66.19,0,0,0,0
3620,2024-03-04,2024-03-15,11,6,1,0,superior,media_pension,agencia,otros,flexible,sin_deposito,114.89,0,0,0,1
2529,2024-03-04,2024-03-28,24,7,2,0,estandar,todo_incluido,agencia,ES,no_reembolsable,parcial,79.91,1,0,0,0
2317,2024-03-04,2024-05-17,74,3,2,2,estandar,media_pension,directo,UK,no_reembolsable,parcial,67.24,1,0,0,0
3281,2024-03-04,2024-10-03,213,7,2,2,superior,desayuno,empresa,UK,no_reembolsable,parcial,93.18,0,0,0,0
2865,2024-03-04,2024-04-28,55,8,1,0,superior,todo_incluido,web_intermediaria,UK,no_reembolsable,total,91.07,1,0,0,0
5367,2024-03-04,2024-04-21,48,2,2,0,estandar,todo_incluido,web_intermediaria,DE,flexible,sin_deposito,65.35,1,0,0,0
3535,2024-03-05,2024-08-06,154,3,2,1,familiar,todo_incluido,web_intermediaria,otros,flexible,parcial,140.13,2,0,0,0
4698,2024-03-05,2024-07-24,141,6,3,0,familiar,desayuno,web_intermediaria,ES,flexible,sin_deposito,143.62,0,0,0,1
5194,2024-03-05,2024-07-12,129,4,2,1,estandar,desayuno,agencia,UK,flexible,parcial,91.49,0,1,0,0
5535,2024-03-05,2024-07-10,127,7,2,0,familiar,desayuno,web_intermediaria,DE,no_reembolsable,parcial,144.32,1,0,0,0
5792,2024-03-05,2024-04-24,50,7,2,0,estandar,desayuno,web_intermediaria,DE,no_reembolsable,sin_deposito,80.77,1,0,0,0
1543,2024-03-05,2024-08-04,152,11,2,2,superior,solo_alojamiento,directo,Nordicos,flexible,sin_deposito,119.01,1,0,0,0
728,2024-03-05,2024-04-02,28,7,2,3,estandar,media_pension,web_intermediaria,FR,flexible,sin_deposito,66.01,0,0,0,1
3982,2024-03-05,2024-06-10,97,5,2,1,estandar,media_pension,agencia,DE,flexible,total,74.8,0,0,0,0
4432,2024-03-05,2024-05-04,60,6,2,0,familiar,media_pension,web_intermediaria,ES,no_reembolsable,sin_deposito,105.0,0,0,0,1
1721,2024-03-05,2024-05-27,83,4,2,1,superior,solo_alojamiento,empresa,ES,flexible,sin_deposito,107.4,0,0,0,1
695,2024-03-06,2024-08-07,154,6,3,0,estandar,solo_alojamiento,web_intermediaria,otros,no_reembolsable,sin_deposito,85.94,0,1,0,1
1,2024-03-06,2024-08-08,155,4,2,0,suite,media_pension,web_intermediaria,DE,flexible,sin_deposito,188.13,0,0,0,1
4926,2024-03-06,2024-04-14,39,7,3,0,estandar,desayuno,web_intermediaria,otros,flexible,total,67.74,0,0,0,1
3528,2024-03-06,2024-06-26,112,3,3,2,estandar,todo_incluido,agencia,otros,flexible,sin_deposito,72.18,0,0,0,1
3248,2024-03-06,2024-11-02,241,5,1,1,estandar,solo_alojamiento,web_intermediaria,UK,flexible,sin_deposito,72.74,0,0,0,0
2854,2024-03-06,2024-06-23,109,3,2,0,estandar,media_pension,agencia,UK,flexible,parcial,83.32,1,0,0,0
1531,2024-03-06,2024-05-31,86,6,2,1,estandar,todo_incluido,web_intermediaria,Nordicos,no_reembolsable,sin_deposito,73.6,0,0,0,1
1809,2024-03-06,2024-05-06,61,3,4,1,familiar,todo_incluido,agencia,UK,flexible,total,107.78,0,0,0,0
172,2024-03-06,2024-04-02,27,4,1,1,estandar,media_pension,web_intermediaria,DE,no_reembolsable,total,71.7,1,0,0,0
4258,2024-03-06,2024-07-20,136,7,2,0,estandar,solo_alojamiento,web_intermediaria,NL,flexible,sin_deposito,87.58,2,0,0,1
1931,2024-03-06,2024-03-22,16,9,2,0,superior,todo_incluido,empresa,NL,no_reembolsable,parcial,127.31,1,0,0,0
4128,2024-03-07,2024-04-23,47,4,2,0,familiar,todo_incluido,agencia,UK,flexible,sin_deposito,102.71,0,0,0,1
910,2024-03-07,2024-07-13,128,5,2,0,familiar,media_pension,agencia,DE,flexible,parcial,147.11,1,0,0,1
2082,2024-03-07,2024-08-06,152,4,2,0,suite,desayuno,agencia,ES,flexible,parcial,213.84,1,0,0,0
2033,2024-03-07,2024-04-15,39,2,2,1,familiar,solo_alojamiento,directo,ES,flexible,sin_deposito,100.11,0,0,0,0
1633,2024-03-07,2024-04-28,52,5,2,0,estandar,todo_incluido,web_intermediaria,otros,flexible,sin_deposito,69.99,1,0,0,1
826,2024-03-07,2024-05-30,84,5,2,0,estandar,todo_incluido,directo,UK,no_reembolsable,parcial,70.16,1,0,0,0
359,2024-03-07,2024-07-10,125,8,2,0,estandar,media_pension,web_intermediaria,ES,flexible,sin_deposito,86.05,0,0,0,1
133,2024-03-07,2024-04-29,53,8,2,2,superior,desayuno,web_intermediaria,FR,no_reembolsable,total,86.73,0,0,0,0
2912,2024-03-07,2024-06-18,103,6,2,0,suite,solo_alojamiento,web_intermediaria,DE,no_reembolsable,sin_deposito,169.31,1,0,0,0
4101,2024-03-08,2024-05-07,60,6,2,0,superior,media_pension,web_intermediaria,DE,flexible,parcial,94.35,2,0,0,0
5565,2024-03-08,2024-05-17,70,13,1,0,superior,solo_alojamiento,directo,Nordicos,no_reembolsable,total,106.42,0,0,0,0
5482,2024-03-08,2024-11-26,263,6,3,0,estandar,todo_incluido,directo,DE,flexible,parcial,88.55,1,0,0,1
33,2024-03-08,2025-01-10,308,8,2,0,estandar,desayuno,web_intermediaria,UK,flexible,sin_deposito,80.6,1,0,0,1
4528,2024-03-08,2024-07-07,121,5,2,0,superior,media_pension,web_intermediaria,Nordicos,no_reembolsable,sin_deposito,110.62,1,0,0,1
4611,2024-03-08,2024-05-25,78,7,2,1,superior,desayuno,directo,UK,no_reembolsable,parcial,91.4,2,0,0,0
2340,2024-03-08,2024-05-22,75,4,4,0,estandar,solo_alojamiento,web_intermediaria,ES,flexible,parcial,81.22,2,0,0,0
376,2024-03-09,2024-06-20,103,6,2,0,estandar,solo_alojamiento,empresa,Nordicos,no_reembolsable,sin_deposito,73.93,1,0,0,0
5764,2024-03-09,2024-10-05,210,3,2,0,suite,todo_incluido,agencia,NL,flexible,parcial,161.14,1,0,0,1
3414,2024-03-09,2024-03-27,18,2,4,0,familiar,todo_incluido,web_intermediaria,UK,flexible,sin_deposito,145.87,0,0,0,1
4466,2024-03-09,2024-03-24,15,8,1,0,familiar,desayuno,web_intermediaria,ES,flexible,total,146.59,0,0,0,0
5479,2024-03-09,2024-03-28,19,2,1,1,suite,solo_alojamiento,directo,otros,no_reembolsable,sin_deposito,195.73,0,0,0,0
581,2024-03-09,2024-04-16,38,6,1,0,estandar,todo_incluido,directo,otros,no_reembolsable,sin_deposito,68.26,1,1,0,0
4572,2024-03-09,2024-06-27,110,4,2,0,estandar,solo_alojamiento,web_intermediaria,UK,no_reembolsable,sin_deposito,65.49,2,0,0,1
1690,2024-03-09,2024-06-30,113,6,2,0,estandar,desayuno,web_intermediaria,UK,flexible,sin_deposito,71.45,0,0,0,0
2816,2024-03-09,2024-07-11,124,6,1,0,estandar,desayuno,agencia,otros,flexible,sin_deposito,99.17,2,0,0,1
5903,2024-03-09,2024-06-24,107,5,1,0,estandar,media_pension,web_intermediaria,ES,flexible,sin_deposito,75.13,0,0,0,1
10,2024-03-09,2024-05-06,58,5,2,1,estandar,todo_incluido,web_intermediaria,otros,flexible,total,63.18,0,0,0,1
4300,2024-03-09,2025-02-15,343,6,2,0,familiar,desayuno,web_intermediaria,UK,no_reembolsable,sin_deposito,151.16,0,0,0,1
4294,2024-03-09,2024-07-23,136,5,2,0,estandar,desayuno,web_intermediaria,NL,no_reembolsable,sin_deposito,84.21,2,0,0,1
951,2024-03-09,2024-09-02,177,8,4,0,suite,desayuno,directo,FR,flexible,parcial,164.27,0,0,0,1
2266,2024-03-10,2024-08-28,171,7,2,0,superior,todo_incluido,directo,UK,flexible,parcial,114.44,1,0,0,1
3975,2024-03-10,2024-06-03,85,7,1,0,estandar,desayuno,web_intermediaria,ES,flexible,sin_deposito,70.54,4,1,1,1
700,2024-03-10,2024-06-02,84,7,2,0,superior,solo_alojamiento,web_intermediaria,,flexible,parcial,90.1,0,0,0,1
2594,2024-03-10,2024-05-11,62,10,1,0,estandar,desayuno,web_intermediaria,UK,no_reembolsable,sin_deposito,65.41,0,0,0,1
243,2024-03-10,2024-05-31,82,7,2,0,estandar,desayuno,web_intermediaria,ES,flexible,sin_deposito,69.97,1,0,0,1
791,2024-03-10,2024-05-15,66,5,2,0,estandar,todo_incluido,agencia,ES,no_reembolsable,sin_deposito,74.09,0,1,0,0
674,2024-03-10,2024-05-03,54,7,4,0,estandar,solo_alojamiento,web_intermediaria,ES,flexible,total,74.38,1,0,0,1
3672,2024-03-10,2024-05-22,73,5,2,2,superior,solo_alojamiento,web_intermediaria,Nordicos,no_reembolsable,sin_deposito,100.51,0,0,0,1
2453,2024-03-10,2024-08-09,152,3,2,0,estandar,solo_alojamiento,web_intermediaria,ES,no_reembolsable,total,88.9,1,1,0,1
4671,2024-03-10,2024-09-18,192,3,2,0,estandar,todo_incluido,web_intermediaria,Nordicos,flexible,sin_deposito,59.38,0,0,0,1
977,2024-03-10,2024-04-27,48,7,2,0,superior,desayuno,web_intermediaria,ES,flexible,sin_deposito,95.29,1,0,0,1
2742,2024-03-11,2024-04-11,31,6,2,0,estandar,media_pension,directo,otros,flexible,sin_deposito,73.95,1,0,0,0
5028,2024-03-11,2024-03-24,13,4,2,1,estandar,todo_incluido,empresa,otros,no_reembolsable,parcial,84.45,1,0,0,0
2306,2024-03-11,2024-10-01,204,6,2,1,estandar,solo_alojamiento,directo,Nordicos,flexible,parcial,73.04,1,0,0,0
87,2024-03-11,2024-06-02,83,8,4,1,familiar,desayuno,directo,IT,flexible,sin_deposito,116.12,0,0,0,0
4071,2024-03-11,2024-06-19,100,6,2,0,estandar,solo_alojamiento,web_intermediaria,UK,flexible,total,68.01,2,0,0,0
1842,2024-03-11,2024-05-17,67,6,2,0,superior,desayuno,directo,ES,flexible,total,108.7,0,1,1,0
4848,2024-03-11,2024-05-01,51,7,2,2,familiar,desayuno,directo,ES,no_reembolsable,sin_deposito,102.53,3,0,0,0
218,2024-03-11,2024-06-13,94,6,2,2,superior,todo_incluido,directo,DE,flexible,sin_deposito,100.55,1,0,0,0
3959,2024-03-12,2024-05-12,61,9,2,0,suite,solo_alojamiento,agencia,DE,flexible,sin_deposito,152.06,0,0,0,0
3284,2024-03-12,2024-04-25,44,5,4,0,familiar,media_pension,directo,ES,no_reembolsable,total,101.8,2,0,0,1
4314,2024-03-12,2024-05-25,74,4,3,0,estandar,media_pension,web_intermediaria,otros,flexible,sin_deposito,67.7,2,0,0,1
4727,2024-03-12,2024-04-05,24,5,2,0,familiar,desayuno,directo,UK,flexible,total,101.21,0,0,0,0
4763,2024-03-12,2024-07-31,141,8,2,0,suite,media_pension,web_intermediaria,DE,flexible,parcial,202.49,0,0,0,1
4843,2024-03-12,2024-09-12,184,5,2,1,estandar,media_pension,directo,ES,no_reembolsable,sin_deposito,72.62,0,0,0,1
3419,2024-03-12,2024-06-24,104,6,2,0,estandar,desayuno,empresa,ES,flexible,sin_deposito,66.53,2,0,0,0
6000,2024-03-12,2024-04-24,43,6,2,0,familiar,todo_incluido,empresa,otros,no_reembolsable,sin_deposito,107.38,1,0,0,1
891,2024-03-13,2024-04-19,37,7,3,0,suite,media_pension,agencia,otros,flexible,sin_deposito,173.37,1,0,0,0
1788,2024-03-13,2024-04-25,43,5,2,0,estandar,desayuno,directo,DE,no_reembolsable,sin_deposito,72.78,0,0,0,0
1738,2024-03-13,2024-05-13,61,3,2,0,familiar,solo_alojamiento,agencia,DE,no_reembolsable,total,119.04,2,0,0,0
2321,2024-03-13,2024-04-14,32,6,1,0,estandar,media_pension,web_intermediaria,Nordicos,flexible,sin_deposito,73.94,0,1,0,0
3035,2024-03-13,2024-09-21,192,6,3,3,suite,todo_incluido,web_intermediaria,IT,flexible,sin_deposito,144.13,1,0,0,1
2472,2024-03-13,2024-12-05,267,9,1,0,estandar,media_pension,web_intermediaria,Nordicos,no_reembolsable,sin_deposito,94.76,2,0,0,1
4553,2024-03-13,2024-05-14,62,6,4,0,superior,desayuno,agencia,ES,no_reembolsable,sin_deposito,97.05,0,0,0,1
2502,2024-03-13,2024-03-29,16,4,4,0,estandar,solo_alojamiento,empresa,otros,flexible,total,105.06,1,0,0,0
3343,2024-03-13,2024-07-27,136,5,4,2,estandar,todo_incluido,directo,,no_reembolsable,parcial,81.59,1,0,0,1
5966,2024-03-13,2024-04-19,37,5,2,0,superior,desayuno,agencia,ES,no_reembolsable,sin_deposito,95.71,1,1,0,0
2957,2024-03-13,2024-07-03,112,2,2,0,suite,todo_incluido,web_intermediaria,UK,flexible,total,203.85,0,0,0,0
5136,2024-03-13,2024-04-24,42,6,2,2,superior,solo_alojamiento,web_intermediaria,Nordicos,flexible,sin_deposito,94.31,0,0,0,1
588,2024-03-13,2024-08-21,161,5,1,0,suite,todo_incluido,web_intermediaria,ES,flexible,sin_deposito,225.33,0,1,0,0
4070,2024-03-14,2024-04-23,40,5,2,0,estandar,todo_incluido,web_intermediaria,NL,flexible,sin_deposito,62.83,1,0,0,0
5926,2024-03-14,2024-05-28,75,8,1,0,estandar,todo_incluido,agencia,UK,no_reembolsable,parcial,60.6,1,0,0,0
2682,2024-03-14,2024-03-25,11,8,1,0,familiar,solo_alojamiento,web_intermediaria,ES,no_reembolsable,parcial,147.51,0,1,0,0
4916,2024-03-14,2024-04-29,46,6,3,0,superior,todo_incluido,directo,DE,flexible,sin_deposito,96.05,0,0,0,0
1880,2024-03-14,2024-05-12,59,3,2,0,estandar,desayuno,directo,otros,no_reembolsable,parcial,67.48,0,0,0,0
5526,2024-03-14,2024-04-01,18,5,2,0,superior,solo_alojamiento,web_intermediaria,UK,flexible,sin_deposito,85.6,0,0,0,1
4183,2024-03-14,2024-06-03,81,3,4,0,estandar,desayuno,agencia,otros,flexible,total,68.67,1,0,0,0
4635,2024-03-14,2024-04-22,39,4,2,0,superior,todo_incluido,web_intermediaria,ES,flexible,sin_deposito,90.1,0,0,0,1
1289,2024-03-15,2024-04-12,28,6,2,3,superior,todo_incluido,directo,ES,no_reembolsable,sin_deposito,85.82,2,1,0,0
5557,2024-03-15,2024-06-23,100,7,1,0,superior,media_pension,web_intermediaria,Nordicos,no_reembolsable,sin_deposito,93.34,1,0,0,0
1436,2024-03-15,2025-01-09,300,11,3,0,superior,desayuno,web_intermediaria,UK,no_reembolsable,sin_deposito,116.93,1,0,0,1
3807,2024-03-15,2024-06-17,94,8,2,0,estandar,desayuno,empresa,UK,flexible,sin_deposito,72.8,1,1,2,0
4461,2024-03-15,2024-08-20,158,5,1,1,estandar,desayuno,directo,,no_reembolsable,sin_deposito,81.13,0,0,0,1
580,2024-03-15,2024-07-06,113,6,4,0,estandar,desayuno,web_intermediaria,ES,no_reembolsable,sin_deposito,85.88,0,0,0,1
5211,2024-03-15,2024-03-27,12,8,2,0,superior,solo_alojamiento,directo,ES,flexible,parcial,112.91,0,0,0,0
1359,2024-03-16,2024-07-17,123,10,4,1,estandar,media_pension,directo,otros,flexible,parcial,76.05,0,1,1,0
258,2024-03-16,2024-04-01,16,6,2,0,estandar,media_pension,directo,UK,flexible,total,70.49,1,0,0,0
3872,2024-03-16,2024-06-26,102,6,2,0,estandar,desayuno,directo,ES,flexible,parcial,80.82,0,0,0,0
2623,2024-03-16,2024-09-09,177,3,2,0,superior,desayuno,empresa,UK,flexible,parcial,88.59,0,0,0,1
1450,2024-03-16,2024-03-26,10,3,1,0,estandar,media_pension,directo,ES,flexible,sin_deposito,87.79,0,0,0,1
2556,2024-03-16,2024-04-13,28,6,2,2,estandar,desayuno,web_intermediaria,otros,flexible,sin_deposito,68.37,2,0,0,1
3497,2024-03-16,2024-05-21,66,6,2,2,suite,desayuno,directo,FR,flexible,sin_deposito,147.27,0,0,0,0
2515,2024-03-16,2024-05-26,71,4,2,0,estandar,todo_incluido,agencia,UK,flexible,sin_deposito,67.66,1,0,0,0
2423,2024-03-16,2024-04-19,34,6,2,1,estandar,solo_alojamiento,web_intermediaria,ES,flexible,sin_deposito,69.54,1,0,0,1
5564,2024-03-16,2024-06-25,101,4,2,0,superior,desayuno,directo,FR,no_reembolsable,parcial,100.6,0,0,0,0
4107,2024-03-16,2024-05-27,72,8,2,1,superior,desayuno,web_intermediaria,FR,no_reembolsable,total,92.94,0,0,0,0
2615,2024-03-17,2024-07-15,120,5,4,0,superior,desayuno,directo,UK,flexible,sin_deposito,120.17,1,0,0,1
5728,2024-03-17,2024-06-08,83,6,2,2,familiar,media_pension,web_intermediaria,Nordicos,no_reembolsable,sin_deposito,95.2,0,0,0,0
3783,2024-03-17,2024-04-15,29,6,2,2,superior,solo_alojamiento,web_intermediaria,Nordicos,no_reembolsable,total,88.07,1,0,0,0
1827,2024-03-17,2024-04-29,43,3,3,0,suite,todo_incluido,agencia,NL,no_reembolsable,parcial,170.09,0,0,0,1
1166,2024-03-17,2024-04-04,18,6,3,0,estandar,solo_alojamiento,web_intermediaria,ES,no_reembolsable,total,70.21,0,0,0,0
1730,2024-03-17,2024-04-06,20,3,2,2,suite,desayuno,directo,UK,no_reembolsable,total,162.98,1,0,0,0
2177,2024-03-17,2024-06-17,92,4,2,0,estandar,solo_alojamiento,directo,otros,no_reembolsable,sin_deposito,72.66,0,0,0,0
4420,2024-03-17,2024-05-27,71,6,4,0,superior,desayuno,directo,UK,no_reembolsable,sin_deposito,99.94,0,0,0,1
2475,2024-03-17,2024-07-22,127,6,4,0,estandar,solo_alojamiento,directo,ES,flexible,sin_deposito,83.45,0,0,0,0
4917,2024-03-17,2024-06-26,101,2,2,2,estandar,todo_incluido,web_intermediaria,Nordicos,flexible,sin_deposito,69.59,1,0,0,1
3853,2024-03-17,2024-05-04,48,8,3,0,estandar,desayuno,empresa,ES,flexible,parcial,66.73,0,0,0,1
516,2024-03-17,2024-06-14,89,8,1,1,familiar,todo_incluido,web_intermediaria,UK,flexible,sin_deposito,114.58,0,0,0,0
3353,2024-03-18,2024-07-22,126,5,4,0,superior,todo_incluido,web_intermediaria,otros,flexible,parcial,85.69,0,0,0,1
5318,2024-03-18,2024-05-02,45,2,3,0,superior,solo_alojamiento,agencia,otros,flexible,sin_deposito,76.13,0,0,0,0
818,2024-03-18,2024-07-15,119,5,1,0,estandar,desayuno,web_intermediaria,UK,flexible,parcial,85.85,0,0,0,0
460,2024-03-18,2024-04-13,26,1,3,0,superior,desayuno,empresa,ES,no_reembolsable,total,101.13,0,0,0,0
4853,2024-03-18,2024-06-28,102,5,2,1,estandar,media_pension,web_intermediaria,otros,no_reembolsable,parcial,78.69,0,0,0,0
4779,2024-03-18,2024-06-29,103,5,2,0,estandar,media_pension,directo,DE,no_reembolsable,sin_deposito,67.81,1,0,0,0
1855,2024-03-18,2024-04-25,38,4,1,0,suite,desayuno,directo,ES,flexible,sin_deposito,167.76,1,0,0,1
171,2024-03-18,2024-05-12,55,6,3,3,estandar,todo_incluido,web_intermediaria,IT,no_reembolsable,sin_deposito,71.24,1,0,0,1
583,2024-03-18,2024-03-22,4,6,2,0,superior,desayuno,web_intermediaria,ES,no_reembolsable,sin_deposito,127.45,0,0,0,0
4966,2024-03-18,2024-07-19,123,3,2,0,estandar,desayuno,web_intermediaria,DE,flexible,sin_deposito,76.99,0,0,0,1
3687,2024-03-18,2024-04-25,38,8,2,0,familiar,media_pension,web_intermediaria,otros,no_reembolsable,parcial,115.38,0,1,0,0
2265,2024-03-18,2024-05-01,44,6,2,0,familiar,desayuno,agencia,otros,no_reembolsable,sin_deposito,121.22,1,0,0,0
4832,2024-03-19,2024-05-21,63,10,4,0,suite,desayuno,web_intermediaria,UK,flexible,total,169.73,0,0,0,0
3491,2024-03-19,2024-06-02,75,6,2,0,estandar,solo_alojamiento,directo,DE,flexible,sin_deposito,77.65,0,0,0,1
322,2024-03-19,2024-04-09,21,5,4,0,estandar,desayuno,web_intermediaria,DE,no_reembolsable,parcial,73.47,1,0,0,0
2504,2024-03-19,2024-04-21,33,4,2,0,superior,desayuno,agencia,ES,no_reembolsable,sin_deposito,98.57,0,0,0,0
2946,2024-03-19,2024-07-02,105,4,2,0,estandar,media_pension,web_intermediaria,Nordicos,no_reembolsable,sin_deposito,84.19,0,0,0,1
1227,2024-03-19,2024-05-01,43,6,2,0,estandar,desayuno,agencia,ES,flexible,sin_deposito,71.86,2,1,0,0
1272,2024-03-20,2024-06-27,99,5,1,0,suite,desayuno,agencia,otros,flexible,sin_deposito,174.49,0,0,0,0
5778,2024-03-20,2024-05-18,59,3,2,0,estandar,todo_incluido,agencia,UK,no_reembolsable,sin_deposito,64.52,2,0,0,0
480,2024-03-20,2024-07-18,120,5,1,2,superior,desayuno,web_intermediaria,ES,no_reembolsable,sin_deposito,129.41,1,0,0,1
310,2024-03-20,2024-08-10,143,5,2,0,estandar,media_pension,web_intermediaria,UK,no_reembolsable,sin_deposito,79.64,0,0,0,1
3077,2024-03-20,2024-04-10,21,4,2,2,familiar,desayuno,web_intermediaria,ES,flexible,sin_deposito,108.01,2,0,0,0
3727,2024-03-20,2024-03-31,11,6,2,0,estandar,todo_incluido,directo,ES,flexible,parcial,96.48,1,0,0,0
4044,2024-03-20,2024-08-23,156,6,2,0,estandar,todo_incluido,web_intermediaria,Nordicos,no_reembolsable,sin_deposito,85.28,1,0,0,1
5639,2024-03-20,2024-07-08,110,4,3,1,superior,desayuno,web_intermediaria,UK,no_reembolsable,sin_deposito,120.24,0,1,0,0
3150,2024-03-20,2024-05-31,72,10,2,0,suite,desayuno,web_intermediaria,DE,flexible,total,173.08,0,0,0,0
4238,2024-03-20,2024-04-27,38,11,2,1,familiar,todo_incluido,agencia,DE,flexible,sin_deposito,125.62,0,0,0,1
5105,2024-03-20,2024-05-16,57,6,2,0,familiar,desayuno,web_intermediaria,otros,flexible,parcial,92.22,1,1,0,0
5507,2024-03-20,2024-06-14,86,6,4,0,familiar,desayuno,agencia,UK,flexible,sin_deposito,115.22,2,0,0,1
808,2024-03-21,2024-06-12,83,2,4,1,estandar,todo_incluido,directo,UK,flexible,sin_deposito,65.74,1,0,0,1
3034,2024-03-21,2024-06-07,78,4,2,0,estandar,desayuno,web_intermediaria,Nordicos,flexible,sin_deposito,70.09,0,0,0,1
1816,2024-03-21,2024-09-03,166,2,1,0,suite,desayuno,agencia,FR,flexible,sin_deposito,158.95,0,0,0,1
4978,2024-03-21,2024-07-12,113,4,2,0,estandar,todo_incluido,web_intermediaria,DE,no_reembolsable,parcial,82.72,1,0,0,1
1538,2024-03-21,2024-04-21,31,8,1,0,estandar,solo_alojamiento,web_intermediaria,ES,no_reembolsable,parcial,65.53,0,0,0,1
4729,2024-03-22,2024-05-03,42,7,2,2,estandar,media_pension,web_intermediaria,ES,flexible,parcial,57.57,1,0,0,0
3591,2024-03-22,2024-08-09,140,3,4,0,suite,media_pension,web_intermediaria,otros,flexible,parcial,196.83,2,0,0,0
2911,2024-03-22,2024-06-13,83,7,1,2,familiar,desayuno,web_intermediaria,UK,no_reembolsable,sin_deposito,118.92,2,0,0,1
3791,2024-03-22,2024-05-02,41,5,2,0,suite,desayuno,directo,ES,flexible,total,160.98,0,0,0,0
2244,2024-03-22,2024-09-22,184,7,1,0,suite,todo_incluido,web_intermediaria,NL,no_reembolsable,sin_deposito,181.18,1,0,0,0
4221,2024-03-22,2024-06-12,82,2,2,2,familiar,solo_alojamiento,agencia,UK,flexible,sin_deposito,106.25,1,0,0,1
1484,2024-03-22,2024-08-03,134,10,2,3,superior,desayuno,directo,ES,no_reembolsable,sin_deposito,139.35,1,1,1,1
1466,2024-03-22,2024-07-30,130,1,1,0,superior,media_pension,web_intermediaria,UK,flexible,sin_deposito,127.87,0,1,0,1
1489,2024-03-22,2024-05-27,66,6,4,1,estandar,desayuno,directo,ES,no_reembolsable,sin_deposito,68.38,0,0,0,0
1867,2024-03-22,2024-05-26,65,5,2,0,estandar,desayuno,agencia,DE,flexible,sin_deposito,77.88,0,0,0,1
5929,2024-03-23,2024-06-20,89,8,1,0,superior,solo_alojamiento,agencia,ES,flexible,sin_deposito,101.28,0,0,0,0
2723,2024-03-23,2024-06-15,84,4,2,0,suite,media_pension,agencia,IT,no_reembolsable,parcial,164.98,0,0,0,1
4769,2024-03-23,2024-05-26,64,4,2,0,familiar,todo_incluido,directo,otros,flexible,sin_deposito,98.15,1,0,0,1
3027,2024-03-23,2024-05-16,54,4,4,2,estandar,media_pension,web_intermediaria,UK,flexible,parcial,60.2,0,1,0,1
1579,2024-03-23,2024-07-31,130,3,2,1,suite,todo_incluido,directo,ES,flexible,parcial,188.57,2,0,0,1
501,2024-03-24,2024-06-19,87,4,3,0,estandar,desayuno,web_intermediaria,ES,flexible,sin_deposito,66.68,0,0,0,1
873,2024-03-24,2024-07-14,112,9,4,0,estandar,todo_incluido,web_intermediaria,otros,flexible,sin_deposito,87.76,2,1,0,1
120,2024-03-24,2024-06-09,77,12,3,2,suite,media_pension,web_intermediaria,NL,flexible,parcial,148.69,0,0,0,0
1321,2024-03-24,2024-09-23,183,8,2,2,superior,todo_incluido,web_intermediaria,DE,flexible,sin_deposito,104.79,0,0,0,1
4434,2024-03-24,2024-04-30,37,6,1,2,estandar,media_pension,directo,ES,flexible,parcial,68.72,1,0,0,0
2853,2024-03-24,2024-06-02,70,2,3,1,estandar,desayuno,empresa,ES,flexible,sin_deposito,76.85,2,0,0,0
1216,2024-03-24,2024-05-30,67,8,4,0,estandar,desayuno,directo,FR,no_reembolsable,sin_deposito,57.0,1,0,0,0
4382,2024-03-25,2024-06-23,90,6,2,0,estandar,desayuno,directo,UK,flexible,sin_deposito,72.0,0,0,0,1
365,2024-03-25,2024-04-10,16,5,2,0,estandar,todo_incluido,web_intermediaria,ES,no_reembolsable,total,73.17,0,0,0,0
2215,2024-03-25,2024-07-19,116,3,3,0,familiar,desayuno,directo,UK,flexible,parcial,163.14,0,0,0,0
2506,2024-03-25,2024-10-22,211,6,1,2,superior,media_pension,agencia,DE,flexible,parcial,83.65,0,0,0,1
1020,2024-03-25,2024-05-21,57,4,2,0,superior,desayuno,web_intermediaria,UK,flexible,sin_deposito,92.33,1,0,0,1
2214,2024-03-25,2024-07-22,119,3,2,0,estandar,media_pension,directo,ES,flexible,parcial,94.45,0,0,0,0
4010,2024-03-25,2024-07-24,121,5,2,0,suite,desayuno,web_intermediaria,otros,flexible,sin_deposito,188.38,0,0,0,1
5125,2024-03-25,2024-06-21,88,4,2,0,estandar,todo_incluido,directo,IT,no_reembolsable,sin_deposito,68.52,0,0,0,0
538,2024-03-25,2024-10-12,201,7,3,0,estandar,desayuno,directo,UK,flexible,total,66.94,1,0,0,0
2786,2024-03-26,2024-05-29,64,5,2,0,familiar,desayuno,web_intermediaria,ES,flexible,parcial,100.69,0,1,0,0
2681,2024-03-26,2024-07-27,123,6,1,0,suite,desayuno,directo,ES,no_reembolsable,sin_deposito,191.45,3,1,0,0
726,2024-03-26,2024-04-10,15,7,4,0,suite,solo_alojamiento,web_intermediaria,ES,flexible,parcial,169.01,0,0,0,1
4459,2024-03-26,2024-05-14,49,5,1,2,suite,media_pension,directo,UK,flexible,parcial,162.99,0,0,0,0
5562,2024-03-26,2024-07-19,115,8,2,2,suite,media_pension,agencia,UK,flexible,sin_deposito,186.71,0,0,0,0
5610,2024-03-27,2024-07-14,109,6,2,0,familiar,desayuno,web_intermediaria,DE,no_reembolsable,parcial,137.59,0,0,0,1
1946,2024-03-27,2024-05-20,54,3,2,0,superior,desayuno,directo,DE,flexible,parcial,81.29,1,0,0,0
3161,2024-03-27,2024-06-22,87,8,3,0,superior,todo_incluido,web_intermediaria,UK,flexible,total,87.85,0,0,0,1
198,2024-03-27,2024-05-27,61,4,2,2,suite,desayuno,web_intermediaria,ES,no_reembolsable,sin_deposito,158.56,0,0,0,0
2364,2024-03-27,2024-05-11,45,9,3,0,superior,desayuno,web_intermediaria,FR,no_reembolsable,sin_deposito,93.51,0,0,0,0
2269,2024-03-27,2024-06-17,82,5,2,0,suite,desayuno,web_intermediaria,ES,flexible,parcial,174.97,1,0,0,1
497,2024-03-27,2024-06-23,88,10,2,0,estandar,desayuno,web_intermediaria,FR,flexible,parcial,62.84,1,0,0,1
778,2024-03-27,2024-04-30,34,4,4,0,estandar,todo_incluido,web_intermediaria,DE,no_reembolsable,sin_deposito,68.71,0,0,0,0
4402,2024-03-27,2024-09-19,176,6,4,1,familiar,desayuno,web_intermediaria,,flexible,total,104.83,2,0,0,1
5750,2024-03-27,2024-04-10,14,5,2,0,superior,desayuno,web_intermediaria,UK,flexible,sin_deposito,100.37,1,1,0,0
313,2024-03-27,2024-07-30,125,5,4,0,superior,todo_incluido,agencia,ES,no_reembolsable,sin_deposito,129.81,0,0,0,0
3305,2024-03-27,2024-04-13,17,6,2,0,familiar,desayuno,agencia,,flexible,total,112.06,0,0,0,1
5829,2024-03-27,2024-05-27,61,5,2,0,estandar,media_pension,agencia,DE,no_reembolsable,parcial,69.35,1,1,0,0
2700,2024-03-27,2024-11-17,235,6,2,0,estandar,desayuno,directo,ES,no_reembolsable,sin_deposito,73.76,1,0,0,1
3370,2024-03-27,2024-08-09,135,6,1,0,estandar,todo_incluido,directo,UK,flexible,parcial,85.73,0,0,0,1
946,2024-03-28,2024-07-20,114,4,2,0,estandar,todo_incluido,web_intermediaria,,no_reembolsable,parcial,78.59,0,0,0,0
724,2024-03-28,2024-07-31,125,8,1,0,estandar,desayuno,web_intermediaria,ES,flexible,sin_deposito,99.04,0,0,0,1
3651,2024-03-28,2024-05-29,62,8,2,1,familiar,media_pension,web_intermediaria,Nordicos,no_reembolsable,parcial,103.62,0,0,0,0
5026,2024-03-28,2024-07-26,120,2,2,0,superior,solo_alojamiento,directo,otros,flexible,sin_deposito,117.96,2,0,0,0
863,2024-03-28,2024-05-19,52,4,2,0,superior,solo_alojamiento,web_intermediaria,UK,flexible,total,98.23,0,1,0,0
5753,2024-03-28,2024-05-19,52,11,2,0,estandar,desayuno,web_intermediaria,,flexible,sin_deposito,70.24,0,0,0,1
1157,2024-03-28,2024-05-08,41,8,2,0,superior,solo_alojamiento,web_intermediaria,UK,no_reembolsable,sin_deposito,91.32,0,0,0,1
3530,2024-03-28,2024-04-26,29,3,1,0,estandar,todo_incluido,web_intermediaria,otros,no_reembolsable,sin_deposito,74.52,0,0,0,1
1050,2024-03-28,2024-04-07,10,6,2,2,superior,todo_incluido,directo,otros,flexible,parcial,103.09,0,0,0,0
1343,2024-03-28,2024-08-17,142,12,2,3,estandar,todo_incluido,empresa,DE,flexible,sin_deposito,91.53,1,0,0,0
4285,2024-03-29,2024-07-19,112,4,1,0,familiar,desayuno,empresa,DE,no_reembolsable,total,144.19,0,0,0,1
5353,2024-03-29,2024-04-12,14,6,2,0,estandar,media_pension,web_intermediaria,UK,flexible,parcial,66.66,0,0,0,0
1619,2024-03-29,2024-07-28,121,5,3,0,superior,media_pension,empresa,DE,flexible,sin_deposito,116.44,1,0,0,1
1876,2024-03-29,2024-10-15,200,8,4,0,suite,todo_incluido,web_intermediaria,ES,no_reembolsable,sin_deposito,158.22,1,0,0,0
418,2024-03-29,2024-05-20,52,9,2,0,estandar,todo_incluido,directo,UK,flexible,sin_deposito,68.76,0,1,1,0
5847,2024-03-29,2024-11-30,246,5,2,0,estandar,solo_alojamiento,web_intermediaria,ES,no_reembolsable,sin_deposito,72.97,0,0,0,1
3349,2024-03-29,2024-09-04,159,3,2,0,estandar,media_pension,web_intermediaria,IT,no_reembolsable,total,75.42,1,1,0,1
4411,2024-03-29,2024-06-10,73,8,1,0,estandar,desayuno,agencia,UK,flexible,sin_deposito,62.8,1,0,0,1
3499,2024-03-30,2024-06-06,68,6,3,0,familiar,desayuno,agencia,ES,flexible,sin_deposito,118.0,0,0,0,1
386,2024-03-30,2024-07-23,115,8,1,0,estandar,desayuno,directo,FR,flexible,sin_deposito,94.26,2,0,0,1
4513,2024-03-30,2024-06-24,86,4,1,0,suite,solo_alojamiento,web_intermediaria,FR,flexible,parcial,163.23,0,0,0,0
2510,2024-03-30,2024-05-14,45,10,4,0,suite,todo_incluido,web_intermediaria,UK,no_reembolsable,sin_deposito,141.25,0,0,0,0
784,2024-03-30,2024-08-08,131,3,4,0,suite,desayuno,directo,UK,flexible,sin_deposito,200.05,1,0,0,0
5158,2024-03-30,2024-12-01,246,8,4,0,superior,solo_alojamiento,web_intermediaria,DE,flexible,sin_deposito,103.9,1,1,0,1
783,2024-03-30,2024-09-03,157,5,1,0,suite,media_pension,web_intermediaria,ES,flexible,total,158.51,0,0,0,0
4655,2024-03-30,2024-11-27,242,7,3,0,familiar,solo_alojamiento,directo,ES,flexible,sin_deposito,108.52,0,1,0,0
4842,2024-03-31,2024-10-22,205,4,1,0,estandar,media_pension,web_intermediaria,ES,flexible,sin_deposito,75.16,1,0,0,1
5188,2024-03-31,2024-04-19,19,2,2,3,superior,solo_alojamiento,directo,otros,no_reembolsable,parcial,99.68,2,1,1,0
1605,2024-03-31,2024-06-06,67,7,4,0,familiar,solo_alojamiento,web_intermediaria,UK,flexible,sin_deposito,102.88,0,0,0,1
2923,2024-03-31,2024-11-05,219,6,2,2,estandar,media_pension,directo,UK,flexible,parcial,75.32,1,1,0,1
5732,2024-03-31,2024-11-12,226,5,2,1,estandar,desayuno,web_intermediaria,ES,flexible,parcial,72.68,1,0,0,1
436,2024-03-31,2024-07-10,101,5,2,0,estandar,desayuno,empresa,UK,flexible,sin_deposito,73.55,0,1,0,1
4198,2024-03-31,2024-09-04,157,6,2,0,suite,desayuno,web_intermediaria,ES,no_reembolsable,sin_deposito,169.09,1,0,0,0
5801,2024-03-31,2024-08-06,128,2,2,0,suite,desayuno,directo,UK,flexible,sin_deposito,209.24,1,0,0,0
1238,2024-03-31,2024-05-28,58,5,4,0,suite,media_pension,web_intermediaria,UK,flexible,sin_deposito,148.92,0,0,0,0
3973,2024-03-31,2024-07-27,118,6,4,0,estandar,solo_alojamiento,web_intermediaria,NL,no_reembolsable,total,95.35,0,0,0,0
4798,2024-03-31,2024-07-10,101,7,2,0,estandar,solo_alojamiento,web_intermediaria,ES,flexible,sin_deposito,88.99,0,0,0,1
2080,2024-04-01,2024-07-09,99,7,2,0,suite,desayuno,agencia,ES,no_reembolsable,parcial,222.0,2,0,0,0
1928,2024-04-01,2024-07-08,98,7,3,0,estandar,desayuno,directo,UK,flexible,sin_deposito,87.76,1,0,0,1
874,2024-04-01,2024-07-02,92,4,2,0,superior,todo_incluido,web_intermediaria,IT,flexible,parcial,106.04,1,1,0,1
1610,2024-04-01,2024-04-09,8,4,3,0,estandar,todo_incluido,web_intermediaria,ES,flexible,sin_deposito,69.3,0,0,0,1
5761,2024-04-01,2024-05-22,51,4,2,0,estandar,desayuno,directo,ES,flexible,parcial,76.38,2,0,0,0
5893,2024-04-01,2024-05-10,39,7,2,0,estandar,todo_incluido,directo,DE,flexible,total,63.36,0,0,0,0
5780,2024-04-02,2024-04-14,12,5,3,2,estandar,desayuno,directo,ES,flexible,sin_deposito,66.36,0,0,0,0
157,2024-04-02,2024-07-07,96,6,2,1,estandar,todo_incluido,web_intermediaria,otros,flexible,sin_deposito,91.25,1,0,0,1
2823,2024-04-02,2024-05-19,47,13,2,0,superior,solo_alojamiento,directo,FR,no_reembolsable,parcial,100.05,0,0,0,0
2830,2024-04-02,2024-09-02,153,3,1,0,suite,media_pension,web_intermediaria,UK,no_reembolsable,sin_deposito,174.32,0,0,0,0
3064,2024-04-02,2024-04-26,24,2,1,1,estandar,desayuno,web_intermediaria,UK,no_reembolsable,parcial,59.82,0,0,0,0
3821,2024-04-02,2024-04-20,18,5,3,0,estandar,media_pension,directo,NL,flexible,sin_deposito,78.37,2,0,0,0
4532,2024-04-02,2024-07-24,113,6,2,0,estandar,desayuno,web_intermediaria,ES,flexible,total,81.2,1,0,0,1
1630,2024-04-02,2024-06-06,65,3,2,2,superior,desayuno,agencia,otros,no_reembolsable,total,99.31,0,0,0,0
3774,2024-04-02,2024-11-14,226,9,2,0,estandar,todo_incluido,directo,DE,flexible,sin_deposito,67.8,2,0,0,0
2819,2024-04-03,2024-06-09,67,4,2,1,superior,media_pension,web_intermediaria,UK,flexible,sin_deposito,94.41,2,0,0,1
1805,2024-04-03,2024-08-03,122,7,2,0,familiar,todo_incluido,directo,NL,no_reembolsable,sin_deposito,148.73,0,0,0,1
3165,2024-04-03,2024-07-26,114,9,1,0,estandar,media_pension,web_intermediaria,otros,no_reembolsable,sin_deposito,84.66,3,0,0,1
18,2024-04-03,2024-12-25,266,6,2,0,superior,desayuno,agencia,otros,flexible,parcial,116.34,0,0,0,1
1005,2024-04-03,2024-08-04,123,7,2,0,suite,media_pension,agencia,DE,no_reembolsable,total,231.1,1,0,0,0
2909,2024-04-03,2024-04-16,13,10,1,0,superior,desayuno,web_intermediaria,NL,no_reembolsable,parcial,103.39,0,0,0,0
2697,2024-04-03,2024-05-30,57,5,1,0,estandar,desayuno,agencia,DE,flexible,total,68.29,3,0,0,0
3348,2024-04-03,2024-08-26,145,4,3,2,familiar,todo_incluido,directo,Nordicos,no_reembolsable,sin_deposito,128.67,1,0,0,0
2699,2024-04-03,2024-04-07,4,4,1,0,suite,todo_incluido,web_intermediaria,ES,flexible,total,166.0,1,1,0,0
2550,2024-04-03,2024-06-24,82,6,2,1,estandar,media_pension,web_intermediaria,UK,flexible,parcial,62.93,1,0,0,0
3513,2024-04-03,2024-04-21,18,8,4,0,suite,desayuno,web_intermediaria,,flexible,parcial,172.53,0,0,0,0
5946,2024-04-03,2024-05-06,33,4,2,2,estandar,media_pension,web_intermediaria,ES,flexible,total,63.76,0,0,0,0
221,2024-04-03,2024-06-17,75,4,4,0,superior,desayuno,web_intermediaria,Nordicos,no_reembolsable,sin_deposito,90.67,0,0,0,0
759,2024-04-03,2024-07-13,101,7,2,0,superior,desayuno,web_intermediaria,IT,flexible,sin_deposito,125.13,0,0,0,1
945,2024-04-04,2024-12-06,246,8,2,1,estandar,media_pension,agencia,otros,no_reembolsable,parcial,80.95,0,0,0,1
2006,2024-04-04,2024-12-16,256,5,2,0,estandar,desayuno,agencia,ES,flexible,parcial,85.49,0,0,0,1
5661,2024-04-04,2024-08-06,124,4,3,1,estandar,media_pension,agencia,DE,no_reembolsable,sin_deposito,98.26,0,0,0,1
74,2024-04-04,2024-05-01,27,5,2,0,familiar,todo_incluido,web_intermediaria,UK,flexible,parcial,102.47,0,0,0,1
2104,2024-04-04,2024-07-26,113,4,2,0,estandar,media_pension,web_intermediaria,DE,flexible,parcial,85.34,0,0,0,1
4145,2024-04-04,2024-04-09,5,7,2,0,familiar,todo_incluido,web_intermediaria,DE,flexible,total,108.53,1,0,0,0
705,2024-04-04,2024-05-08,34,7,1,0,estandar,todo_incluido,agencia,ES,flexible,sin_deposito,80.93,1,0,0,1
1776,2024-04-05,2024-08-03,120,6,2,0,estandar,todo_incluido,web_intermediaria,ES,flexible,sin_deposito,77.32,0,1,0,1
4118,2024-04-05,2024-11-21,230,9,2,0,estandar,desayuno,agencia,UK,flexible,sin_deposito,76.59,0,0,0,1
2085,2024-04-05,2024-07-27,113,8,1,1,superior,todo_incluido,web_intermediaria,ES,no_reembolsable,sin_deposito,100.78,0,1,0,1
3022,2024-04-05,2024-07-21,107,6,2,0,estandar,media_pension,directo,ES,flexible,sin_deposito,82.73,1,0,0,1
3287,2024-04-05,2024-04-19,14,7,2,0,superior,media_pension,directo,FR,flexible,parcial,94.96,1,1,0,0
3945,2024-04-05,2024-04-15,10,1,3,0,superior,media_pension,web_intermediaria,UK,no_reembolsable,parcial,98.76,0,0,0,0
5885,2024-04-05,2024-07-21,107,5,1,0,estandar,desayuno,directo,ES,flexible,parcial,91.85,0,0,0,0
4204,2024-04-05,2024-05-07,32,6,2,0,estandar,media_pension,agencia,ES,no_reembolsable,sin_deposito,69.11,1,0,0,0
434,2024-04-05,2024-04-08,3,5,1,0,estandar,desayuno,web_intermediaria,UK,flexible,total,66.93,0,0,0,0
3102,2024-04-05,2024-05-30,55,8,3,1,superior,todo_incluido,directo,NL,flexible,sin_deposito,85.7,0,0,0,0
3538,2024-04-06,2024-05-01,25,7,3,0,estandar,desayuno,directo,IT,no_reembolsable,sin_deposito,70.53,0,1,0,0
670,2024-04-06,2024-08-13,129,4,4,0,estandar,desayuno,web_intermediaria,otros,flexible,total,83.52,0,0,0,1
4021,2024-04-06,2024-06-22,77,4,2,1,superior,media_pension,agencia,ES,flexible,parcial,107.41,2,0,0,0
1926,2024-04-06,2024-04-24,18,8,4,0,familiar,todo_incluido,directo,DE,no_reembolsable,total,110.74,0,0,0,0
5995,2024-04-06,2024-06-14,69,8,2,0,superior,desayuno,web_intermediaria,ES,no_reembolsable,sin_deposito,99.69,0,0,0,1
1645,2024-04-06,2024-08-25,141,7,2,1,estandar,desayuno,web_intermediaria,FR,no_reembolsable,parcial,83.66,0,0,0,1
443,2024-04-06,2024-06-16,71,5,2,0,estandar,media_pension,web_intermediaria,otros,flexible,sin_deposito,73.08,0,1,0,0
2431,2024-04-06,2024-08-09,125,5,2,3,familiar,desayuno,web_intermediaria,Nordicos,flexible,sin_deposito,126.41,0,0,0,1
414,2024-04-06,2024-07-09,94,9,1,2,estandar,media_pension,directo,UK,flexible,total,83.5,1,0,0,1
4303,2024-04-07,2024-06-21,75,9,2,0,familiar,desayuno,web_intermediaria,ES,no_reembolsable,total,102.57,2,0,0,0
3527,2024-04-07,2024-07-11,95,5,3,0,estandar,solo_alojamiento,web_intermediaria,NL,flexible,sin_deposito,91.41,1,0,0,1
2761,2024-04-07,2024-04-29,22,9,2,0,familiar,desayuno,agencia,DE,flexible,total,114.47,0,1,0,0
4758,2024-04-07,2024-07-07,91,11,2,0,estandar,desayuno,web_intermediaria,DE,no_reembolsable,sin_deposito,88.79,0,1,0,0
1895,2024-04-07,2024-09-14,160,10,2,2,suite,todo_incluido,directo,DE,no_reembolsable,parcial,161.74,0,0,0,0
948,2024-04-07,2024-10-21,197,4,4,0,superior,todo_incluido,web_intermediaria,NL,no_reembolsable,total,98.62,0,0,0,0
4657,2024-04-07,2024-06-20,74,4,3,2,estandar,desayuno,directo,NL,flexible,parcial,70.97,0,0,0,0
3606,2024-04-08,2024-06-21,74,5,1,0,superior,media_pension,web_intermediaria,ES,flexible,total,95.42,1,0,0,0
5231,2024-04-08,2024-07-05,88,10,2,0,superior,desayuno,directo,NL,no_reembolsable,sin_deposito,135.95,0,0,0,0
5560,2024-04-08,2024-07-18,101,6,2,0,estandar,desayuno,web_intermediaria,UK,no_reembolsable,sin_deposito,76.4,1,0,0,1
1819,2024-04-08,2024-10-24,199,8,2,0,estandar,desayuno,agencia,DE,no_reembolsable,parcial,64.68,1,0,0,0
3269,2024-04-08,2024-09-14,159,9,1,0,familiar,todo_incluido,directo,ES,flexible,parcial,107.6,1,0,0,0
604,2024-04-08,2024-12-25,261,5,2,0,estandar,solo_alojamiento,agencia,ES,flexible,parcial,85.97,0,0,0,1
2480,2024-04-08,2024-06-29,82,4,4,1,familiar,desayuno,directo,ES,flexible,sin_deposito,114.16,0,0,0,0
1358,2024-04-08,2024-06-01,54,2,2,1,estandar,desayuno,agencia,UK,no_reembolsable,sin_deposito,60.66,0,0,0,0
2207,2024-04-08,2024-05-08,30,6,2,0,estandar,desayuno,web_intermediaria,ES,flexible,parcial,72.24,0,0,0,0
3308,2024-04-08,2024-07-26,109,4,1,2,estandar,todo_incluido,empresa,UK,flexible,total,89.05,0,0,0,1
4474,2024-04-09,2024-06-15,67,5,2,1,familiar,media_pension,web_intermediaria,ES,flexible,sin_deposito,107.68,0,0,0,1
1342,2024-04-09,2024-07-07,89,5,3,0,estandar,media_pension,agencia,ES,flexible,sin_deposito,91.43,1,0,0,0
823,2024-04-09,2024-05-13,34,4,2,1,superior,todo_incluido,web_intermediaria,NL,flexible,sin_deposito,92.73,3,0,0,0
2727,2024-04-09,2024-08-18,131,6,2,0,estandar,desayuno,web_intermediaria,UK,flexible,sin_deposito,86.07,0,0,0,1
5456,2024-04-09,2024-08-12,125,7,1,0,superior,desayuno,directo,UK,no_reembolsable,parcial,122.77,0,1,0,0
1836,2024-04-10,2024-06-16,67,2,2,0,familiar,solo_alojamiento,web_intermediaria,Nordicos,flexible,sin_deposito,106.12,1,1,2,0
2378,2024-04-10,2024-06-12,63,6,2,0,estandar,media_pension,web_intermediaria,IT,no_reembolsable,parcial,72.68,0,1,0,1
1528,2024-04-10,2024-06-13,64,6,1,0,superior,solo_alojamiento,directo,UK,no_reembolsable,total,100.1,0,0,0,0
5089,2024-04-10,2024-09-16,159,8,2,0,superior,todo_incluido,agencia,UK,no_reembolsable,sin_deposito,87.87,0,0,0,1
5159,2024-04-10,2024-05-25,45,7,2,0,superior,desayuno,directo,UK,flexible,parcial,99.78,1,0,0,1
2234,2024-04-10,2024-07-09,90,10,2,1,superior,desayuno,directo,NL,flexible,total,119.9,1,0,0,0
4837,2024-04-10,2024-08-02,114,7,2,0,superior,media_pension,web_intermediaria,ES,flexible,sin_deposito,112.46,0,1,0,1
682,2024-04-10,2024-06-01,52,13,2,0,estandar,desayuno,empresa,otros,no_reembolsable,parcial,63.56,0,0,0,0
2210,2024-04-10,2024-06-03,54,5,2,0,estandar,desayuno,web_intermediaria,UK,flexible,sin_deposito,65.03,1,0,0,1
5428,2024-04-11,2024-08-21,132,7,4,0,familiar,solo_alojamiento,web_intermediaria,NL,flexible,sin_deposito,150.85,0,1,1,0
2736,2024-04-11,2024-11-23,226,7,1,0,estandar,todo_incluido,web_intermediaria,ES,flexible,parcial,68.26,0,0,0,1
3889,2024-04-11,2024-09-16,158,7,4,1,estandar,media_pension,agencia,UK,flexible,sin_deposito,65.14,0,0,0,1
4668,2024-04-11,2024-06-26,76,8,2,0,estandar,desayuno,agencia,ES,flexible,sin_deposito,65.8,1,0,0,1
1445,2024-04-11,2024-08-18,129,5,4,0,estandar,todo_incluido,directo,,no_reembolsable,parcial,83.54,0,0,0,0
721,2024-04-11,2024-06-01,51,5,4,0,estandar,solo_alojamiento,web_intermediaria,NL,flexible,sin_deposito,70.6,0,0,0,1
2108,2024-04-11,2024-08-25,136,2,2,0,superior,desayuno,web_intermediaria,ES,flexible,total,131.94,0,0,0,1
100,2024-04-12,2024-05-26,44,3,1,0,estandar,todo_incluido,directo,otros,flexible,total,62.18,1,1,0,0
3993,2024-04-12,2024-08-26,136,4,2,0,estandar,desayuno,web_intermediaria,IT,flexible,total,83.25,1,0,0,1
118,2024-04-12,2024-05-07,25,5,2,0,estandar,media_pension,directo,ES,flexible,total,73.83,0,0,0,0
462,2024-04-12,2024-05-06,24,7,2,0,familiar,todo_incluido,directo,FR,flexible,sin_deposito,93.99,3,0,0,0
3514,2024-04-12,2024-08-24,134,6,2,0,estandar,solo_alojamiento,web_intermediaria,ES,flexible,sin_deposito,97.39,0,0,0,1
241,2024-04-12,2024-07-04,83,5,2,0,suite,todo_incluido,directo,NL,no_reembolsable,sin_deposito,178.92,0,0,0,0
3835,2024-04-12,2024-04-17,5,6,2,0,estandar,media_pension,agencia,ES,flexible,parcial,66.97,0,1,0,0
3249,2024-04-12,2024-05-01,19,4,2,3,estandar,media_pension,agencia,DE,flexible,parcial,64.59,0,0,0,0
3204,2024-04-12,2024-07-12,91,7,2,0,suite,desayuno,directo,ES,no_reembolsable,sin_deposito,180.22,1,0,0,0
306,2024-04-12,2024-11-10,212,5,2,2,estandar,media_pension,agencia,NL,flexible,sin_deposito,71.4,0,0,0,1
5985,2024-04-12,2024-06-05,54,2,2,2,superior,solo_alojamiento,web_intermediaria,UK,flexible,total,90.4,1,0,0,0
769,2024-04-12,2024-08-29,139,3,3,0,estandar,desayuno,agencia,DE,no_reembolsable,parcial,88.28,1,1,0,0
620,2024-04-12,2024-05-20,38,5,2,0,superior,desayuno,web_intermediaria,UK,flexible,sin_deposito,87.39,1,0,0,1
4026,2024-04-12,2024-08-04,114,3,2,0,familiar,desayuno,directo,NL,flexible,parcial,129.92,0,0,0,1
4368,2024-04-13,2024-05-26,43,3,2,0,superior,desayuno,web_intermediaria,UK,flexible,parcial,104.32,1,0,0,0
329,2024-04-13,2024-07-26,104,5,2,1,superior,desayuno,web_intermediaria,ES,no_reembolsable,total,101.15,0,0,0,0
1187,2024-04-13,2024-05-22,39,10,2,0,estandar,solo_alojamiento,web_intermediaria,ES,flexible,parcial,68.93,0,0,0,0
4016,2024-04-13,2024-09-08,148,7,2,2,superior,todo_incluido,agencia,otros,flexible,parcial,107.11,0,0,0,1
1090,2024-04-13,2024-06-13,61,6,3,0,estandar,desayuno,web_intermediaria,Nordicos,no_reembolsable,parcial,70.57,1,0,0,0
2519,2024-04-14,2024-05-30,46,5,3,0,superior,todo_incluido,empresa,NL,flexible,sin_deposito,105.09,1,0,0,0
5075,2024-04-14,2024-07-01,78,5,3,0,estandar,media_pension,directo,IT,flexible,total,87.47,1,0,0,0
1963,2024-04-14,2024-11-05,205,13,2,0,estandar,desayuno,web_intermediaria,DE,no_reembolsable,sin_deposito,72.27,1,0,0,1
834,2024-04-14,2024-08-30,138,4,2,0,estandar,desayuno,web_intermediaria,ES,no_reembolsable,sin_deposito,83.37,0,0,0,0
1612,2024-04-14,2024-05-09,25,3,3,3,estandar,desayuno,web_intermediaria,NL,no_reembolsable,sin_deposito,58.42,0,0,0,0
4954,2024-04-14,2024-10-22,191,5,1,0,familiar,media_pension,web_intermediaria,,flexible,sin_deposito,116.95,2,0,0,1
924,2024-04-15,2024-08-13,120,5,1,0,estandar,solo_alojamiento,web_intermediaria,DE,flexible,parcial,88.8,1,0,0,0
4061,2024-04-15,2024-08-27,134,6,4,0,estandar,media_pension,directo,UK,flexible,total,85.49,0,0,0,0
408,2024-04-15,2024-05-29,44,4,3,0,estandar,media_pension,web_intermediaria,ES,flexible,sin_deposito,80.12,1,1,0,1
3671,2024-04-15,2024-08-14,121,8,2,0,superior,desayuno,web_intermediaria,DE,flexible,sin_deposito,135.05,1,0,0,1
5755,2024-04-15,2024-05-30,45,5,3,0,estandar,desayuno,agencia,UK,flexible,sin_deposito,72.8,0,0,0,0
2302,2024-04-15,2024-07-30,106,7,2,0,estandar,desayuno,web_intermediaria,ES,flexible,parcial,93.77,1,1,1,1
5212,2024-04-15,2024-07-27,103,7,2,0,estandar,desayuno,web_intermediaria,ES,flexible,parcial,86.71,2,0,0,1
1063,2024-04-15,2024-07-01,77,6,3,0,estandar,media_pension,web_intermediaria,FR,flexible,parcial,74.29,0,0,0,1
256,2024-04-15,2024-06-07,53,7,2,0,estandar,desayuno,web_intermediaria,UK,no_reembolsable,sin_deposito,70.99,0,0,0,0
528,2024-04-15,2024-09-12,150,3,2,1,superior,todo_incluido,web_intermediaria,NL,flexible,total,91.65,0,0,0,1
522,2024-04-16,2024-05-23,37,5,2,0,estandar,desayuno,web_intermediaria,ES,no_reembolsable,sin_deposito,65.04,0,0,0,0
5782,2024-04-16,2024-08-12,118,6,2,0,superior,desayuno,agencia,Nordicos,flexible,sin_deposito,102.58,0,0,0,1
5034,2024-04-16,2024-06-24,69,11,2,2,estandar,todo_incluido,agencia,otros,flexible,sin_deposito,71.77,0,0,0,0
5921,2024-04-16,2024-05-20,34,8,2,0,familiar,desayuno,agencia,ES,flexible,parcial,108.33,0,0,0,1
2330,2024-04-17,2024-08-22,127,4,2,0,suite,desayuno,agencia,Nordicos,no_reembolsable,sin_deposito,214.45,0,0,0,1
3058,2024-04-17,2024-06-06,50,9,1,0,familiar,desayuno,agencia,FR,no_reembolsable,sin_deposito,119.33,1,1,0,0
752,2024-04-17,2024-05-19,32,4,2,2,superior,media_pension,web_intermediaria,DE,flexible,sin_deposito,91.88,0,0,0,1
4098,2024-04-17,2024-10-26,192,2,1,2,familiar,solo_alojamiento,web_intermediaria,,no_reembolsable,sin_deposito,117.06,0,0,0,1
975,2024-04-17,2024-09-08,144,5,2,0,estandar,todo_incluido,web_intermediaria,UK,flexible,total,64.12,0,0,0,1
4631,2024-04-17,2024-10-19,185,6,1,1,suite,media_pension,web_intermediaria,UK,flexible,total,147.26,2,0,0,1
1607,2024-04-17,2024-12-29,256,5,4,2,familiar,desayuno,directo,ES,no_reembolsable,sin_deposito,141.9,1,0,0,0
1935,2024-04-17,2024-09-22,158,3,2,0,superior,todo_incluido,web_intermediaria,Nordicos,flexible,total,97.5,0,0,0,1
5251,2024-04-18,2024-05-22,34,7,1,1,superior,desayuno,agencia,UK,no_reembolsable,total,102.47,0,0,0,0
457,2024-04-18,2024-08-11,115,11,4,1,estandar,solo_alojamiento,directo,,no_reembolsable,sin_deposito,91.29,1,0,0,0
1575,2024-04-18,2025-01-12,269,10,2,0,estandar,desayuno,web_intermediaria,ES,flexible,parcial,88.85,1,0,0,1
5906,2024-04-18,2024-07-18,91,4,2,1,estandar,desayuno,web_intermediaria,FR,flexible,sin_deposito,85.83,0,0,0,1
3069,2024-04-18,2024-10-30,195,4,1,1,estandar,desayuno,agencia,UK,flexible,parcial,69.03,2,0,0,1
2891,2024-04-18,2024-08-08,112,5,2,0,suite,desayuno,agencia,ES,flexible,parcial,193.94,0,0,0,0
2889,2024-04-18,2024-05-23,35,5,2,0,suite,todo_incluido,web_intermediaria,ES,flexible,sin_deposito,157.98,2,0,0,0
5806,2024-04-18,2024-08-12,116,4,1,1,estandar,desayuno,web_intermediaria,otros,flexible,sin_deposito,89.41,2,0,0,0
5824,2024-04-18,2024-06-10,53,3,2,2,familiar,media_pension,agencia,NL,no_reembolsable,parcial,107.99,0,0,0,0
938,2024-04-18,2024-07-01,74,3,2,0,superior,desayuno,web_intermediaria,ES,no_reembolsable,sin_deposito,114.41,0,0,0,1
1677,2024-04-19,2024-08-14,117,4,2,0,estandar,desayuno,web_intermediaria,IT,flexible,parcial,88.17,0,1,1,1
2063,2024-04-19,2024-06-19,61,8,1,0,estandar,media_pension,web_intermediaria,otros,no_reembolsable,parcial,75.5,1,0,0,0
1524,2024-04-19,2024-10-15,179,3,1,0,familiar,media_pension,directo,ES,flexible,sin_deposito,120.15,1,0,0,1
1698,2024-04-19,2024-06-26,68,6,2,0,familiar,todo_incluido,agencia,Nordicos,flexible,sin_deposito,117.21,1,0,0,0
1104,2024-04-19,2024-07-30,102,5,2,0,estandar,desayuno,agencia,Nordicos,no_reembolsable,parcial,86.24,4,0,0,0
4752,2024-04-19,2024-05-17,28,5,4,1,estandar,media_pension,empresa,ES,flexible,sin_deposito,65.09,0,0,0,0
3980,2024-04-19,2025-01-03,259,9,1,1,estandar,media_pension,web_intermediaria,DE,no_reembolsable,sin_deposito,87.75,0,0,0,1
4720,2024-04-19,2024-07-14,86,2,2,2,familiar,media_pension,web_intermediaria,Nordicos,flexible,sin_deposito,136.32,3,0,0,0
2663,2024-04-19,2024-06-13,55,4,2,0,estandar,desayuno,directo,NL,no_reembolsable,sin_deposito,60.12,1,0,0,0
4766,2024-04-19,2024-06-19,61,7,2,0,estandar,todo_incluido,agencia,otros,flexible,sin_deposito,58.12,0,0,0,0
3830,2024-04-19,2024-07-18,90,4,2,2,superior,solo_alojamiento,agencia,UK,flexible,parcial,126.07,1,0,0,1
273,2024-04-20,2024-06-09,50,5,4,0,estandar,desayuno,directo,otros,no_reembolsable,total,65.75,1,0,0,0
5052,2024-04-20,2024-07-20,91,3,2,0,suite,desayuno,web_intermediaria,DE,flexible,sin_deposito,185.46,0,0,0,1
4113,2024-04-20,2024-05-09,19,4,2,3,estandar,solo_alojamiento,directo,NL,no_reembolsable,sin_deposito,63.46,0,0,0,0
4211,2024-04-20,2024-07-15,86,3,2,0,superior,todo_incluido,web_intermediaria,UK,no_reembolsable,total,109.66,0,1,1,1
4348,2024-04-20,2024-06-18,59,4,1,1,superior,solo_alojamiento,web_intermediaria,DE,flexible,sin_deposito,92.15,1,0,0,0
357,2024-04-20,2024-07-07,78,10,2,0,familiar,solo_alojamiento,web_intermediaria,UK,flexible,parcial,132.17,0,1,0,0
2639,2024-04-20,2024-06-12,53,5,4,0,superior,media_pension,web_intermediaria,ES,no_reembolsable,total,91.8,0,1,1,0
1481,2024-04-20,2024-08-28,130,4,2,0,superior,desayuno,web_intermediaria,DE,flexible,sin_deposito,121.68,0,0,0,1
1970,2024-04-21,2024-08-27,128,9,4,0,estandar,solo_alojamiento,agencia,ES,no_reembolsable,parcial,89.82,1,0,0,1
182,2024-04-21,2024-08-16,117,7,3,0,superior,desayuno,agencia,UK,flexible,parcial,113.9,1,0,0,0
2013,2024-04-21,2024-06-23,63,8,2,0,estandar,todo_incluido,web_intermediaria,Nordicos,flexible,sin_deposito,72.14,1,1,0,0
4018,2024-04-21,2024-06-26,66,9,3,0,estandar,desayuno,web_intermediaria,UK,no_reembolsable,sin_deposito,73.18,0,0,0,0
4849,2024-04-21,2024-06-24,64,5,2,2,estandar,desayuno,directo,DE,no_reembolsable,sin_deposito,78.98,0,0,0,0
390,2024-04-21,2024-05-26,35,4,3,1,superior,todo_incluido,directo,ES,no_reembolsable,sin_deposito,104.23,0,0,0,0
3701,2024-04-21,2025-01-01,255,3,2,0,estandar,desayuno,agencia,FR,no_reembolsable,total,87.99,0,0,0,1
5827,2024-04-21,2024-05-30,39,10,2,2,superior,media_pension,web_intermediaria,ES,flexible,sin_deposito,109.3,0,0,0,1
2008,2024-04-21,2024-12-02,225,4,2,1,estandar,solo_alojamiento,directo,UK,flexible,sin_deposito,81.69,1,0,0,1
1537,2024-04-22,2024-09-06,137,7,2,0,superior,media_pension,web_intermediaria,Nordicos,flexible,total,96.06,0,0,0,1
2886,2024-04-22,2024-08-21,121,8,3,0,superior,desayuno,web_intermediaria,otros,no_reembolsable,sin_deposito,113.75,1,1,0,0
3038,2024-04-22,2024-05-23,31,4,2,2,familiar,desayuno,directo,Nordicos,flexible,parcial,104.66,0,0,0,0
3568,2024-04-22,2024-06-01,40,2,2,0,estandar,media_pension,directo,UK,flexible,sin_deposito,67.3,1,1,0,1
3686,2024-04-22,2024-12-10,232,5,2,0,estandar,media_pension,web_intermediaria,,flexible,total,78.28,0,0,0,1
536,2024-04-22,2024-08-22,122,4,2,0,superior,todo_incluido,web_intermediaria,IT,no_reembolsable,sin_deposito,123.52,1,0,0,0
5366,2024-04-22,2024-08-22,122,5,2,2,suite,todo_incluido,directo,UK,flexible,parcial,187.91,0,0,0,1
5547,2024-04-22,2024-05-23,31,2,2,0,estandar,solo_alojamiento,directo,UK,flexible,sin_deposito,74.51,0,0,0,0
2308,2024-04-22,2024-06-06,45,6,1,2,estandar,desayuno,web_intermediaria,NL,no_reembolsable,parcial,62.06,0,0,0,0
5902,2024-04-22,2024-05-10,18,7,2,0,familiar,solo_alojamiento,directo,NL,no_reembolsable,sin_deposito,114.87,2,0,0,0
1046,2024-04-22,2024-09-08,139,7,2,0,estandar,solo_alojamiento,directo,ES,flexible,sin_deposito,75.5,1,0,0,0
1229,2024-04-22,2024-10-02,163,4,2,1,estandar,solo_alojamiento,directo,UK,flexible,parcial,76.17,1,0,0,1
3928,2024-04-22,2024-08-20,120,1,4,0,suite,desayuno,agencia,IT,no_reembolsable,sin_deposito,195.99,2,0,0,0
2222,2024-04-22,2024-06-27,66,7,2,1,superior,desayuno,web_intermediaria,IT,flexible,sin_deposito,96.21,0,0,0,1
961,2024-04-22,2024-06-01,40,8,4,0,superior,media_pension,agencia,NL,flexible,parcial,91.33,1,0,0,0
58,2024-04-22,2024-10-31,192,4,3,0,superior,media_pension,web_intermediaria,DE,no_reembolsable,total,92.24,0,0,0,0
3603,2024-04-23,2024-07-28,96,5,2,0,estandar,media_pension,web_intermediaria,Nordicos,no_reembolsable,parcial,99.77,0,0,0,1
884,2024-04-23,2024-06-30,68,5,2,0,estandar,desayuno,directo,ES,flexible,sin_deposito,58.31,2,0,0,0
1406,2024-04-23,2024-08-05,104,5,2,0,estandar,solo_alojamiento,web_intermediaria,Nordicos,flexible,sin_deposito,87.97,2,0,0,0
533,2024-04-23,2024-06-20,58,2,2,0,estandar,desayuno,agencia,ES,flexible,sin_deposito,70.02,0,0,0,1
2249,2024-04-23,2024-06-15,53,2,2,2,estandar,todo_incluido,empresa,ES,no_reembolsable,sin_deposito,72.3,0,0,0,1
2792,2024-04-23,2024-09-07,137,4,2,0,superior,media_pension,directo,ES,flexible,total,88.03,0,0,0,0
3808,2024-04-23,2024-08-05,104,5,1,0,estandar,desayuno,web_intermediaria,DE,no_reembolsable,parcial,77.11,0,0,0,0
5832,2024-04-23,2024-05-25,32,10,3,0,estandar,todo_incluido,web_intermediaria,UK,flexible,sin_deposito,58.1,0,0,0,0
5881,2024-04-23,2024-05-11,18,5,2,1,superior,todo_incluido,web_intermediaria,ES,flexible,sin_deposito,91.19,1,0,0,0
4663,2024-04-23,2024-12-02,223,5,1,0,estandar,desayuno,directo,,flexible,sin_deposito,78.9,1,0,0,1
4557,2024-04-23,2024-06-13,51,4,2,0,estandar,todo_incluido,directo,ES,no_reembolsable,sin_deposito,71.39,0,1,2,1
2868,2024-04-24,2024-09-04,133,6,1,2,estandar,solo_alojamiento,web_intermediaria,DE,no_reembolsable,parcial,74.27,1,0,0,1
1947,2024-04-24,2024-06-25,62,5,2,2,estandar,media_pension,directo,ES,no_reembolsable,total,59.8,1,0,0,0
3707,2024-04-24,2024-08-13,111,4,2,0,superior,media_pension,directo,,no_reembolsable,sin_deposito,120.34,0,0,0,0
847,2024-04-24,2024-07-06,73,7,2,0,superior,media_pension,web_intermediaria,ES,no_reembolsable,parcial,110.41,1,1,0,0
3403,2024-04-24,2024-06-26,63,8,1,0,estandar,todo_incluido,directo,IT,flexible,sin_deposito,75.17,0,0,0,1
4418,2024-04-24,2024-06-18,55,7,2,0,estandar,desayuno,agencia,otros,flexible,sin_deposito,72.75,2,1,0,0
3253,2024-04-24,2024-06-23,60,4,2,0,suite,desayuno,agencia,UK,flexible,sin_deposito,145.25,0,0,0,1
5914,2024-04-24,2024-06-08,45,3,3,1,estandar,solo_alojamiento,web_intermediaria,DE,no_reembolsable,sin_deposito,73.82,1,0,0,0
1655,2024-04-24,2024-05-23,29,5,2,0,estandar,media_pension,directo,UK,flexible,sin_deposito,65.63,0,0,0,0
750,2024-04-25,2024-09-08,136,5,1,0,estandar,desayuno,directo,otros,flexible,parcial,76.53,0,0,0,1
5151,2024-04-25,2024-06-12,48,5,2,1,estandar,todo_incluido,web_intermediaria,ES,flexible,sin_deposito,65.72,0,0,0,1
2427,2024-04-25,2024-09-09,137,6,3,0,superior,desayuno,directo,ES,flexible,sin_deposito,98.03,0,0,0,1
937,2024-04-25,2024-08-04,101,4,2,0,estandar,media_pension,web_intermediaria,ES,no_reembolsable,total,84.18,1,0,0,0
5937,2024-04-25,2024-05-05,10,6,2,0,superior,solo_alojamiento,agencia,IT,no_reembolsable,parcial,98.38,0,0,0,0
3351,2024-04-26,2025-05-31,400,6,2,0,superior,media_pension,empresa,ES,no_reembolsable,sin_deposito,99.25,0,0,0,1
1695,2024-04-26,2024-05-16,20,4,2,0,suite,media_pension,agencia,DE,flexible,sin_deposito,162.24,1,0,0,0
5457,2024-04-26,2024-05-17,21,5,1,0,estandar,desayuno,directo,FR,flexible,parcial,71.61,1,0,0,0
5846,2024-04-27,2024-06-30,64,7,2,3,superior,media_pension,web_intermediaria,UK,flexible,sin_deposito,105.3,0,0,0,1
5978,2024-04-27,2024-07-02,66,2,1,3,superior,desayuno,directo,IT,flexible,total,116.86,1,0,0,0
4884,2024-04-27,2024-07-04,68,9,2,0,estandar,desayuno,directo,DE,flexible,sin_deposito,100.29,1,0,0,1
1908,2024-04-27,2024-06-04,38,5,2,0,estandar,media_pension,agencia,otros,no_reembolsable,total,57.26,1,0,0,0
3365,2024-04-27,2024-07-27,91,3,4,0,estandar,desayuno,directo,UK,flexible,total,90.16,0,0,0,0
83,2024-04-27,2024-08-20,115,3,3,1,superior,desayuno,directo,UK,no_reembolsable,parcial,108.67,2,0,0,1
2660,2024-04-27,2024-05-28,31,2,1,0,superior,todo_incluido,directo,ES,no_reembolsable,parcial,103.04,1,0,0,1
287,2024-04-27,2024-08-16,111,5,3,0,estandar,todo_incluido,web_intermediaria,UK,flexible,sin_deposito,91.05,2,0,0,1
3327,2024-04-27,2024-07-23,87,7,2,2,superior,solo_alojamiento,agencia,DE,flexible,sin_deposito,111.43,1,0,0,0
178,2024-04-27,2024-09-30,156,7,4,3,estandar,todo_incluido,agencia,ES,flexible,sin_deposito,80.51,0,0,0,0
3163,2024-04-27,2024-08-02,97,5,2,0,estandar,desayuno,web_intermediaria,otros,flexible,sin_deposito,86.58,0,0,0,0
4957,2024-04-27,2024-06-13,47,7,2,0,familiar,solo_alojamiento,web_intermediaria,DE,flexible,parcial,123.74,0,0,0,0
1854,2024-04-27,2024-06-12,46,5,1,1,familiar,media_pension,directo,DE,flexible,sin_deposito,93.49,0,0,0,0
5542,2024-04-28,2024-08-03,97,5,2,0,estandar,desayuno,agencia,ES,no_reembolsable,total,87.17,1,0,0,0
2095,2024-04-28,2024-06-15,48,3,2,1,estandar,media_pension,agencia,ES,no_reembolsable,total,72.27,0,0,0,0
4220,2024-04-28,2024-05-07,9,4,2,0,estandar,desayuno,web_intermediaria,UK,no_reembolsable,total,66.73,0,1,0,0
1556,2024-04-28,2024-05-19,21,8,2,0,estandar,desayuno,directo,,no_reembolsable,total,66.01,1,0,0,0
5762,2024-04-28,2024-08-11,105,5,2,0,estandar,media_pension,directo,ES,flexible,parcial,90.41,1,0,0,0
2933,2024-04-28,2024-05-24,26,3,4,0,estandar,todo_incluido,web_intermediaria,UK,flexible,parcial,76.59,0,0,0,1
1487,2024-04-28,2024-08-09,103,3,3,0,estandar,desayuno,web_intermediaria,FR,no_reembolsable,sin_deposito,99.54,0,0,0,0
3885,2024-04-28,2024-08-25,119,6,2,0,estandar,desayuno,web_intermediaria,UK,no_reembolsable,sin_deposito,88.68,1,0,0,1
2369,2024-04-28,2024-05-08,10,6,4,0,estandar,todo_incluido,agencia,otros,no_reembolsable,parcial,76.9,1,0,0,0
3322,2024-04-28,2024-07-26,89,4,3,0,estandar,desayuno,directo,DE,flexible,parcial,77.18,1,0,0,1
2433,2024-04-28,2024-11-03,189,4,1,0,estandar,media_pension,directo,ES,flexible,parcial,72.83,1,0,0,0
1778,2024-04-28,2024-06-06,39,4,2,0,estandar,todo_incluido,web_intermediaria,Nordicos,flexible,sin_deposito,64.62,0,0,0,1
1076,2024-04-29,2024-05-30,31,3,3,0,estandar,todo_incluido,web_intermediaria,ES,flexible,sin_deposito,72.47,0,0,0,1
2720,2024-04-29,2024-08-15,108,6,1,0,suite,desayuno,agencia,UK,no_reembolsable,parcial,185.4,1,0,0,0
1936,2024-04-29,2024-09-06,130,6,2,1,superior,solo_alojamiento,directo,DE,flexible,parcial,107.45,2,0,0,0
4143,2024-04-29,2024-08-11,104,6,1,0,familiar,desayuno,agencia,ES,flexible,sin_deposito,150.67,0,0,0,0
5042,2024-04-29,2024-06-06,38,7,4,0,estandar,desayuno,agencia,UK,flexible,sin_deposito,77.91,0,0,0,1
5620,2024-04-30,2024-08-19,111,8,2,0,estandar,desayuno,agencia,UK,no_reembolsable,total,94.94,0,0,0,0
3271,2024-04-30,2024-06-28,59,3,2,2,estandar,desayuno,web_intermediaria,ES,no_reembolsable,sin_deposito,59.27,0,0,0,1
1637,2024-04-30,2024-07-23,84,7,3,0,estandar,solo_alojamiento,web_intermediaria,UK,no_reembolsable,sin_deposito,92.18,1,0,0,1
532,2024-04-30,2024-11-09,193,6,1,0,estandar,solo_alojamiento,web_intermediaria,otros,no_reembolsable,total,62.07,1,0,0,1
1596,2024-04-30,2025-01-16,261,4,1,1,familiar,media_pension,directo,DE,no_reembolsable,parcial,127.16,1,0,0,1
1941,2024-04-30,2024-07-22,83,7,2,0,estandar,solo_alojamiento,empresa,ES,flexible,sin_deposito,85.8,0,0,0,1
623,2024-04-30,2024-08-08,100,7,2,0,estandar,desayuno,web_intermediaria,Nordicos,no_reembolsable,total,110.16,3,0,0,0
41,2024-04-30,2024-07-21,82,3,3,1,estandar,solo_alojamiento,web_intermediaria,DE,no_reembolsable,sin_deposito,85.66,1,1,1,1
4583,2024-04-30,2024-10-01,154,7,4,0,estandar,media_pension,directo,FR,no_reembolsable,parcial,71.94,0,0,0,0
1850,2024-04-30,2024-06-27,58,3,2,0,estandar,solo_alojamiento,directo,UK,no_reembolsable,parcial,72.11,1,0,0,0
350,2024-04-30,2024-05-22,22,7,2,0,estandar,desayuno,web_intermediaria,otros,flexible,sin_deposito,65.96,1,0,0,0
5381,2024-05-01,2024-07-14,74,5,2,0,familiar,todo_incluido,empresa,UK,flexible,sin_deposito,137.66,2,0,0,1
2596,2024-05-01,2024-07-05,65,6,1,0,estandar,todo_incluido,agencia,Nordicos,flexible,total,98.04,0,0,0,0
187,2024-05-01,2024-09-02,124,3,4,2,estandar,media_pension,directo,otros,no_reembolsable,parcial,69.41,1,0,0,0
168,2024-05-01,2024-07-13,73,8,4,0,estandar,todo_incluido,web_intermediaria,UK,flexible,sin_deposito,83.86,1,0,0,1
467,2024-05-01,2024-06-20,50,4,1,1,estandar,todo_incluido,web_intermediaria,UK,no_reembolsable,total,80.25,1,0,0,0
5392,2024-05-01,2024-09-29,151,5,4,2,superior,media_pension,agencia,DE,no_reembolsable,sin_deposito,97.8,1,1,0,1
4367,2024-05-01,2024-05-17,16,7,2,0,superior,media_pension,agencia,DE,no_reembolsable,sin_deposito,98.07,0,0,0,0
4379,2024-05-01,2024-07-02,62,9,2,2,estandar,desayuno,web_intermediaria,UK,flexible,sin_deposito,79.09,2,0,0,1
1078,2024-05-01,2024-09-02,124,4,2,0,estandar,solo_alojamiento,web_intermediaria,UK,flexible,sin_deposito,59.17,1,0,0,1
5176,2024-05-01,2024-07-19,79,3,2,0,estandar,desayuno,web_intermediaria,UK,no_reembolsable,total,96.67,0,0,0,0
3690,2024-05-02,2024-10-01,152,2,2,0,estandar,solo_alojamiento,agencia,otros,flexible,sin_deposito,57.7,1,0,0,1
3559,2024-05-02,2024-07-21,80,6,2,2,suite,solo_alojamiento,web_intermediaria,ES,flexible,sin_deposito,187.72,1,1,1,0
5450,2024-05-02,2024-06-30,59,4,2,0,estandar,todo_incluido,web_intermediaria,ES,flexible,parcial,75.13,0,0,0,0
2297,2024-05-02,2024-07-05,64,10,1,3,suite,todo_incluido,web_intermediaria,Nordicos,flexible,sin_deposito,163.74,0,1,0,0
2328,2024-05-02,2024-05-20,18,4,1,0,estandar,desayuno,empresa,UK,flexible,total,60.99,1,1,1,0
2200,2024-05-02,2024-08-31,121,3,2,2,estandar,todo_incluido,empresa,FR,flexible,sin_deposito,84.38,2,1,1,1
703,2024-05-02,2024-07-11,70,4,1,0,familiar,desayuno,web_intermediaria,ES,flexible,parcial,142.35,0,0,0,0
3180,2024-05-03,2024-06-09,37,4,2,0,estandar,desayuno,web_intermediaria,UK,no_reembolsable,total,78.25,0,0,0,0
2940,2024-05-03,2024-08-21,110,7,2,0,estandar,media_pension,agencia,otros,flexible,sin_deposito,96.94,0,0,0,1
4283,2024-05-03,2024-12-28,239,4,3,0,familiar,desayuno,web_intermediaria,UK,no_reembolsable,total,129.3,0,0,0,0
3049,2024-05-03,2024-09-20,140,5,2,1,estandar,desayuno,web_intermediaria,ES,flexible,sin_deposito,74.31,0,0,0,1
3562,2024-05-03,2024-06-02,30,5,4,0,estandar,todo_incluido,web_intermediaria,DE,no_reembolsable,sin_deposito,68.95,0,0,0,1
5851,2024-05-03,2024-08-23,112,2,1,3,suite,todo_incluido,web_intermediaria,UK,no_reembolsable,sin_deposito,195.3,0,0,0,1
5888,2024-05-03,2024-07-20,78,5,2,1,estandar,solo_alojamiento,web_intermediaria,otros,flexible,total,101.19,0,0,0,0
3524,2024-05-03,2024-10-23,173,4,2,0,estandar,desayuno,web_intermediaria,UK,flexible,sin_deposito,67.88,2,0,0,1
3517,2024-05-03,2024-09-17,137,9,2,0,estandar,desayuno,empresa,UK,flexible,parcial,76.35,1,0,0,0
685,2024-05-03,2024-08-02,91,9,2,0,familiar,desayuno,web_intermediaria,NL,no_reembolsable,sin_deposito,144.85,1,1,1,0
5377,2024-05-04,2024-07-30,87,2,4,0,estandar,todo_incluido,directo,UK,no_reembolsable,sin_deposito,77.63,2,1,0,1
4372,2024-05-04,2024-06-21,48,4,4,0,familiar,solo_alojamiento,agencia,UK,flexible,sin_deposito,111.91,2,0,0,1
4682,2024-05-04,2024-05-23,19,7,2,1,familiar,todo_incluido,web_intermediaria,ES,flexible,total,122.57,0,1,0,0
262,2024-05-04,2024-07-06,63,4,2,0,superior,solo_alojamiento,web_intermediaria,DE,flexible,sin_deposito,112.1,0,1,2,1
5418,2024-05-04,2024-06-17,44,10,2,0,superior,desayuno,directo,DE,no_reembolsable,parcial,89.06,1,0,0,0
5299,2024-05-04,2024-05-31,27,8,1,0,estandar,desayuno,agencia,,flexible,sin_deposito,78.41,0,1,0,0
2534,2024-05-04,2024-06-23,50,6,4,2,estandar,todo_incluido,agencia,ES,flexible,sin_deposito,64.04,0,0,0,0
1193,2024-05-04,2024-08-19,107,2,1,2,superior,media_pension,web_intermediaria,ES,flexible,parcial,118.87,1,0,0,1
1433,2024-05-04,2024-10-12,161,4,3,2,superior,desayuno,web_intermediaria,DE,no_reembolsable,parcial,104.56,0,0,0,1
2103,2024-05-05,2024-06-26,52,3,2,1,familiar,solo_alojamiento,web_intermediaria,,no_reembolsable,total,106.4,0,0,0,1
2805,2024-05-05,2024-07-26,82,4,2,0,estandar,desayuno,directo,otros,no_reembolsable,total,97.71,0,0,0,1
2450,2024-05-05,2024-05-18,13,9,2,0,estandar,media_pension,web_intermediaria,ES,flexible,parcial,72.64,0,1,0,1
2051,2024-05-05,2024-05-27,22,6,2,0,estandar,desayuno,web_intermediaria,otros,flexible,sin_deposito,70.99,1,1,0,0
704,2024-05-05,2024-06-21,47,10,1,1,estandar,media_pension,web_intermediaria,otros,flexible,total,69.89,0,0,0,0
1616,2024-05-06,2024-08-07,93,11,2,0,suite,solo_alojamiento,agencia,ES,flexible,sin_deposito,186.58,1,0,0,0
3289,2024-05-06,2024-10-16,163,7,3,0,familiar,solo_alojamiento,web_intermediaria,DE,flexible,sin_deposito,106.63,0,0,0,1
5096,2024-05-06,2024-10-03,150,6,3,2,suite,todo_incluido,web_intermediaria,UK,no_reembolsable,sin_deposito,178.5,1,0,0,0
3257,2024-05-06,2024-07-28,83,7,2,0,superior,desayuno,directo,UK,no_reembolsable,parcial,119.38,2,0,0,0
908,2024-05-06,2024-07-14,69,5,2,0,familiar,todo_incluido,agencia,ES,no_reembolsable,sin_deposito,148.85,0,0,0,1
1032,2024-05-06,2024-06-22,47,7,2,0,suite,todo_incluido,web_intermediaria,IT,flexible,total,154.82,1,1,1,0
5961,2024-05-07,2024-12-16,223,6,3,0,superior,solo_alojamiento,web_intermediaria,otros,no_reembolsable,parcial,131.55,0,0,0,0
3761,2024-05-07,2024-08-01,86,6,1,0,suite,solo_alojamiento,web_intermediaria,FR,no_reembolsable,sin_deposito,189.21,0,0,0,0
259,2024-05-07,2025-01-16,254,7,2,0,superior,desayuno,directo,ES,flexible,sin_deposito,119.41,0,0,0,1
5486,2024-05-07,2024-07-11,65,5,2,0,superior,solo_alojamiento,web_intermediaria,DE,flexible,sin_deposito,104.91,1,0,0,0
411,2024-05-07,2024-07-13,67,3,2,0,superior,desayuno,directo,DE,flexible,total,123.34,2,0,0,0
3097,2024-05-07,2024-08-02,87,5,3,1,estandar,todo_incluido,web_intermediaria,UK,flexible,parcial,73.63,0,0,0,1
3052,2024-05-07,2024-09-25,141,4,2,2,estandar,desayuno,web_intermediaria,UK,flexible,sin_deposito,74.08,2,1,0,1
2931,2024-05-07,2024-08-17,102,4,3,0,familiar,todo_incluido,directo,otros,flexible,total,144.69,0,0,0,0
3950,2024-05-07,2024-06-01,25,6,2,2,estandar,desayuno,empresa,IT,flexible,sin_deposito,67.27,0,0,0,0
4634,2024-05-07,2024-09-29,145,1,2,0,estandar,todo_incluido,web_intermediaria,UK,no_reembolsable,sin_deposito,75.35,1,0,0,1
544,2024-05-07,2024-07-12,66,5,3,2,superior,desayuno,directo,DE,flexible,sin_deposito,128.2,1,0,0,0
5073,2024-05-07,2024-07-30,84,3,3,0,estandar,desayuno,web_intermediaria,DE,no_reembolsable,sin_deposito,95.65,2,1,1,1
2248,2024-05-08,2024-10-21,166,3,2,0,suite,todo_incluido,web_intermediaria,ES,flexible,sin_deposito,139.82,0,0,0,1
2370,2024-05-08,2024-05-25,17,5,2,1,superior,desayuno,web_intermediaria,UK,flexible,sin_deposito,101.09,0,0,0,1
3888,2024-05-08,2024-06-23,46,2,2,0,estandar,todo_incluido,agencia,UK,flexible,parcial,68.69,2,0,0,1
2478,2024-05-08,2024-05-21,13,6,3,1,suite,desayuno,web_intermediaria,UK,flexible,sin_deposito,158.09,0,0,0,1
2147,2024-05-08,2024-06-19,42,6,2,0,estandar,media_pension,directo,ES,no_reembolsable,sin_deposito,75.86,1,1,1,1
761,2024-05-08,2024-07-07,60,4,2,1,estandar,media_pension,agencia,ES,no_reembolsable,total,93.78,1,0,0,0
3196,2024-05-08,2024-06-20,43,4,1,0,superior,desayuno,empresa,UK,flexible,sin_deposito,108.72,1,0,0,1
3088,2024-05-08,2024-07-16,69,4,2,0,estandar,media_pension,web_intermediaria,Nordicos,no_reembolsable,parcial,86.22,1,0,0,1
2368,2024-05-08,2024-08-26,110,2,2,0,familiar,solo_alojamiento,agencia,DE,no_reembolsable,parcial,133.1,1,0,0,0
2275,2024-05-09,2024-07-08,60,3,2,2,familiar,todo_incluido,web_intermediaria,NL,no_reembolsable,parcial,154.18,1,0,0,1
3792,2024-05-09,2024-07-13,65,7,2,0,superior,desayuno,agencia,ES,flexible,parcial,123.63,1,0,0,0
3787,2024-05-09,2024-07-06,58,4,4,0,suite,media_pension,directo,UK,no_reembolsable,sin_deposito,168.7,0,0,0,0
1174,2024-05-09,2024-06-21,43,5,3,0,superior,desayuno,web_intermediaria,IT,flexible,parcial,92.73,2,0,0,0
230,2024-05-09,2024-06-16,38,6,2,2,familiar,todo_incluido,web_intermediaria,UK,flexible,sin_deposito,121.03,0,0,0,1
1883,2024-05-09,2024-05-30,21,4,2,0,familiar,desayuno,web_intermediaria,UK,flexible,sin_deposito,101.11,0,0,0,0
1405,2024-05-09,2024-07-05,57,5,2,0,estandar,desayuno,agencia,UK,no_reembolsable,parcial,87.87,2,0,0,0
661,2024-05-09,2024-11-26,201,10,1,0,superior,solo_alojamiento,empresa,ES,no_reembolsable,sin_deposito,80.29,0,0,0,0
4226,2024-05-09,2024-06-27,49,7,4,0,superior,todo_incluido,directo,otros,flexible,sin_deposito,92.95,0,0,0,1
2032,2024-05-09,2024-06-18,40,9,3,0,estandar,desayuno,web_intermediaria,ES,flexible,sin_deposito,77.75,0,0,0,0
4773,2024-05-09,2024-07-08,60,6,1,0,superior,todo_incluido,web_intermediaria,UK,flexible,sin_deposito,137.0,0,0,0,1
5493,2024-05-09,2024-05-18,9,3,2,1,estandar,desayuno,agencia,ES,flexible,sin_deposito,65.38,1,0,0,0
5303,2024-05-09,2024-07-25,77,6,2,0,suite,desayuno,web_intermediaria,UK,no_reembolsable,parcial,187.89,2,0,0,0
392,2024-05-10,2024-08-11,93,3,4,1,estandar,media_pension,web_intermediaria,UK,flexible,sin_deposito,90.31,0,0,0,1
3879,2024-05-10,2024-05-28,18,11,3,1,superior,desayuno,web_intermediaria,UK,no_reembolsable,parcial,104.84,0,0,0,0
1702,2024-05-10,2024-05-25,15,7,2,0,familiar,desayuno,agencia,otros,flexible,sin_deposito,97.44,1,0,0,1
3824,2024-05-10,2024-08-05,87,5,2,1,estandar,desayuno,agencia,IT,no_reembolsable,parcial,92.32,1,0,0,1
5391,2024-05-10,2024-08-25,107,6,1,0,estandar,media_pension,web_intermediaria,Nordicos,flexible,total,98.73,0,0,0,1
4628,2024-05-11,2024-06-30,50,7,2,1,suite,todo_incluido,directo,ES,no_reembolsable,sin_deposito,138.93,0,0,0,0
4391,2024-05-11,2024-06-05,25,5,2,1,estandar,desayuno,agencia,ES,flexible,sin_deposito,71.7,0,0,0,0
1886,2024-05-11,2024-09-20,132,7,2,0,familiar,desayuno,directo,Nordicos,flexible,sin_deposito,101.04,1,0,0,0
349,2024-05-11,2024-07-18,68,5,2,0,superior,media_pension,agencia,NL,flexible,parcial,110.19,0,0,0,0
2483,2024-05-11,2024-05-25,14,5,2,1,suite,media_pension,web_intermediaria,UK,flexible,parcial,158.41,0,0,0,0
251,2024-05-11,2024-06-23,43,5,2,1,suite,todo_incluido,directo,ES,flexible,parcial,145.14,0,0,0,1
2381,2024-05-11,2024-06-06,26,6,2,0,familiar,desayuno,agencia,otros,no_reembolsable,sin_deposito,120.77,0,0,0,0
3668,2024-05-12,2024-07-12,61,6,2,0,familiar,desayuno,web_intermediaria,DE,flexible,sin_deposito,151.49,0,0,0,0
4168,2024-05-12,2024-08-06,86,7,2,0,suite,desayuno,web_intermediaria,otros,no_reembolsable,sin_deposito,212.7,0,0,0,0
5474,2024-05-12,2024-11-23,195,5,3,0,estandar,desayuno,agencia,DE,flexible,sin_deposito,67.09,0,1,0,0
3087,2024-05-12,2024-07-16,65,3,2,0,suite,solo_alojamiento,agencia,DE,no_reembolsable,total,177.47,0,0,0,0
469,2024-05-12,2024-07-05,54,5,2,0,familiar,desayuno,agencia,ES,flexible,parcial,141.76,0,0,0,1
2613,2024-05-12,2024-07-19,68,4,2,0,estandar,todo_incluido,web_intermediaria,Nordicos,flexible,total,73.36,1,0,0,0
1106,2024-05-12,2024-07-16,65,5,3,1,superior,solo_alojamiento,web_intermediaria,DE,flexible,parcial,106.19,1,0,0,0
564,2024-05-12,2024-07-21,70,3,2,0,estandar,media_pension,web_intermediaria,ES,no_reembolsable,parcial,98.05,1,0,0,0
912,2024-05-13,2024-09-27,137,4,2,2,superior,todo_incluido,web_intermediaria,ES,no_reembolsable,sin_deposito,91.56,0,0,0,1
4929,2024-05-13,2024-06-29,47,6,1,2,estandar,media_pension,web_intermediaria,NL,no_reembolsable,sin_deposito,74.06,0,0,0,0
635,2024-05-13,2024-07-09,57,5,4,0,suite,desayuno,web_intermediaria,DE,flexible,sin_deposito,206.4,1,0,0,0
5940,2024-05-13,2024-06-21,39,3,1,2,superior,solo_alojamiento,web_intermediaria,NL,flexible,parcial,110.18,0,0,0,0
3099,2024-05-13,2024-11-06,177,7,3,0,superior,desayuno,web_intermediaria,otros,no_reembolsable,total,85.69,0,0,0,0
1639,2024-05-13,2024-11-19,190,5,4,0,estandar,todo_incluido,web_intermediaria,UK,flexible,parcial,75.25,0,0,0,1
1929,2024-05-13,2024-07-31,79,4,2,0,estandar,todo_incluido,web_intermediaria,UK,flexible,sin_deposito,82.35,0,0,0,1
23,2024-05-13,2024-06-27,45,6,2,0,estandar,desayuno,empresa,UK,flexible,sin_deposito,77.5,0,0,0,1
3935,2024-05-13,2024-10-13,153,5,2,3,familiar,media_pension,directo,ES,no_reembolsable,total,112.98,0,0,0,0
5329,2024-05-13,2024-07-17,65,4,2,0,superior,desayuno,web_intermediaria,UK,flexible,parcial,130.3,1,1,0,0
2926,2024-05-13,2025-01-14,246,4,4,0,suite,todo_incluido,web_intermediaria,UK,no_reembolsable,parcial,197.79,1,1,2,1
5618,2024-05-14,2024-06-19,36,2,2,2,estandar,desayuno,agencia,,flexible,sin_deposito,74.81,0,0,0,0
2385,2024-05-14,2024-06-09,26,6,2,3,superior,desayuno,web_intermediaria,ES,no_reembolsable,sin_deposito,94.81,0,0,0,0
5271,2024-05-14,2024-07-23,70,6,2,2,estandar,desayuno,directo,ES,flexible,sin_deposito,78.98,1,0,0,0
1432,2024-05-15,2024-06-24,40,4,3,0,superior,solo_alojamiento,agencia,DE,flexible,sin_deposito,94.55,1,0,0,0
3290,2024-05-15,2024-07-05,51,8,2,0,superior,todo_incluido,web_intermediaria,UK,flexible,total,118.77,1,0,0,1
2929,2024-05-15,2024-06-07,23,6,2,0,estandar,desayuno,directo,ES,flexible,parcial,64.64,1,0,0,0
4331,2024-05-15,2024-08-09,86,3,3,0,estandar,media_pension,web_intermediaria,otros,no_reembolsable,sin_deposito,96.69,1,1,0,0
1663,2024-05-15,2024-08-11,88,6,2,0,estandar,desayuno,web_intermediaria,otros,flexible,parcial,87.35,0,1,1,0
2741,2024-05-15,2024-10-09,147,7,4,2,familiar,todo_incluido,agencia,NL,flexible,total,101.62,0,0,0,1
1798,2024-05-15,2024-11-07,176,5,2,2,familiar,todo_incluido,web_intermediaria,otros,flexible,parcial,115.97,0,0,0,0
4408,2024-05-15,2024-05-28,13,12,1,3,estandar,media_pension,empresa,otros,flexible,sin_deposito,70.6,1,0,0,0
1891,2024-05-15,2024-05-25,10,4,2,0,suite,desayuno,agencia,ES,flexible,total,168.71,0,0,0,0
2674,2024-05-16,2024-06-05,20,3,2,0,estandar,solo_alojamiento,web_intermediaria,ES,flexible,total,64.39,0,0,0,0
4019,2024-05-16,2024-07-20,65,3,2,0,familiar,desayuno,empresa,DE,flexible,sin_deposito,128.62,2,0,0,1
4983,2024-05-16,2024-10-28,165,2,2,0,suite,desayuno,web_intermediaria,ES,flexible,total,150.6,0,0,0,0
4156,2024-05-16,2024-05-31,15,5,2,0,estandar,desayuno,empresa,ES,no_reembolsable,parcial,76.59,0,0,0,0
3529,2024-05-16,2024-06-24,39,5,2,1,estandar,desayuno,directo,ES,no_reembolsable,parcial,75.07,0,0,0,0
3359,2024-05-16,2024-10-16,153,7,2,0,familiar,media_pension,agencia,Nordicos,flexible,parcial,110.38,2,1,1,1
1345,2024-05-16,2024-09-22,129,3,2,0,superior,solo_alojamiento,web_intermediaria,UK,flexible,total,95.3,0,0,0,0
1326,2024-05-16,2024-08-25,101,2,1,0,estandar,media_pension,web_intermediaria,ES,flexible,total,91.38,2,0,0,1
1960,2024-05-16,2024-06-15,30,5,2,0,superior,desayuno,agencia,ES,no_reembolsable,sin_deposito,74.78,1,0,0,0
5496,2024-05-16,2024-11-09,177,3,2,0,estandar,solo_alojamiento,web_intermediaria,IT,no_reembolsable,sin_deposito,74.24,0,0,0,1
253,2024-05-17,2025-01-31,259,6,3,0,familiar,todo_incluido,web_intermediaria,ES,flexible,parcial,119.96,0,0,0,1
4491,2024-05-17,2024-07-01,45,6,2,0,estandar,solo_alojamiento,directo,NL,flexible,parcial,84.32,1,0,0,1
1534,2024-05-17,2024-08-14,89,4,2,0,estandar,desayuno,web_intermediaria,UK,no_reembolsable,total,91.02,1,0,0,0
4564,2024-05-17,2024-08-01,76,4,2,0,estandar,media_pension,web_intermediaria,otros,flexible,sin_deposito,90.5,0,1,1,0
3256,2024-05-17,2024-07-01,45,6,4,2,estandar,solo_alojamiento,agencia,DE,flexible,sin_deposito,76.51,0,1,0,1
3776,2024-05-17,2024-10-28,164,5,2,0,superior,todo_incluido,directo,otros,flexible,sin_deposito,95.77,0,0,0,1
2738,2024-05-17,2024-06-27,41,8,3,0,superior,desayuno,empresa,IT,flexible,parcial,92.55,0,0,0,0
2944,2024-05-17,2024-05-21,4,4,2,0,estandar,desayuno,directo,Nordicos,no_reembolsable,total,68.62,0,0,0,0
5905,2024-05-17,2024-09-22,128,7,2,0,suite,desayuno,agencia,ES,flexible,total,162.05,0,0,0,0
3394,2024-05-17,2024-10-23,159,2,2,0,estandar,media_pension,web_intermediaria,DE,flexible,parcial,59.54,0,0,0,1
4905,2024-05-18,2024-07-09,52,7,2,1,estandar,todo_incluido,agencia,NL,flexible,parcial,86.94,1,0,0,1
1651,2024-05-18,2024-08-02,76,13,2,2,familiar,todo_incluido,web_intermediaria,ES,no_reembolsable,parcial,115.98,1,0,0,1
3045,2024-05-18,2024-06-20,33,8,2,0,estandar,solo_alojamiento,web_intermediaria,ES,flexible,sin_deposito,71.55,0,1,1,1
72,2024-05-18,2024-05-31,13,5,2,0,familiar,todo_incluido,directo,UK,flexible,total,114.6,0,0,0,0
4103,2024-05-18,2024-06-25,38,10,1,1,superior,todo_incluido,web_intermediaria,NL,flexible,sin_deposito,104.62,2,0,0,0
4009,2024-05-18,2025-02-08,266,6,2,0,estandar,media_pension,web_intermediaria,Nordicos,no_reembolsable,sin_deposito,81.99,0,0,0,1
2071,2024-05-18,2024-10-18,153,4,2,0,suite,desayuno,web_intermediaria,ES,no_reembolsable,sin_deposito,173.72,1,0,0,0
4448,2024-05-18,2024-08-31,105,6,2,0,estandar,desayuno,directo,NL,no_reembolsable,total,78.2,0,0,0,1
2810,2024-05-18,2024-05-29,11,9,2,3,estandar,media_pension,directo,UK,flexible,sin_deposito,76.87,0,0,0,0
4796,2024-05-18,2024-08-28,102,6,4,1,superior,todo_incluido,web_intermediaria,otros,flexible,total,110.93,0,0,0,1
5681,2024-05-18,2024-06-27,40,7,1,0,estandar,desayuno,web_intermediaria,ES,no_reembolsable,sin_deposito,67.0,0,1,0,0
1523,2024-05-19,2024-07-22,64,6,2,0,superior,solo_alojamiento,directo,NL,flexible,sin_deposito,136.25,0,0,0,1
1178,2024-05-19,2024-06-19,31,5,2,2,superior,desayuno,web_intermediaria,ES,flexible,total,98.64,0,1,0,0
4875,2024-05-19,2025-01-30,256,3,2,0,estandar,desayuno,web_intermediaria,UK,no_reembolsable,sin_deposito,92.81,2,0,0,1
3913,2024-05-19,2024-06-11,23,3,1,0,superior,solo_alojamiento,web_intermediaria,DE,no_reembolsable,total,102.18,1,0,0,0
4871,2024-05-19,2024-10-15,149,3,2,0,estandar,todo_incluido,agencia,ES,flexible,total,69.86,0,0,0,1
2392,2024-05-20,2024-06-21,32,4,2,0,superior,media_pension,empresa,ES,no_reembolsable,sin_deposito,87.94,2,0,0,0
3295,2024-05-20,2024-08-03,75,6,2,1,familiar,media_pension,web_intermediaria,Nordicos,flexible,parcial,139.04,0,0,0,1
3194,2024-05-20,2024-07-08,49,7,2,1,superior,todo_incluido,directo,UK,no_reembolsable,parcial,113.67,1,0,0,0
4985,2024-05-20,2024-07-11,52,8,4,0,superior,media_pension,agencia,ES,flexible,parcial,117.79,1,0,0,0
523,2024-05-20,2024-06-16,27,7,3,0,suite,desayuno,directo,ES,flexible,sin_deposito,170.24,0,0,0,0
2993,2024-05-20,2024-07-15,56,7,2,1,estandar,desayuno,directo,DE,flexible,sin_deposito,96.46,1,0,0,0
4248,2024-05-20,2024-07-10,51,6,2,0,estandar,media_pension,agencia,ES,flexible,parcial,84.31,0,0,0,1
4956,2024-05-20,2024-07-04,45,5,2,0,superior,desayuno,web_intermediaria,DE,flexible,sin_deposito,116.28,2,0,0,1
888,2024-05-20,2024-05-31,11,4,2,0,suite,desayuno,web_intermediaria,DE,flexible,parcial,160.12,0,0,0,0
5969,2024-05-20,2024-06-23,34,5,2,2,suite,media_pension,web_intermediaria,UK,flexible,total,143.95,2,0,0,0
1113,2024-05-20,2024-09-17,120,9,2,0,estandar,desayuno,web_intermediaria,Nordicos,flexible,parcial,80.14,1,0,0,0
2220,2024-05-20,2024-06-27,38,7,2,0,estandar,todo_incluido,web_intermediaria,UK,flexible,sin_deposito,67.7,1,0,0,1
4581,2024-05-21,2024-08-11,82,7,1,0,familiar,desayuno,web_intermediaria,UK,flexible,sin_deposito,140.89,1,0,0,0
2554,2024-05-21,2024-09-09,111,9,1,0,estandar,media_pension,agencia,ES,no_reembolsable,sin_deposito,74.7,0,1,0,0
5953,2024-05-21,2024-10-28,160,11,1,1,superior,desayuno,web_intermediaria,otros,no_reembolsable,parcial,108.18,1,0,0,1
2861,2024-05-21,2024-08-13,84,7,3,0,superior,desayuno,empresa,ES,no_reembolsable,parcial,120.87,0,0,0,0
5781,2024-05-21,2024-07-31,71,7,3,0,superior,desayuno,web_intermediaria,DE,flexible,sin_deposito,124.01,1,1,0,1
1115,2024-05-21,2024-07-04,44,2,2,0,familiar,desayuno,web_intermediaria,Nordicos,no_reembolsable,sin_deposito,158.97,0,0,0,1
2466,2024-05-22,2024-06-11,20,8,2,2,estandar,desayuno,web_intermediaria,DE,no_reembolsable,parcial,58.72,1,0,0,0
2851,2024-05-22,2024-08-16,86,3,4,0,superior,todo_incluido,web_intermediaria,UK,no_reembolsable,sin_deposito,133.92,1,0,0,0
52,2024-05-22,2024-07-31,70,10,1,0,superior,desayuno,web_intermediaria,UK,no_reembolsable,sin_deposito,112.9,2,0,0,1
543,2024-05-22,2024-07-04,43,5,1,0,familiar,desayuno,web_intermediaria,ES,flexible,sin_deposito,142.39,0,0,0,0
3693,2024-05-22,2024-08-08,78,5,2,0,suite,desayuno,web_intermediaria,otros,no_reembolsable,sin_deposito,193.91,0,0,0,0
5168,2024-05-22,2024-08-16,86,4,1,0,familiar,desayuno,web_intermediaria,UK,flexible,parcial,163.57,0,0,0,0
5763,2024-05-22,2024-09-14,115,3,1,0,estandar,todo_incluido,empresa,ES,flexible,sin_deposito,73.57,2,0,0,1
2890,2024-05-22,2024-12-07,199,7,2,1,estandar,desayuno,directo,ES,flexible,total,85.25,1,0,0,1
3258,2024-05-22,2024-09-09,110,4,3,0,estandar,todo_incluido,web_intermediaria,UK,no_reembolsable,sin_deposito,63.04,0,0,0,0
3182,2024-05-22,2024-05-31,9,5,2,0,estandar,desayuno,agencia,,flexible,parcial,68.58,0,0,0,1
1770,2024-05-23,2024-08-16,85,6,1,0,superior,desayuno,agencia,DE,flexible,sin_deposito,126.18,1,0,0,1
3837,2024-05-23,2024-10-04,134,8,2,0,estandar,desayuno,agencia,DE,flexible,sin_deposito,70.46,0,0,0,1
5911,2024-05-23,2024-07-09,47,9,2,0,estandar,desayuno,empresa,Nordicos,flexible,sin_deposito,82.15,1,0,0,0
3153,2024-05-23,2024-09-03,103,3,2,0,superior,desayuno,web_intermediaria,,flexible,sin_deposito,105.61,0,0,0,0
4791,2024-05-23,2024-10-06,136,4,2,0,superior,todo_incluido,empresa,otros,no_reembolsable,sin_deposito,90.53,1,0,0,1
398,2024-05-23,2024-09-24,124,5,2,0,superior,desayuno,empresa,DE,no_reembolsable,sin_deposito,100.02,1,0,0,1
4492,2024-05-23,2024-11-18,179,4,1,0,estandar,solo_alojamiento,web_intermediaria,UK,flexible,sin_deposito,63.61,1,0,0,0
993,2024-05-23,2024-11-07,168,5,2,0,estandar,desayuno,directo,FR,flexible,total,69.89,0,0,0,1
3909,2024-05-23,2024-06-25,33,4,3,0,estandar,desayuno,web_intermediaria,UK,no_reembolsable,sin_deposito,68.85,1,0,0,1
4827,2024-05-23,2025-02-25,278,4,1,0,suite,media_pension,web_intermediaria,NL,no_reembolsable,sin_deposito,188.96,0,0,0,1
5234,2024-05-24,2024-11-04,164,5,2,0,familiar,desayuno,web_intermediaria,otros,flexible,sin_deposito,112.96,1,0,0,0
4844,2024-05-24,2024-07-12,49,7,2,0,superior,media_pension,web_intermediaria,Nordicos,no_reembolsable,sin_deposito,118.57,3,0,0,1
1787,2024-05-24,2024-07-10,47,2,3,2,estandar,solo_alojamiento,agencia,FR,flexible,parcial,79.32,0,0,0,1
3024,2024-05-24,2024-12-16,206,4,2,0,estandar,todo_incluido,web_intermediaria,UK,no_reembolsable,sin_deposito,94.7,0,1,0,1
5280,2024-05-24,2024-06-07,14,10,2,0,estandar,solo_alojamiento,directo,ES,no_reembolsable,sin_deposito,69.35,0,0,0,0
5001,2024-05-24,2024-08-10,78,5,1,1,estandar,desayuno,web_intermediaria,UK,flexible,sin_deposito,92.84,0,0,0,1
2094,2024-05-24,2024-06-30,37,6,3,0,estandar,desayuno,web_intermediaria,IT,flexible,sin_deposito,67.38,3,0,0,1
2813,2024-05-24,2024-06-24,31,3,4,0,superior,desayuno,web_intermediaria,ES,no_reembolsable,sin_deposito,101.0,0,0,0,0
3040,2024-05-24,2024-06-19,26,7,2,1,estandar,desayuno,web_intermediaria,ES,flexible,parcial,74.01,1,1,1,0
838,2024-05-24,2024-09-13,112,5,2,1,familiar,media_pension,directo,NL,flexible,parcial,114.74,0,1,0,0
4656,2024-05-24,2024-10-02,131,3,3,0,familiar,media_pension,web_intermediaria,UK,no_reembolsable,sin_deposito,106.22,1,0,0,1
5465,2024-05-24,2024-06-28,35,5,3,1,superior,todo_incluido,empresa,Nordicos,flexible,sin_deposito,98.7,2,0,0,0
5943,2024-05-25,2024-10-05,133,3,3,0,estandar,desayuno,directo,DE,no_reembolsable,total,75.17,1,0,0,0
1704,2024-05-25,2024-11-15,174,3,1,0,superior,media_pension,agencia,ES,flexible,sin_deposito,102.49,0,0,0,1
4578,2024-05-25,2024-07-02,38,6,3,0,estandar,desayuno,agencia,ES,no_reembolsable,sin_deposito,101.23,0,0,0,0
2815,2024-05-25,2024-09-18,116,6,2,0,suite,desayuno,web_intermediaria,IT,flexible,sin_deposito,162.3,0,0,0,0
4159,2024-05-25,2024-08-22,89,9,2,2,familiar,solo_alojamiento,directo,ES,no_reembolsable,total,126.17,0,0,0,0
3965,2024-05-25,2024-06-02,8,6,1,0,estandar,todo_incluido,web_intermediaria,ES,no_reembolsable,parcial,72.9,0,0,0,0
2745,2024-05-25,2024-11-30,189,4,1,1,superior,todo_incluido,web_intermediaria,NL,flexible,sin_deposito,101.03,1,0,0,1
102,2024-05-25,2024-10-28,156,4,2,0,suite,todo_incluido,directo,UK,flexible,sin_deposito,139.06,1,0,0,0
426,2024-05-25,2025-01-13,233,9,1,0,estandar,desayuno,web_intermediaria,DE,flexible,sin_deposito,78.02,1,0,0,0
2511,2024-05-25,2024-09-09,107,2,1,3,estandar,media_pension,directo,ES,flexible,parcial,77.07,0,1,0,0
5717,2024-05-25,2024-08-14,81,6,2,0,estandar,desayuno,agencia,UK,flexible,sin_deposito,94.17,0,1,0,1
5177,2024-05-26,2024-10-16,143,4,2,0,estandar,solo_alojamiento,empresa,IT,no_reembolsable,total,70.23,0,0,0,0
4164,2024-05-26,2024-09-08,105,8,2,0,estandar,desayuno,agencia,ES,flexible,sin_deposito,69.3,0,0,0,1
3288,2024-05-26,2024-07-16,51,7,2,2,familiar,desayuno,agencia,ES,no_reembolsable,sin_deposito,139.31,0,0,0,1
1085,2024-05-26,2024-06-27,32,4,2,3,estandar,solo_alojamiento,web_intermediaria,otros,no_reembolsable,sin_deposito,68.11,0,0,0,0
3894,2024-05-26,2024-10-15,142,5,2,0,familiar,solo_alojamiento,directo,FR,no_reembolsable,sin_deposito,88.91,0,0,0,1
5623,2024-05-26,2024-12-16,204,3,2,0,estandar,desayuno,web_intermediaria,FR,flexible,sin_deposito,80.11,0,0,0,1
5667,2024-05-27,2024-09-28,124,3,3,0,superior,todo_incluido,web_intermediaria,,flexible,sin_deposito,93.93,0,0,0,1
872,2024-05-27,2024-08-04,69,10,2,1,estandar,desayuno,directo,Nordicos,no_reembolsable,parcial,90.1,0,0,0,0
2900,2024-05-27,2024-11-13,170,4,2,0,superior,todo_incluido,agencia,otros,no_reembolsable,parcial,97.61,0,0,0,1
1364,2024-05-27,2024-10-04,130,5,4,2,estandar,solo_alojamiento,web_intermediaria,otros,no_reembolsable,parcial,68.39,0,0,0,1
224,2024-05-27,2024-08-24,89,4,2,0,estandar,todo_incluido,web_intermediaria,UK,no_reembolsable,sin_deposito,85.32,3,1,0,0
3504,2024-05-27,2024-10-05,131,6,2,0,suite,todo_incluido,web_intermediaria,ES,flexible,parcial,161.67,1,0,0,1
1796,2024-05-27,2024-08-23,88,12,2,1,estandar,desayuno,directo,NL,flexible,sin_deposito,84.48,0,0,0,0
4262,2024-05-27,2024-12-24,211,5,2,0,estandar,todo_incluido,web_intermediaria,otros,flexible,sin_deposito,90.62,0,0,0,1
653,2024-05-27,2024-06-25,29,5,3,0,superior,todo_incluido,web_intermediaria,UK,no_reembolsable,parcial,90.84,0,0,0,0
2116,2024-05-27,2024-08-05,70,11,3,0,superior,desayuno,empresa,DE,no_reembolsable,total,104.46,0,0,0,0
9,2024-05-27,2024-10-02,128,4,3,0,superior,desayuno,agencia,,flexible,parcial,93.92,0,0,0,0
339,2024-05-27,2024-08-18,83,4,2,0,estandar,solo_alojamiento,web_intermediaria,UK,flexible,sin_deposito,84.67,0,0,0,1
4886,2024-05-27,2024-07-12,46,6,1,0,superior,media_pension,directo,IT,flexible,sin_deposito,114.44,1,0,0,0
2349,2024-05-27,2024-07-03,37,6,2,0,superior,todo_incluido,web_intermediaria,ES,flexible,sin_deposito,111.78,1,0,0,1
664,2024-05-27,2024-07-08,42,6,3,0,estandar,solo_alojamiento,directo,Nordicos,flexible,sin_deposito,86.69,0,1,1,1
2643,2024-05-28,2024-08-20,84,1,2,0,estandar,media_pension,agencia,UK,no_reembolsable,parcial,96.68,1,0,0,0
3832,2024-05-28,2024-08-29,93,6,2,2,estandar,desayuno,directo,otros,flexible,sin_deposito,76.76,1,0,0,1
2773,2024-05-28,2024-07-06,39,4,2,0,superior,desayuno,directo,NL,flexible,sin_deposito,117.93,1,0,0,0
5796,2024-05-28,2024-08-25,89,4,3,0,familiar,todo_incluido,agencia,UK,flexible,sin_deposito,115.8,0,0,0,1
3736,2024-05-28,2024-07-29,62,8,1,0,estandar,todo_incluido,directo,ES,flexible,sin_deposito,82.67,0,0,0,1
4811,2024-05-28,2024-06-16,19,5,1,0,superior,todo_incluido,directo,Nordicos,flexible,total,91.34,3,0,0,0
2765,2024-05-29,2024-08-05,68,5,4,0,suite,desayuno,empresa,UK,no_reembolsable,sin_deposito,199.27,0,0,0,0
4059,2024-05-29,2024-08-04,67,4,4,1,estandar,todo_incluido,directo,ES,no_reembolsable,sin_deposito,87.31,1,0,0,1
5175,2024-05-29,2024-07-25,57,10,2,2,suite,desayuno,agencia,ES,flexible,parcial,168.05,0,0,0,1
2496,2024-05-29,2024-11-21,176,6,1,0,familiar,desayuno,agencia,DE,flexible,sin_deposito,96.16,1,0,0,1
4570,2024-05-29,2024-08-30,93,9,1,3,suite,desayuno,directo,UK,flexible,total,187.24,1,0,0,0
1740,2024-05-29,2024-10-17,141,7,2,0,familiar,desayuno,agencia,ES,flexible,sin_deposito,110.81,1,0,0,1
5979,2024-05-30,2024-06-25,26,6,2,0,estandar,desayuno,agencia,FR,flexible,sin_deposito,66.2,1,0,0,0
5494,2024-05-30,2024-11-22,176,8,2,2,superior,media_pension,directo,IT,no_reembolsable,parcial,91.15,1,0,0,1
3583,2024-05-30,2024-07-21,52,7,2,2,estandar,todo_incluido,web_intermediaria,DE,flexible,parcial,81.53,0,1,2,1
1872,2024-05-30,2024-09-21,114,5,2,1,suite,desayuno,web_intermediaria,Nordicos,no_reembolsable,sin_deposito,148.09,1,0,0,1
2870,2024-05-30,2024-11-15,169,7,2,0,superior,media_pension,web_intermediaria,Nordicos,flexible,total,94.29,0,0,0,1
3079,2024-05-30,2024-07-06,37,4,3,2,familiar,solo_alojamiento,web_intermediaria,ES,flexible,sin_deposito,124.23,1,1,0,0
3433,2024-05-31,2024-10-05,127,4,1,0,familiar,media_pension,directo,UK,no_reembolsable,sin_deposito,97.82,0,0,0,0
1474,2024-05-31,2024-08-25,86,5,2,0,estandar,media_pension,web_intermediaria,ES,no_reembolsable,sin_deposito,92.74,0,0,0,0
3242,2024-05-31,2024-11-21,174,6,1,2,estandar,desayuno,web_intermediaria,ES,flexible,sin_deposito,74.0,0,0,0,1
1940,2024-05-31,2024-07-18,48,4,1,0,superior,media_pension,web_intermediaria,UK,no_reembolsable,sin_deposito,102.1,0,0,0,1
4119,2024-05-31,2024-07-03,33,6,2,0,estandar,desayuno,agencia,FR,flexible,total,82.1,0,0,0,0
5625,2024-05-31,2024-09-13,105,6,2,0,estandar,todo_incluido,directo,NL,flexible,sin_deposito,72.21,0,0,0,1
2474,2024-05-31,2024-07-19,49,6,2,2,estandar,todo_incluido,web_intermediaria,NL,flexible,sin_deposito,75.5,0,0,0,1
5864,2024-05-31,2024-07-23,53,5,2,2,estandar,todo_incluido,web_intermediaria,DE,no_reembolsable,total,93.58,2,0,0,0
3241,2024-06-01,2024-07-31,60,7,2,0,superior,media_pension,agencia,DE,no_reembolsable,sin_deposito,108.94,0,0,0,0
5313,2024-06-01,2024-08-09,69,9,2,0,estandar,media_pension,web_intermediaria,ES,flexible,parcial,84.1,0,0,0,1
2360,2024-06-01,2024-11-04,156,6,2,0,estandar,desayuno,web_intermediaria,NL,no_reembolsable,sin_deposito,72.74,0,0,0,1
1072,2024-06-01,2025-02-06,250,7,2,0,superior,desayuno,web_intermediaria,NL,flexible,sin_deposito,129.87,1,0,0,1
5276,2024-06-01,2024-10-08,129,5,2,0,estandar,solo_alojamiento,web_intermediaria,NL,no_reembolsable,parcial,65.18,1,0,0,1
735,2024-06-01,2024-07-19,48,6,1,0,superior,todo_incluido,directo,ES,no_reembolsable,sin_deposito,113.42,2,1,0,0
4654,2024-06-01,2024-06-06,5,4,3,0,familiar,todo_incluido,web_intermediaria,ES,no_reembolsable,sin_deposito,97.98,1,0,0,0
5690,2024-06-01,2024-09-02,93,4,2,0,estandar,todo_incluido,web_intermediaria,ES,no_reembolsable,parcial,67.41,0,0,0,0
1745,2024-06-02,2024-08-14,73,8,2,2,suite,solo_alojamiento,web_intermediaria,FR,no_reembolsable,total,192.51,0,0,0,0
4673,2024-06-02,2024-07-09,37,3,2,3,familiar,media_pension,agencia,ES,flexible,sin_deposito,131.63,1,1,1,0
4605,2024-06-02,2024-06-25,23,7,2,0,estandar,solo_alojamiento,web_intermediaria,DE,no_reembolsable,sin_deposito,70.58,0,0,0,0
3328,2024-06-02,2025-02-02,245,5,2,1,estandar,media_pension,directo,ES,flexible,parcial,87.55,1,0,0,1
2277,2024-06-02,2024-10-24,144,3,4,0,estandar,solo_alojamiento,web_intermediaria,ES,no_reembolsable,sin_deposito,63.59,0,0,0,0
1989,2024-06-02,2024-10-02,122,1,2,0,estandar,media_pension,web_intermediaria,DE,no_reembolsable,sin_deposito,67.94,0,0,0,1
2523,2024-06-02,2024-08-03,62,4,3,0,estandar,desayuno,web_intermediaria,UK,flexible,parcial,99.5,0,0,0,1
5996,2024-06-02,2024-08-12,71,4,4,0,superior,todo_incluido,web_intermediaria,ES,flexible,total,119.96,0,1,1,1
4027,2024-06-02,2024-12-12,193,4,2,2,superior,todo_incluido,web_intermediaria,ES,flexible,sin_deposito,112.92,0,0,0,1
2444,2024-06-03,2024-06-07,4,2,1,0,superior,desayuno,web_intermediaria,ES,no_reembolsable,sin_deposito,100.2,0,0,0,1
1710,2024-06-03,2024-09-11,100,5,2,0,suite,solo_alojamiento,agencia,DE,no_reembolsable,sin_deposito,179.84,1,0,0,0
3297,2024-06-03,2024-06-27,24,9,4,0,familiar,media_pension,agencia,otros,flexible,parcial,115.89,1,1,0,0
4996,2024-06-03,2024-08-15,73,7,2,2,estandar,solo_alojamiento,web_intermediaria,ES,no_reembolsable,sin_deposito,87.16,1,0,0,0
1988,2024-06-03,2024-09-29,118,4,2,0,suite,desayuno,agencia,ES,flexible,sin_deposito,138.12,1,1,0,1
4755,2024-06-03,2024-06-26,23,9,2,0,familiar,solo_alojamiento,web_intermediaria,ES,flexible,sin_deposito,119.91,2,1,2,0
3526,2024-06-03,2024-07-14,41,5,2,3,estandar,solo_alojamiento,web_intermediaria,ES,flexible,total,84.43,1,0,0,0
3232,2024-06-04,2024-07-05,31,5,2,0,estandar,media_pension,web_intermediaria,ES,flexible,sin_deposito,91.15,1,0,0,0
5487,2024-06-04,2024-09-21,109,4,2,0,superior,todo_incluido,directo,NL,flexible,total,89.78,0,0,0,0
2602,2024-06-05,2024-07-01,26,6,2,3,estandar,desayuno,web_intermediaria,DE,no_reembolsable,parcial,93.99,0,0,0,0
5725,2024-06-05,2024-07-17,42,5,4,0,estandar,todo_incluido,directo,ES,flexible,parcial,84.96,0,0,0,0
142,2024-06-05,2024-11-21,169,3,2,0,estandar,desayuno,empresa,UK,flexible,sin_deposito,65.92,1,0,0,1
2665,2024-06-05,2024-07-05,30,6,1,0,estandar,solo_alojamiento,web_intermediaria,NL,flexible,sin_deposito,88.43,1,0,0,0
4587,2024-06-05,2024-07-25,50,3,2,0,familiar,solo_alojamiento,agencia,UK,no_reembolsable,sin_deposito,132.19,1,0,0,0
2734,2024-06-05,2024-08-16,72,6,2,0,estandar,desayuno,directo,ES,flexible,total,92.28,1,0,0,0
4188,2024-06-05,2024-11-09,157,6,2,2,estandar,todo_incluido,directo,FR,no_reembolsable,sin_deposito,67.91,0,1,1,1
2470,2024-06-05,2024-07-15,40,6,4,0,superior,todo_incluido,web_intermediaria,UK,no_reembolsable,sin_deposito,122.72,0,0,0,0
2839,2024-06-06,2024-09-05,91,10,2,0,estandar,solo_alojamiento,empresa,UK,flexible,sin_deposito,61.95,1,0,0,1
4556,2024-06-06,2024-08-24,79,8,2,0,familiar,todo_incluido,directo,DE,no_reembolsable,parcial,148.88,0,0,0,0
1582,2024-06-06,2024-08-02,57,3,2,0,superior,todo_incluido,web_intermediaria,UK,flexible,sin_deposito,135.23,0,0,0,0
1395,2024-06-06,2024-06-23,17,4,2,0,superior,solo_alojamiento,directo,NL,no_reembolsable,sin_deposito,92.84,1,0,0,0
3018,2024-06-06,2024-06-20,14,4,4,1,suite,todo_incluido,web_intermediaria,IT,flexible,parcial,172.79,0,0,0,0
3683,2024-06-06,2025-01-03,211,4,2,0,estandar,media_pension,web_intermediaria,otros,flexible,sin_deposito,80.02,0,0,0,1
3179,2024-06-06,2024-08-29,84,6,4,1,superior,todo_incluido,agencia,Nordicos,no_reembolsable,parcial,112.79,1,1,0,0
2462,2024-06-06,2024-09-23,109,6,1,1,superior,media_pension,agencia,IT,flexible,parcial,92.55,0,0,0,1
3476,2024-06-06,2024-06-22,16,2,2,0,familiar,todo_incluido,empresa,DE,flexible,sin_deposito,105.34,2,0,0,0
3960,2024-06-06,2024-07-14,38,3,2,0,estandar,todo_incluido,agencia,ES,flexible,total,87.69,1,0,0,0
5040,2024-06-06,2024-07-11,35,9,2,2,estandar,desayuno,web_intermediaria,Nordicos,flexible,parcial,81.89,0,0,0,1
5570,2024-06-07,2024-09-26,111,6,1,0,familiar,solo_alojamiento,web_intermediaria,DE,no_reembolsable,sin_deposito,125.81,0,1,1,0
964,2024-06-07,2024-08-08,62,6,2,0,superior,desayuno,web_intermediaria,IT,flexible,total,130.58,0,0,0,0
3670,2024-06-07,2024-11-28,174,2,3,0,superior,desayuno,empresa,UK,flexible,sin_deposito,87.35,0,0,0,1
2553,2024-06-07,2024-07-09,32,5,3,0,estandar,todo_incluido,agencia,UK,flexible,total,93.07,1,0,0,0
5752,2024-06-07,2024-08-01,55,7,1,0,estandar,desayuno,directo,ES,no_reembolsable,parcial,92.41,0,0,0,0
3586,2024-06-07,2024-09-19,104,5,3,0,superior,todo_incluido,web_intermediaria,UK,flexible,sin_deposito,88.61,1,0,0,1
2874,2024-06-08,2024-08-10,63,9,2,1,estandar,desayuno,web_intermediaria,DE,no_reembolsable,sin_deposito,81.21,0,0,0,0
5957,2024-06-08,2024-11-01,146,7,2,0,superior,desayuno,web_intermediaria,ES,flexible,total,83.88,1,0,0,0
903,2024-06-08,2025-03-30,295,4,2,0,superior,media_pension,directo,FR,no_reembolsable,sin_deposito,126.31,0,1,0,1
2194,2024-06-08,2024-11-18,163,5,3,0,superior,desayuno,directo,ES,flexible,parcial,97.94,0,0,0,0
5545,2024-06-08,2024-06-23,15,7,3,2,superior,media_pension,web_intermediaria,FR,flexible,parcial,81.34,1,0,0,0
1355,2024-06-09,2024-08-22,74,4,2,0,estandar,todo_incluido,directo,otros,flexible,sin_deposito,86.66,1,0,0,0
3444,2024-06-09,2024-12-02,176,3,2,2,estandar,todo_incluido,directo,Nordicos,flexible,sin_deposito,89.27,3,0,0,0
5656,2024-06-09,2024-07-02,23,3,1,3,familiar,todo_incluido,web_intermediaria,Nordicos,no_reembolsable,sin_deposito,137.68,0,0,0,1
5549,2024-06-09,2024-08-07,59,2,2,0,familiar,desayuno,directo,NL,no_reembolsable,parcial,142.07,0,0,0,0
2358,2024-06-09,2024-10-28,141,9,2,1,familiar,todo_incluido,agencia,UK,flexible,sin_deposito,126.7,2,0,0,1
3952,2024-06-09,2024-07-12,33,5,2,0,superior,solo_alojamiento,empresa,UK,no_reembolsable,sin_deposito,119.66,0,1,0,1
5567,2024-06-09,2024-09-30,113,5,3,0,estandar,desayuno,web_intermediaria,otros,flexible,sin_deposito,73.67,1,0,0,1
4803,2024-06-10,2025-03-15,278,4,2,0,familiar,todo_incluido,web_intermediaria,UK,flexible,sin_deposito,150.44,0,0,0,1
3869,2024-06-10,2024-09-28,110,6,3,0,estandar,media_pension,web_intermediaria,ES,flexible,parcial,72.84,0,0,0,1
5772,2024-06-10,2024-10-19,131,5,2,0,familiar,media_pension,web_intermediaria,UK,flexible,sin_deposito,104.36,2,1,1,0
2394,2024-06-10,2024-08-01,52,6,4,1,estandar,media_pension,web_intermediaria,ES,flexible,parcial,80.36,0,0,0,0
4930,2024-06-10,2024-07-05,25,7,2,0,estandar,solo_alojamiento,web_intermediaria,Nordicos,no_reembolsable,sin_deposito,89.05,0,0,0,0
2703,2024-06-10,2024-07-29,49,5,2,3,estandar,desayuno,agencia,UK,flexible,total,85.92,0,0,0,0
3413,2024-06-11,2024-07-02,21,6,1,0,estandar,desayuno,agencia,UK,no_reembolsable,parcial,91.58,1,0,0,0
5662,2024-06-11,2024-07-31,50,5,1,3,estandar,desayuno,agencia,ES,flexible,parcial,88.71,0,1,0,1
1257,2024-06-11,2024-09-14,95,5,2,0,estandar,solo_alojamiento,agencia,otros,no_reembolsable,parcial,62.84,1,0,0,0
3622,2024-06-11,2024-08-25,75,5,3,0,estandar,media_pension,web_intermediaria,DE,no_reembolsable,sin_deposito,93.49,0,0,0,0
1839,2024-06-11,2025-01-19,222,2,2,0,superior,todo_incluido,web_intermediaria,DE,no_reembolsable,sin_deposito,130.04,0,0,0,0
2299,2024-06-11,2024-07-27,46,8,4,0,familiar,desayuno,web_intermediaria,,flexible,parcial,139.8,0,0,0,0
5884,2024-06-11,2024-07-29,48,6,2,0,superior,media_pension,web_intermediaria,DE,no_reembolsable,sin_deposito,102.41,1,0,0,0
3471,2024-06-12,2025-02-13,246,6,3,2,superior,desayuno,directo,ES,flexible,total,123.69,0,0,0,1
3714,2024-06-12,2024-11-11,152,4,2,0,superior,todo_incluido,web_intermediaria,ES,no_reembolsable,sin_deposito,99.0,0,0,0,1
3882,2024-06-12,2024-10-11,121,7,2,1,estandar,todo_incluido,directo,Nordicos,no_reembolsable,total,74.16,2,0,0,0
363,2024-06-12,2024-09-21,101,3,1,0,estandar,media_pension,empresa,ES,flexible,sin_deposito,71.51,2,0,0,1
2747,2024-06-12,2024-11-15,156,5,2,0,superior,media_pension,directo,ES,flexible,parcial,93.12,0,0,0,0
2241,2024-06-12,2024-06-30,18,4,2,0,estandar,desayuno,agencia,UK,flexible,parcial,72.85,1,1,0,1
3850,2024-06-12,2024-08-06,55,7,4,1,familiar,media_pension,empresa,IT,no_reembolsable,parcial,133.31,3,0,0,0
5739,2024-06-12,2024-07-28,46,2,2,1,estandar,todo_incluido,web_intermediaria,ES,flexible,sin_deposito,92.07,0,0,0,1
3181,2024-06-12,2024-08-02,51,7,3,0,estandar,todo_incluido,agencia,DE,flexible,parcial,94.79,1,0,0,1
5587,2024-06-12,2024-08-08,57,6,1,0,superior,desayuno,directo,NL,flexible,sin_deposito,112.25,0,1,2,1
3029,2024-06-12,2024-09-22,102,10,2,0,estandar,media_pension,web_intermediaria,UK,no_reembolsable,sin_deposito,76.37,1,0,0,1
5320,2024-06-13,2024-10-27,136,5,2,0,estandar,todo_incluido,directo,Nordicos,flexible,sin_deposito,68.66,0,0,0,0
3197,2024-06-13,2024-06-28,15,6,2,0,estandar,media_pension,web_intermediaria,ES,no_reembolsable,parcial,60.79,0,0,0,0
2914,2024-06-13,2024-09-24,103,8,4,0,estandar,desayuno,web_intermediaria,ES,flexible,sin_deposito,76.53,1,1,0,0
4967,2024-06-13,2024-10-07,116,3,2,0,familiar,desayuno,agencia,ES,no_reembolsable,sin_deposito,110.62,0,0,0,1
3152,2024-06-13,2024-08-16,64,2,2,0,estandar,desayuno,web_intermediaria,UK,flexible,total,89.59,0,0,0,0
4261,2024-06-13,2024-08-23,71,5,4,0,estandar,solo_alojamiento,directo,UK,flexible,total,76.58,0,0,0,0
976,2024-06-13,2024-10-01,110,10,2,2,estandar,solo_alojamiento,web_intermediaria,DE,flexible,sin_deposito,72.63,0,0,0,1
3314,2024-06-13,2024-10-11,120,8,1,0,suite,desayuno,directo,NL,flexible,sin_deposito,147.88,2,0,0,0
5502,2024-06-13,2024-07-13,30,5,1,0,suite,solo_alojamiento,web_intermediaria,otros,flexible,sin_deposito,212.23,0,0,0,1
3741,2024-06-13,2025-05-30,351,4,3,0,superior,media_pension,web_intermediaria,ES,flexible,sin_deposito,96.55,1,0,0,1
4209,2024-06-14,2024-09-03,81,5,2,0,estandar,todo_incluido,web_intermediaria,otros,flexible,sin_deposito,73.93,0,0,0,1
5036,2024-06-14,2024-07-12,28,4,1,0,estandar,todo_incluido,agencia,IT,flexible,total,94.94,1,0,0,0
32,2024-06-14,2024-07-23,39,7,1,1,estandar,solo_alojamiento,web_intermediaria,ES,no_reembolsable,total,81.62,2,0,0,1
5351,2024-06-14,2024-11-08,147,5,2,0,superior,media_pension,web_intermediaria,DE,flexible,total,93.58,0,0,0,1
5432,2024-06-14,2024-09-23,101,6,2,2,familiar,media_pension,directo,ES,flexible,parcial,109.93,2,0,0,1
2315,2024-06-14,2024-08-17,64,4,2,3,estandar,desayuno,web_intermediaria,UK,no_reembolsable,parcial,90.64,1,0,0,0
4155,2024-06-14,2024-10-03,111,4,2,0,superior,todo_incluido,agencia,ES,no_reembolsable,parcial,92.03,1,0,0,0
4373,2024-06-14,2025-02-19,250,9,2,1,familiar,desayuno,directo,UK,flexible,sin_deposito,137.07,0,1,2,1
78,2024-06-14,2024-11-08,147,2,1,1,superior,solo_alojamiento,web_intermediaria,UK,flexible,parcial,113.96,0,0,0,1
2968,2024-06-15,2024-12-08,176,7,1,1,suite,desayuno,web_intermediaria,NL,flexible,sin_deposito,181.54,3,0,0,1
567,2024-06-15,2024-07-09,24,7,2,0,estandar,desayuno,directo,ES,flexible,sin_deposito,93.94,1,0,0,1
2936,2024-06-15,2024-08-22,68,5,2,0,estandar,solo_alojamiento,web_intermediaria,ES,no_reembolsable,sin_deposito,96.95,0,1,2,1
3336,2024-06-15,2024-10-01,108,12,2,0,suite,desayuno,web_intermediaria,DE,no_reembolsable,sin_deposito,161.73,0,0,0,0
5246,2024-06-15,2024-08-11,57,6,2,0,familiar,desayuno,directo,ES,flexible,sin_deposito,144.21,0,0,0,0
1512,2024-06-15,2024-11-16,154,5,2,1,suite,solo_alojamiento,directo,DE,flexible,parcial,129.6,0,0,0,1
3782,2024-06-15,2024-11-14,152,6,1,3,superior,desayuno,web_intermediaria,UK,no_reembolsable,parcial,98.5,1,0,0,0
3811,2024-06-16,2024-08-24,69,3,2,0,estandar,desayuno,web_intermediaria,otros,no_reembolsable,total,88.61,1,0,0,0
1503,2024-06-16,2024-10-04,110,7,4,0,estandar,desayuno,web_intermediaria,NL,flexible,sin_deposito,76.85,1,0,0,1
5416,2024-06-16,2024-09-25,101,4,2,0,familiar,todo_incluido,web_intermediaria,UK,no_reembolsable,parcial,96.51,0,0,0,0
412,2024-06-16,2024-09-25,101,5,3,0,superior,todo_incluido,directo,ES,flexible,sin_deposito,99.54,2,0,0,0
3089,2024-06-17,2024-06-28,11,7,2,0,estandar,desayuno,web_intermediaria,DE,flexible,parcial,69.83,0,1,0,0
1656,2024-06-17,2024-11-26,162,4,2,0,estandar,media_pension,web_intermediaria,DE,flexible,sin_deposito,62.48,0,0,0,1
3702,2024-06-17,2024-08-08,52,6,4,0,superior,media_pension,web_intermediaria,Nordicos,no_reembolsable,sin_deposito,113.87,0,0,0,1
326,2024-06-17,2024-09-12,87,6,1,0,estandar,media_pension,directo,NL,flexible,sin_deposito,68.81,1,1,0,0
1479,2024-06-17,2024-11-26,162,4,2,1,estandar,media_pension,web_intermediaria,IT,no_reembolsable,sin_deposito,65.31,0,0,0,1
1545,2024-06-17,2024-08-26,70,9,3,0,estandar,media_pension,web_intermediaria,UK,flexible,parcial,88.87,1,0,0,1
3484,2024-06-17,2024-06-24,7,8,2,0,estandar,media_pension,agencia,IT,no_reembolsable,parcial,77.49,0,0,0,0
1112,2024-06-18,2024-09-04,78,7,1,0,familiar,desayuno,web_intermediaria,otros,flexible,parcial,114.3,0,0,0,0
5694,2024-06-18,2024-08-02,45,6,1,0,estandar,desayuno,directo,ES,flexible,sin_deposito,86.92,0,1,0,1
626,2024-06-18,2024-10-30,134,5,2,2,estandar,desayuno,web_intermediaria,ES,flexible,sin_deposito,71.29,0,1,1,1
486,2024-06-18,2024-07-09,21,6,2,0,estandar,desayuno,directo,otros,no_reembolsable,parcial,85.37,0,0,0,0
5216,2024-06-18,2024-11-11,146,3,2,3,familiar,todo_incluido,agencia,UK,flexible,sin_deposito,112.59,2,0,0,1
3911,2024-06-18,2024-08-04,47,9,2,0,suite,media_pension,directo,DE,flexible,sin_deposito,183.88,0,0,0,0
5030,2024-06-18,2025-02-08,235,5,2,0,superior,todo_incluido,agencia,UK,flexible,sin_deposito,107.17,1,1,1,0
5305,2024-06-19,2024-08-19,61,4,4,0,estandar,media_pension,agencia,otros,no_reembolsable,sin_deposito,89.7,0,0,0,0
1877,2024-06-19,2024-08-19,61,3,3,0,estandar,todo_incluido,agencia,UK,no_reembolsable,sin_deposito,84.3,0,0,0,1
148,2024-06-19,2024-07-11,22,7,4,1,estandar,solo_alojamiento,web_intermediaria,FR,flexible,sin_deposito,90.54,1,0,0,1
1291,2024-06-19,2024-08-07,49,6,3,0,familiar,solo_alojamiento,directo,ES,no_reembolsable,parcial,137.65,1,1,1,0
1817,2024-06-19,2024-08-13,55,9,2,1,superior,todo_incluido,web_intermediaria,UK,no_reembolsable,sin_deposito,128.49,0,0,0,1
2175,2024-06-19,2024-07-25,36,5,2,0,suite,media_pension,directo,DE,flexible,parcial,192.19,0,0,0,0
4706,2024-06-20,2024-10-23,125,6,4,0,familiar,media_pension,agencia,UK,no_reembolsable,parcial,125.18,1,0,0,0
1288,2024-06-20,2024-08-09,50,5,2,0,estandar,todo_incluido,agencia,FR,no_reembolsable,parcial,91.13,0,0,0,1
2293,2024-06-20,2024-08-02,43,4,2,0,estandar,media_pension,web_intermediaria,NL,no_reembolsable,sin_deposito,74.41,2,0,0,0
3435,2024-06-20,2024-09-02,74,8,2,0,estandar,solo_alojamiento,agencia,FR,flexible,sin_deposito,80.03,2,0,0,1
4964,2024-06-20,2024-07-31,41,3,2,0,estandar,desayuno,agencia,IT,no_reembolsable,sin_deposito,77.99,0,0,0,1
5387,2024-06-20,2024-09-01,73,6,2,1,superior,solo_alojamiento,directo,ES,no_reembolsable,parcial,89.42,0,1,0,0
637,2024-06-20,2024-08-27,68,6,2,1,familiar,desayuno,agencia,IT,flexible,sin_deposito,129.29,1,0,0,0
1386,2024-06-20,2024-09-18,90,5,2,0,estandar,media_pension,agencia,UK,no_reembolsable,parcial,72.94,0,0,0,0
3210,2024-06-20,2025-06-18,363,7,3,0,estandar,media_pension,directo,DE,no_reembolsable,parcial,75.29,0,0,0,0
2209,2024-06-20,2024-10-19,121,9,4,0,estandar,media_pension,web_intermediaria,ES,no_reembolsable,sin_deposito,74.58,0,0,0,1
2882,2024-06-21,2024-09-29,100,10,2,0,suite,desayuno,directo,IT,flexible,sin_deposito,174.35,1,0,0,0
4834,2024-06-21,2024-09-08,79,3,2,0,familiar,todo_incluido,web_intermediaria,otros,flexible,total,128.16,1,0,0,1
719,2024-06-21,2024-11-06,138,6,1,0,estandar,solo_alojamiento,web_intermediaria,IT,no_reembolsable,sin_deposito,69.59,0,1,0,0
327,2024-06-21,2024-08-07,47,9,2,0,superior,todo_incluido,web_intermediaria,,flexible,parcial,136.94,0,0,0,1
510,2024-06-21,2024-12-18,180,6,2,0,familiar,media_pension,agencia,ES,flexible,sin_deposito,105.78,1,0,0,1
1609,2024-06-21,2024-08-09,49,8,2,0,estandar,desayuno,directo,ES,no_reembolsable,total,84.36,0,0,0,0
566,2024-06-21,2024-08-26,66,8,1,0,superior,todo_incluido,web_intermediaria,Nordicos,flexible,sin_deposito,127.94,1,1,0,1
3110,2024-06-21,2025-01-15,208,5,2,3,estandar,desayuno,directo,otros,flexible,parcial,73.75,1,0,0,0
3255,2024-06-21,2024-10-29,130,3,2,0,estandar,desayuno,agencia,ES,no_reembolsable,total,67.55,1,0,0,1
5115,2024-06-22,2024-07-07,15,4,2,0,superior,todo_incluido,web_intermediaria,otros,no_reembolsable,sin_deposito,119.61,1,0,0,0
1308,2024-06-22,2024-09-13,83,5,1,0,estandar,todo_incluido,agencia,UK,flexible,sin_deposito,73.73,0,1,0,0
3293,2024-06-22,2024-06-25,3,4,2,2,estandar,media_pension,web_intermediaria,Nordicos,flexible,sin_deposito,63.1,1,1,0,1
3372,2024-06-22,2024-09-08,78,7,1,0,estandar,media_pension,web_intermediaria,ES,no_reembolsable,total,63.1,0,0,0,0
4764,2024-06-22,2024-09-02,72,5,2,3,superior,todo_incluido,directo,FR,flexible,parcial,103.92,0,0,0,0
3628,2024-06-22,2024-11-20,151,5,1,2,estandar,desayuno,web_intermediaria,ES,flexible,sin_deposito,74.44,0,0,0,1
1265,2024-06-23,2024-08-02,40,4,1,0,estandar,todo_incluido,web_intermediaria,UK,flexible,parcial,93.86,1,0,0,1
5573,2024-06-23,2025-01-12,203,6,2,1,estandar,media_pension,web_intermediaria,NL,flexible,total,79.45,2,0,0,1
854,2024-06-23,2024-07-18,25,3,2,2,estandar,media_pension,web_intermediaria,ES,no_reembolsable,sin_deposito,91.48,2,0,0,0
1047,2024-06-23,2024-11-28,158,5,2,1,estandar,desayuno,web_intermediaria,Nordicos,flexible,parcial,77.13,0,0,0,1
97,2024-06-23,2024-10-03,102,5,1,0,estandar,media_pension,directo,UK,flexible,sin_deposito,52.7,2,0,0,1
189,2024-06-23,2024-10-20,119,7,2,0,suite,desayuno,web_intermediaria,UK,flexible,parcial,176.18,0,0,0,1
2641,2024-06-23,2024-07-18,25,5,3,1,familiar,solo_alojamiento,agencia,otros,flexible,sin_deposito,134.45,1,0,0,0
4200,2024-06-23,2024-11-12,142,7,2,2,superior,todo_incluido,web_intermediaria,ES,no_reembolsable,parcial,90.49,0,0,0,1
5374,2024-06-23,2024-07-16,23,6,2,0,suite,solo_alojamiento,web_intermediaria,,no_reembolsable,parcial,185.21,0,1,0,0
3084,2024-06-24,2024-11-16,145,8,2,1,estandar,desayuno,web_intermediaria,FR,flexible,sin_deposito,66.13,0,0,0,1
2667,2024-06-24,2024-08-27,64,10,1,0,estandar,desayuno,web_intermediaria,ES,flexible,sin_deposito,84.58,0,0,0,1
832,2024-06-24,2024-08-22,59,8,3,1,estandar,desayuno,web_intermediaria,ES,no_reembolsable,sin_deposito,72.08,0,0,0,1
3094,2024-06-24,2024-09-22,90,10,2,3,superior,desayuno,web_intermediaria,UK,flexible,sin_deposito,97.79,0,0,0,0
2182,2024-06-24,2024-08-15,52,8,2,0,estandar,todo_incluido,directo,otros,no_reembolsable,sin_deposito,96.55,0,0,0,1
4607,2024-06-24,2024-11-03,132,5,3,2,estandar,desayuno,agencia,NL,no_reembolsable,total,68.26,3,0,0,0
384,2024-06-24,2024-08-01,38,2,3,3,estandar,desayuno,agencia,UK,no_reembolsable,sin_deposito,72.6,0,0,0,1
3073,2024-06-24,2024-09-18,86,7,2,2,estandar,media_pension,web_intermediaria,Nordicos,no_reembolsable,sin_deposito,63.3,0,0,0,1
593,2024-06-24,2024-11-21,150,4,1,0,estandar,desayuno,directo,ES,flexible,sin_deposito,58.96,1,0,0,0
4240,2024-06-24,2024-08-07,44,6,1,1,suite,solo_alojamiento,web_intermediaria,Nordicos,flexible,sin_deposito,206.63,0,0,0,1
2967,2024-06-24,2024-10-26,124,7,2,2,estandar,desayuno,agencia,UK,no_reembolsable,sin_deposito,69.5,0,1,1,1
1402,2024-06-25,2024-12-05,163,8,3,0,estandar,solo_alojamiento,web_intermediaria,ES,flexible,parcial,82.24,1,0,0,1
1542,2024-06-25,2024-07-30,35,5,2,1,estandar,todo_incluido,web_intermediaria,ES,flexible,sin_deposito,91.42,2,0,0,1
5972,2024-06-25,2024-10-10,107,3,2,0,estandar,desayuno,web_intermediaria,UK,no_reembolsable,sin_deposito,69.92,0,1,0,1
1251,2024-06-25,2024-08-06,42,7,2,2,estandar,desayuno,agencia,UK,no_reembolsable,total,87.66,0,1,0,0
5260,2024-06-25,2024-08-31,67,3,2,0,superior,solo_alojamiento,empresa,otros,flexible,sin_deposito,108.92,1,0,0,1
5103,2024-06-25,2024-09-07,74,4,3,0,superior,todo_incluido,directo,ES,no_reembolsable,sin_deposito,95.62,0,0,0,0
3745,2024-06-25,2024-12-06,164,5,2,1,estandar,desayuno,web_intermediaria,ES,flexible,total,94.96,0,0,0,0
5273,2024-06-25,2024-09-29,96,8,2,2,superior,solo_alojamiento,directo,ES,flexible,parcial,96.02,1,0,0,0
3968,2024-06-25,2024-07-19,24,5,2,1,familiar,todo_incluido,directo,DE,flexible,sin_deposito,135.38,0,0,0,0
1709,2024-06-26,2024-10-23,119,5,2,2,estandar,desayuno,web_intermediaria,ES,flexible,total,56.43,0,0,0,0
2253,2024-06-26,2024-09-09,75,8,2,3,familiar,media_pension,directo,otros,flexible,sin_deposito,124.45,0,0,0,0
1786,2024-06-26,2024-09-19,85,5,2,1,familiar,solo_alojamiento,web_intermediaria,Nordicos,flexible,sin_deposito,120.87,0,0,0,1
1124,2024-06-26,2025-03-30,277,7,2,0,estandar,todo_incluido,web_intermediaria,IT,no_reembolsable,parcial,95.59,0,0,0,1
1506,2024-06-26,2024-07-23,27,7,2,0,estandar,desayuno,directo,ES,no_reembolsable,sin_deposito,80.64,1,1,1,0
3275,2024-06-26,2024-10-23,119,9,3,0,familiar,solo_alojamiento,agencia,ES,flexible,parcial,114.15,0,0,0,1
5612,2024-06-27,2024-09-03,68,4,2,1,estandar,solo_alojamiento,directo,ES,no_reembolsable,sin_deposito,82.03,0,0,0,0
5655,2024-06-27,2024-09-11,76,6,2,0,estandar,media_pension,agencia,DE,no_reembolsable,parcial,61.45,0,0,0,0
2487,2024-06-27,2024-07-11,14,3,4,0,estandar,desayuno,directo,UK,flexible,sin_deposito,82.3,0,0,0,1
5834,2024-06-27,2024-10-01,96,6,2,1,estandar,solo_alojamiento,agencia,UK,flexible,sin_deposito,70.89,1,0,0,1
5878,2024-06-27,2024-07-20,23,2,2,1,superior,desayuno,web_intermediaria,ES,flexible,parcial,110.86,0,0,0,0
2162,2024-06-27,2024-10-07,102,3,4,0,estandar,desayuno,web_intermediaria,IT,no_reembolsable,total,71.09,0,0,0,0
315,2024-06-27,2024-12-31,187,4,3,0,estandar,desayuno,agencia,NL,flexible,sin_deposito,82.77,0,0,0,0
1811,2024-06-27,2024-10-23,118,8,2,0,estandar,desayuno,web_intermediaria,ES,no_reembolsable,parcial,70.56,0,0,0,0
2751,2024-06-27,2024-07-24,27,3,2,0,familiar,todo_incluido,web_intermediaria,ES,no_reembolsable,sin_deposito,139.02,1,0,0,1
1906,2024-06-27,2024-09-09,74,6,2,0,estandar,todo_incluido,web_intermediaria,Nordicos,flexible,sin_deposito,65.98,0,0,0,0
857,2024-06-27,2024-08-11,45,3,2,1,estandar,todo_incluido,web_intermediaria,UK,no_reembolsable,parcial,72.29,0,0,0,1
2687,2024-06-27,2025-04-19,296,7,2,0,estandar,media_pension,web_intermediaria,UK,no_reembolsable,parcial,66.5,0,0,0,1
4499,2024-06-27,2024-09-02,67,12,2,0,estandar,media_pension,agencia,UK,flexible,total,70.76,1,1,1,1
1107,2024-06-27,2024-08-16,50,9,2,0,estandar,todo_incluido,agencia,DE,flexible,parcial,98.61,1,0,0,1
5328,2024-06-28,2024-08-09,42,8,1,0,estandar,desayuno,web_intermediaria,otros,flexible,sin_deposito,86.26,0,0,0,1
119,2024-06-28,2024-10-29,123,7,2,3,superior,todo_incluido,web_intermediaria,DE,no_reembolsable,parcial,99.99,1,0,0,0
1454,2024-06-28,2024-09-23,87,6,3,0,estandar,desayuno,directo,IT,no_reembolsable,sin_deposito,60.85,1,0,0,0
1013,2024-06-28,2024-12-06,161,6,2,1,superior,todo_incluido,directo,UK,no_reembolsable,sin_deposito,131.37,0,0,0,0
1892,2024-06-28,2025-01-16,202,8,3,0,estandar,solo_alojamiento,directo,FR,flexible,parcial,78.42,1,1,0,0
3278,2024-06-28,2024-07-19,21,4,4,0,estandar,desayuno,directo,IT,flexible,parcial,83.43,1,0,0,0
3878,2024-06-28,2024-07-29,31,8,2,1,estandar,solo_alojamiento,directo,ES,no_reembolsable,sin_deposito,81.18,0,0,0,0
3570,2024-06-28,2024-08-17,50,5,2,0,superior,desayuno,directo,FR,flexible,total,116.84,3,0,0,0
831,2024-06-28,2025-01-19,205,5,2,0,estandar,media_pension,web_intermediaria,UK,no_reembolsable,parcial,90.64,0,0,0,1
989,2024-06-28,2024-11-05,130,4,4,1,suite,todo_incluido,directo,ES,flexible,sin_deposito,141.7,0,0,0,0
3482,2024-06-28,2024-07-19,21,7,2,1,estandar,desayuno,directo,DE,no_reembolsable,sin_deposito,97.58,1,0,0,0
5688,2024-06-28,2024-07-09,11,6,2,0,suite,solo_alojamiento,web_intermediaria,ES,no_reembolsable,sin_deposito,183.91,0,0,0,0
3863,2024-06-29,2024-12-08,162,8,2,0,suite,todo_incluido,web_intermediaria,ES,flexible,sin_deposito,215.6,0,0,0,1
4812,2024-06-29,2024-11-08,132,1,3,0,suite,media_pension,web_intermediaria,ES,flexible,sin_deposito,163.5,0,0,0,1
2100,2024-06-29,2024-10-09,102,9,2,0,estandar,todo_incluido,web_intermediaria,UK,flexible,sin_deposito,78.02,0,0,0,0
3386,2024-06-29,2024-08-05,37,4,3,0,estandar,solo_alojamiento,agencia,IT,no_reembolsable,parcial,88.99,0,0,0,0
5424,2024-06-29,2025-01-14,199,6,3,1,estandar,desayuno,web_intermediaria,ES,no_reembolsable,parcial,90.13,1,0,0,1
4079,2024-06-29,2024-09-03,66,5,3,1,estandar,desayuno,web_intermediaria,IT,flexible,parcial,69.72,1,0,0,1
508,2024-06-29,2024-08-07,39,7,3,0,estandar,desayuno,web_intermediaria,FR,no_reembolsable,parcial,95.49,0,0,0,0
1515,2024-06-29,2024-08-02,34,1,2,0,familiar,todo_incluido,web_intermediaria,NL,flexible,parcial,121.8,0,0,0,1
5918,2024-06-30,2024-07-25,25,7,2,0,estandar,media_pension,empresa,ES,no_reembolsable,parcial,91.35,0,1,1,0
1563,2024-06-30,2024-08-17,48,3,2,2,superior,media_pension,directo,FR,no_reembolsable,sin_deposito,118.81,1,0,0,0
3333,2024-06-30,2024-10-18,110,6,2,3,familiar,todo_incluido,web_intermediaria,UK,flexible,total,111.05,0,0,0,0
3061,2024-06-30,2024-08-23,54,3,3,0,estandar,desayuno,directo,FR,no_reembolsable,sin_deposito,92.38,2,0,0,0
1904,2024-06-30,2024-10-18,110,2,2,0,estandar,solo_alojamiento,web_intermediaria,UK,no_reembolsable,parcial,67.71,0,1,0,0
5127,2024-06-30,2024-10-20,112,5,3,2,superior,todo_incluido,web_intermediaria,DE,no_reembolsable,sin_deposito,91.45,0,0,0,0
3595,2024-06-30,2024-09-01,63,8,2,0,estandar,desayuno,directo,DE,no_reembolsable,parcial,74.97,0,0,0,1
925,2024-06-30,2024-11-02,125,7,1,2,superior,todo_incluido,web_intermediaria,,flexible,parcial,75.89,0,1,0,0
4048,2024-06-30,2024-12-05,158,4,2,1,estandar,desayuno,web_intermediaria,UK,no_reembolsable,total,86.42,0,0,0,1
3431,2024-07-01,2024-08-31,61,7,2,0,estandar,media_pension,agencia,otros,no_reembolsable,sin_deposito,96.6,1,1,1,0
2237,2024-07-01,2024-08-09,39,3,2,0,estandar,solo_alojamiento,directo,otros,flexible,sin_deposito,79.57,0,0,0,0
5426,2024-07-01,2025-01-21,204,3,2,0,familiar,todo_incluido,web_intermediaria,DE,no_reembolsable,sin_deposito,139.13,3,0,0,1
568,2024-07-01,2024-07-04,3,7,2,0,estandar,desayuno,web_intermediaria,ES,no_reembolsable,sin_deposito,82.79,1,0,0,0
483,2024-07-01,2024-07-30,29,9,2,0,estandar,todo_incluido,web_intermediaria,DE,flexible,sin_deposito,76.99,1,1,0,1
5748,2024-07-01,2025-05-18,321,5,2,2,superior,desayuno,web_intermediaria,otros,flexible,total,90.95,0,0,0,1
3703,2024-07-01,2024-07-15,14,10,3,0,familiar,solo_alojamiento,empresa,DE,no_reembolsable,sin_deposito,127.63,0,1,0,0
617,2024-07-01,2024-08-09,39,7,1,2,superior,todo_incluido,web_intermediaria,DE,flexible,total,108.02,1,0,0,0
1413,2024-07-01,2024-10-09,100,12,2,0,estandar,desayuno,web_intermediaria,DE,no_reembolsable,sin_deposito,73.42,1,0,0,0
5088,2024-07-01,2024-11-10,132,5,2,0,estandar,media_pension,web_intermediaria,ES,no_reembolsable,total,63.71,0,0,0,0
5277,2024-07-01,2024-08-23,53,4,2,0,familiar,todo_incluido,directo,DE,flexible,sin_deposito,153.4,1,0,0,1
3718,2024-07-01,2024-07-14,13,5,2,0,estandar,desayuno,directo,UK,no_reembolsable,sin_deposito,77.09,0,1,0,1
4748,2024-07-02,2024-11-09,130,4,1,0,superior,media_pension,web_intermediaria,DE,no_reembolsable,parcial,98.52,0,1,0,1
2399,2024-07-02,2024-10-27,117,4,2,2,estandar,todo_incluido,agencia,ES,no_reembolsable,parcial,70.5,3,0,0,0
5445,2024-07-02,2025-01-07,189,7,2,0,estandar,media_pension,directo,DE,flexible,parcial,82.39,2,0,0,1
4007,2024-07-02,2024-10-15,105,7,4,0,estandar,desayuno,directo,UK,flexible,parcial,76.55,0,0,0,0
3391,2024-07-03,2025-02-16,228,4,2,0,suite,desayuno,empresa,otros,no_reembolsable,sin_deposito,213.19,1,0,0,1
1852,2024-07-03,2024-10-23,112,4,1,1,suite,todo_incluido,directo,UK,no_reembolsable,parcial,141.34,0,0,0,0
1942,2024-07-03,2024-09-09,68,5,2,0,suite,media_pension,directo,ES,no_reembolsable,total,146.23,0,1,0,0
1818,2024-07-03,2024-08-13,41,6,2,0,suite,desayuno,web_intermediaria,Nordicos,no_reembolsable,parcial,223.39,1,0,0,0
4452,2024-07-03,2024-09-05,64,5,2,1,superior,desayuno,web_intermediaria,UK,no_reembolsable,parcial,99.11,0,0,0,0
696,2024-07-03,2024-10-24,113,3,3,0,estandar,desayuno,web_intermediaria,NL,flexible,sin_deposito,65.04,2,0,0,0
3222,2024-07-03,2024-08-03,31,7,1,0,superior,desayuno,directo,UK,flexible,sin_deposito,105.71,2,0,0,1
1562,2024-07-04,2024-10-29,117,7,1,0,superior,media_pension,web_intermediaria,otros,flexible,sin_deposito,90.61,2,0,0,1
4488,2024-07-04,2024-10-25,113,6,4,0,estandar,todo_incluido,directo,Nordicos,flexible,parcial,75.36,2,0,0,1
5451,2024-07-04,2024-10-30,118,4,3,0,estandar,desayuno,agencia,UK,flexible,sin_deposito,67.6,0,0,0,1
5027,2024-07-04,2024-10-04,92,3,2,0,estandar,desayuno,agencia,otros,no_reembolsable,sin_deposito,65.73,1,0,0,1
919,2024-07-04,2024-12-20,169,6,4,0,superior,todo_incluido,web_intermediaria,otros,no_reembolsable,total,123.82,0,0,0,0
3306,2024-07-04,2024-09-23,81,6,4,0,suite,todo_incluido,web_intermediaria,UK,flexible,sin_deposito,146.27,0,0,0,1
1307,2024-07-04,2024-10-25,113,8,2,0,familiar,desayuno,directo,Nordicos,flexible,sin_deposito,107.77,0,0,0,1
5945,2024-07-04,2024-08-18,45,6,2,0,superior,desayuno,directo,UK,no_reembolsable,sin_deposito,116.14,0,1,0,0
1660,2024-07-04,2025-02-26,237,3,2,2,familiar,todo_incluido,empresa,ES,no_reembolsable,sin_deposito,136.72,0,0,0,1
5637,2024-07-04,2024-10-12,100,11,2,1,estandar,media_pension,directo,ES,flexible,sin_deposito,72.49,1,0,0,1
3793,2024-07-05,2024-07-31,26,6,1,1,estandar,todo_incluido,web_intermediaria,ES,flexible,sin_deposito,87.19,1,0,0,1
2126,2024-07-05,2024-08-02,28,7,2,0,estandar,media_pension,directo,NL,no_reembolsable,sin_deposito,94.19,2,0,0,0
3319,2024-07-05,2024-11-03,121,10,2,1,suite,media_pension,directo,ES,flexible,parcial,166.52,0,0,0,0
1425,2024-07-05,2025-06-10,340,6,2,1,estandar,solo_alojamiento,web_intermediaria,NL,flexible,sin_deposito,65.7,2,0,0,1
5835,2024-07-05,2024-09-27,84,4,2,2,familiar,solo_alojamiento,web_intermediaria,UK,no_reembolsable,total,119.2,2,0,0,0
346,2024-07-05,2024-08-07,33,6,2,0,estandar,solo_alojamiento,web_intermediaria,Nordicos,no_reembolsable,parcial,74.01,2,0,0,0
5378,2024-07-05,2025-03-04,242,7,3,1,estandar,desayuno,web_intermediaria,otros,no_reembolsable,parcial,88.76,0,0,0,1
5941,2024-07-05,2024-11-08,126,5,1,0,suite,desayuno,web_intermediaria,UK,flexible,sin_deposito,175.54,0,0,0,1
5853,2024-07-05,2024-07-21,16,6,1,0,superior,desayuno,agencia,FR,flexible,sin_deposito,109.23,1,0,0,1
5059,2024-07-05,2025-01-06,185,6,3,0,estandar,media_pension,agencia,ES,flexible,parcial,94.02,1,0,0,1
5117,2024-07-05,2024-11-19,137,3,2,3,familiar,desayuno,directo,DE,flexible,sin_deposito,120.96,1,0,0,0
2608,2024-07-06,2024-10-21,107,5,2,1,superior,todo_incluido,web_intermediaria,NL,no_reembolsable,parcial,96.47,1,0,0,0
5930,2024-07-06,2024-12-03,150,7,2,0,estandar,desayuno,agencia,NL,flexible,sin_deposito,73.51,0,0,0,1
2346,2024-07-06,2024-11-03,120,4,2,0,estandar,todo_incluido,web_intermediaria,ES,no_reembolsable,parcial,82.47,0,0,0,0
4344,2024-07-06,2024-07-28,22,2,2,0,suite,desayuno,directo,DE,flexible,parcial,211.51,0,0,0,0
4427,2024-07-06,2024-11-18,135,5,1,1,estandar,media_pension,agencia,UK,no_reembolsable,total,64.21,1,0,0,0
4358,2024-07-06,2024-10-07,93,3,3,0,estandar,todo_incluido,web_intermediaria,UK,no_reembolsable,parcial,67.19,1,0,0,0
933,2024-07-06,2024-09-14,70,6,4,0,suite,desayuno,empresa,UK,flexible,sin_deposito,163.2,0,0,0,1
5477,2024-07-06,2024-08-02,27,6,2,0,estandar,media_pension,agencia,otros,flexible,parcial,92.38,0,1,1,0
3468,2024-07-07,2024-10-18,103,4,4,0,suite,desayuno,directo,FR,no_reembolsable,total,156.95,0,0,0,0
4407,2024-07-07,2024-08-11,35,5,2,0,estandar,desayuno,web_intermediaria,FR,flexible,sin_deposito,81.47,0,0,0,1
3974,2024-07-07,2024-08-29,53,9,2,0,estandar,desayuno,web_intermediaria,,no_reembolsable,sin_deposito,100.42,0,1,1,1
2079,2024-07-07,2024-09-17,72,4,1,0,superior,solo_alojamiento,web_intermediaria,DE,no_reembolsable,sin_deposito,99.1,0,0,0,1
2421,2024-07-07,2024-08-30,54,7,2,0,suite,solo_alojamiento,directo,ES,flexible,total,198.39,1,0,0,0
4138,2024-07-07,2024-10-15,100,5,3,0,estandar,todo_incluido,web_intermediaria,DE,flexible,sin_deposito,67.66,1,0,0,1
4794,2024-07-07,2024-09-24,79,6,2,1,estandar,solo_alojamiento,web_intermediaria,UK,no_reembolsable,sin_deposito,72.95,1,0,0,1
2188,2024-07-07,2024-09-11,66,5,3,2,familiar,media_pension,agencia,ES,flexible,sin_deposito,108.82,1,0,0,0
4398,2024-07-07,2024-12-09,155,6,2,1,estandar,solo_alojamiento,web_intermediaria,otros,flexible,sin_deposito,92.67,1,0,0,1
4235,2024-07-07,2024-11-08,124,6,2,0,familiar,todo_incluido,directo,ES,flexible,total,112.56,0,0,0,0
2418,2024-07-08,2024-10-31,115,4,2,1,suite,desayuno,directo,NL,no_reembolsable,parcial,202.82,1,0,0,0
4387,2024-07-08,2024-08-04,27,7,2,0,estandar,desayuno,web_intermediaria,Nordicos,flexible,parcial,98.17,1,0,0,0
5558,2024-07-08,2024-10-06,90,5,2,1,estandar,desayuno,agencia,ES,flexible,sin_deposito,67.34,0,0,0,1
1179,2024-07-08,2024-10-10,94,2,2,0,estandar,desayuno,web_intermediaria,UK,flexible,sin_deposito,61.21,1,0,0,0
1804,2024-07-08,2024-07-24,16,5,2,0,estandar,todo_incluido,directo,DE,no_reembolsable,sin_deposito,79.17,0,0,0,0
2895,2024-07-09,2024-10-15,98,4,2,0,familiar,todo_incluido,empresa,ES,flexible,sin_deposito,114.55,1,0,0,1
5947,2024-07-09,2025-06-16,342,6,4,0,superior,media_pension,web_intermediaria,DE,flexible,sin_deposito,102.32,2,0,0,1
4405,2024-07-09,2024-10-13,96,4,3,0,estandar,solo_alojamiento,directo,UK,no_reembolsable,total,57.35,0,0,0,0
211,2024-07-09,2024-07-11,2,3,2,0,estandar,desayuno,directo,DE,no_reembolsable,parcial,89.12,0,0,0,0
4409,2024-07-09,2024-08-28,50,7,3,0,superior,media_pension,directo,UK,flexible,parcial,125.03,0,0,0,0
5153,2024-07-09,2024-09-17,70,4,2,0,estandar,desayuno,web_intermediaria,otros,flexible,sin_deposito,67.82,0,0,0,0
1502,2024-07-09,2024-11-01,115,3,3,0,familiar,desayuno,web_intermediaria,ES,flexible,total,106.36,3,0,0,0
3566,2024-07-09,2024-11-02,116,6,2,0,familiar,media_pension,agencia,ES,no_reembolsable,parcial,114.08,2,0,0,1
1297,2024-07-10,2024-11-20,133,2,3,0,superior,solo_alojamiento,web_intermediaria,UK,flexible,sin_deposito,102.99,0,1,0,1
380,2024-07-10,2024-08-17,38,5,2,0,estandar,desayuno,directo,IT,flexible,parcial,93.95,1,0,0,0
4494,2024-07-10,2024-11-06,119,6,2,0,estandar,todo_incluido,web_intermediaria,ES,no_reembolsable,parcial,67.58,0,0,0,0
5116,2024-07-10,2024-11-10,123,8,1,1,estandar,desayuno,web_intermediaria,IT,flexible,sin_deposito,67.86,0,0,0,1
4859,2024-07-10,2024-08-25,46,4,2,3,estandar,desayuno,web_intermediaria,UK,no_reembolsable,sin_deposito,81.84,2,0,0,0
4650,2024-07-10,2025-03-10,243,8,2,2,estandar,desayuno,web_intermediaria,ES,no_reembolsable,parcial,86.81,0,1,1,1
3720,2024-07-10,2024-11-02,115,8,3,0,estandar,desayuno,directo,DE,no_reembolsable,sin_deposito,77.72,1,0,0,1
4734,2024-07-11,2024-08-02,22,6,2,2,suite,desayuno,web_intermediaria,NL,no_reembolsable,total,190.83,0,0,0,0
209,2024-07-11,2024-10-21,102,5,2,0,familiar,media_pension,web_intermediaria,FR,no_reembolsable,sin_deposito,88.37,1,0,0,1
1459,2024-07-11,2024-09-23,74,6,3,2,superior,media_pension,agencia,otros,flexible,sin_deposito,90.52,1,0,0,1
4172,2024-07-11,2024-08-03,23,4,4,0,estandar,desayuno,agencia,otros,flexible,parcial,96.22,0,0,0,0
3515,2024-07-11,2025-01-24,197,3,2,0,superior,media_pension,directo,otros,no_reembolsable,parcial,131.94,0,0,0,1
4378,2024-07-11,2025-01-29,202,4,2,0,suite,media_pension,directo,IT,flexible,sin_deposito,202.6,0,0,0,0
4324,2024-07-12,2024-09-29,79,7,3,0,estandar,media_pension,web_intermediaria,FR,flexible,parcial,60.97,0,0,0,1
5289,2024-07-12,2024-10-19,99,6,1,0,estandar,solo_alojamiento,directo,UK,no_reembolsable,sin_deposito,74.28,0,0,0,1
4509,2024-07-12,2024-09-18,68,3,2,0,familiar,desayuno,web_intermediaria,ES,no_reembolsable,sin_deposito,102.41,2,0,0,1
4949,2024-07-12,2025-02-12,215,5,2,0,familiar,todo_incluido,agencia,ES,flexible,sin_deposito,138.54,1,0,0,1
1882,2024-07-12,2024-08-19,38,7,2,0,estandar,media_pension,web_intermediaria,DE,flexible,sin_deposito,82.45,1,0,0,1
4741,2024-07-12,2024-08-15,34,1,2,3,superior,todo_incluido,web_intermediaria,UK,no_reembolsable,parcial,133.74,0,0,0,0
2492,2024-07-12,2024-10-30,110,7,3,0,estandar,desayuno,empresa,ES,no_reembolsable,sin_deposito,64.73,0,0,0,0
4234,2024-07-12,2024-08-04,23,6,1,0,familiar,desayuno,web_intermediaria,UK,flexible,sin_deposito,139.09,1,0,0,0
1701,2024-07-12,2024-09-11,61,6,4,0,estandar,desayuno,web_intermediaria,UK,flexible,parcial,70.67,0,0,0,1
3200,2024-07-12,2024-09-15,65,7,2,3,estandar,media_pension,web_intermediaria,otros,no_reembolsable,total,72.78,1,1,0,0
3216,2024-07-12,2024-11-09,120,4,4,0,estandar,media_pension,web_intermediaria,Nordicos,flexible,sin_deposito,66.7,0,1,0,1
1621,2024-07-12,2025-01-09,181,7,4,0,estandar,todo_incluido,web_intermediaria,DE,flexible,total,92.18,1,0,0,1
292,2024-07-13,2024-09-27,76,5,4,0,estandar,desayuno,web_intermediaria,DE,no_reembolsable,parcial,75.33,0,0,0,1
4124,2024-07-13,2024-10-26,105,9,2,0,superior,media_pension,directo,FR,no_reembolsable,sin_deposito,83.21,0,0,0,0
1429,2024-07-13,2024-08-07,25,5,1,0,estandar,media_pension,directo,ES,flexible,parcial,75.03,1,0,0,0
618,2024-07-13,2024-08-31,49,10,2,0,estandar,desayuno,directo,FR,no_reembolsable,parcial,80.89,3,0,0,0
206,2024-07-13,2024-09-13,62,3,2,2,suite,media_pension,web_intermediaria,NL,flexible,sin_deposito,142.04,0,0,0,1
1261,2024-07-13,2024-07-28,15,8,2,0,superior,desayuno,web_intermediaria,Nordicos,no_reembolsable,total,114.56,0,0,0,0
4187,2024-07-13,2025-03-19,249,6,2,1,familiar,media_pension,directo,otros,no_reembolsable,parcial,134.52,1,0,0,0
3302,2024-07-13,2025-02-03,205,4,2,0,familiar,media_pension,web_intermediaria,otros,no_reembolsable,parcial,119.68,1,0,0,1
1673,2024-07-14,2024-09-20,68,6,1,2,superior,desayuno,web_intermediaria,UK,flexible,parcial,80.71,0,1,0,1
2333,2024-07-14,2024-09-06,54,3,3,0,estandar,todo_incluido,agencia,UK,flexible,sin_deposito,69.41,0,1,0,1
2301,2024-07-14,2024-09-15,63,6,2,1,estandar,media_pension,agencia,ES,flexible,parcial,64.85,0,0,0,1
3168,2024-07-14,2024-09-29,77,5,2,0,suite,solo_alojamiento,web_intermediaria,IT,flexible,sin_deposito,172.38,0,0,0,1
4087,2024-07-15,2024-08-09,25,3,2,0,superior,desayuno,agencia,otros,flexible,total,107.98,2,0,0,0
1011,2024-07-15,2024-12-24,162,6,4,3,estandar,solo_alojamiento,web_intermediaria,UK,flexible,sin_deposito,83.28,0,0,0,1
509,2024-07-15,2024-08-28,44,2,2,0,estandar,desayuno,web_intermediaria,IT,flexible,sin_deposito,91.49,0,0,0,0
1123,2024-07-15,2025-04-11,270,4,2,0,estandar,todo_incluido,agencia,ES,no_reembolsable,sin_deposito,71.94,0,0,0,1
4033,2024-07-15,2024-10-11,88,5,2,0,superior,solo_alojamiento,web_intermediaria,NL,flexible,sin_deposito,101.11,0,0,0,0
3754,2024-07-15,2024-08-10,26,7,2,1,estandar,desayuno,web_intermediaria,DE,flexible,sin_deposito,92.06,1,0,0,1
4775,2024-07-15,2024-10-14,91,4,4,0,familiar,todo_incluido,web_intermediaria,otros,flexible,total,109.57,0,0,0,0
890,2024-07-16,2024-10-26,102,6,4,0,superior,todo_incluido,web_intermediaria,DE,no_reembolsable,sin_deposito,93.25,0,0,0,0
744,2024-07-16,2024-08-15,30,4,2,3,estandar,media_pension,web_intermediaria,UK,flexible,sin_deposito,89.56,1,0,0,1
779,2024-07-16,2024-08-17,32,8,2,0,suite,todo_incluido,directo,UK,flexible,sin_deposito,209.77,1,0,0,0
2238,2024-07-16,2024-08-08,23,7,2,2,superior,desayuno,directo,Nordicos,flexible,sin_deposito,121.9,0,0,0,1
5230,2024-07-16,2024-09-30,76,7,4,0,familiar,solo_alojamiento,empresa,FR,flexible,sin_deposito,104.03,0,1,0,0
4017,2024-07-16,2024-08-31,46,2,3,1,estandar,desayuno,web_intermediaria,IT,flexible,sin_deposito,83.35,0,1,1,0
4332,2024-07-16,2024-11-28,135,4,2,0,estandar,media_pension,directo,UK,no_reembolsable,sin_deposito,69.11,0,0,0,1
2430,2024-07-16,2024-08-18,33,6,2,2,estandar,desayuno,directo,DE,flexible,sin_deposito,94.01,0,0,0,0
2658,2024-07-16,2025-07-27,376,2,2,3,estandar,todo_incluido,web_intermediaria,UK,no_reembolsable,sin_deposito,91.28,0,0,0,1
5676,2024-07-16,2024-09-12,58,4,1,0,estandar,todo_incluido,agencia,,flexible,sin_deposito,68.66,2,0,0,1
2577,2024-07-16,2024-08-21,36,6,2,0,familiar,todo_incluido,web_intermediaria,Nordicos,flexible,total,134.3,0,0,0,0
3032,2024-07-17,2024-11-04,110,5,2,0,estandar,desayuno,web_intermediaria,UK,flexible,sin_deposito,74.49,2,0,0,1
5470,2024-07-17,2024-11-02,108,5,2,0,estandar,media_pension,web_intermediaria,ES,flexible,parcial,70.07,0,0,0,1
216,2024-07-17,2024-11-01,107,3,2,2,estandar,todo_incluido,agencia,UK,flexible,sin_deposito,65.23,0,0,0,1
4247,2024-07-18,2024-08-15,28,9,4,1,estandar,solo_alojamiento,agencia,ES,flexible,sin_deposito,82.86,2,0,0,0
5711,2024-07-18,2024-07-25,7,3,2,0,superior,desayuno,web_intermediaria,ES,flexible,sin_deposito,114.84,1,1,0,1
5365,2024-07-18,2024-10-28,102,6,4,0,familiar,desayuno,web_intermediaria,DE,flexible,total,123.31,1,0,0,0
1640,2024-07-18,2024-12-17,152,4,2,2,estandar,todo_incluido,web_intermediaria,UK,no_reembolsable,sin_deposito,92.16,1,0,0,1
4242,2024-07-18,2024-08-11,24,2,3,0,estandar,desayuno,web_intermediaria,ES,no_reembolsable,sin_deposito,89.95,0,0,0,1
3060,2024-07-18,2024-09-16,60,4,2,1,suite,media_pension,web_intermediaria,UK,flexible,sin_deposito,167.49,0,1,1,1
4918,2024-07-18,2024-10-17,91,4,2,2,estandar,desayuno,agencia,ES,flexible,total,62.06,1,1,1,0
3100,2024-07-18,2024-09-15,59,5,3,0,estandar,media_pension,web_intermediaria,ES,no_reembolsable,parcial,70.6,0,0,0,0
4579,2024-07-19,2024-11-10,114,4,3,2,superior,desayuno,agencia,DE,flexible,sin_deposito,104.49,3,0,0,1
1491,2024-07-19,2024-10-05,78,5,4,0,superior,todo_incluido,web_intermediaria,DE,no_reembolsable,parcial,101.43,1,0,0,0
4633,2024-07-19,2025-01-07,172,4,3,0,estandar,desayuno,web_intermediaria,UK,flexible,sin_deposito,92.31,1,0,0,1
3796,2024-07-19,2024-08-06,18,6,1,0,estandar,desayuno,web_intermediaria,DE,flexible,sin_deposito,91.86,0,0,0,1
505,2024-07-19,2024-08-28,40,4,2,0,superior,desayuno,web_intermediaria,ES,no_reembolsable,parcial,125.78,0,0,0,0
3304,2024-07-19,2024-08-16,28,4,3,0,superior,desayuno,agencia,ES,flexible,parcial,112.71,2,0,0,0
1322,2024-07-19,2024-09-25,68,6,2,0,superior,solo_alojamiento,agencia,Nordicos,flexible,sin_deposito,102.95,2,0,0,1
2106,2024-07-19,2024-11-12,116,8,1,1,estandar,solo_alojamiento,web_intermediaria,DE,flexible,parcial,66.83,3,1,0,1
5754,2024-07-19,2024-08-27,39,5,2,2,estandar,solo_alojamiento,web_intermediaria,DE,flexible,parcial,87.84,0,0,0,0
4316,2024-07-20,2024-08-08,19,8,2,0,estandar,media_pension,empresa,ES,flexible,parcial,87.02,0,0,0,0
4301,2024-07-20,2024-10-15,87,3,1,0,estandar,solo_alojamiento,agencia,ES,flexible,sin_deposito,70.39,1,0,0,0
143,2024-07-20,2024-12-17,150,4,2,0,suite,media_pension,web_intermediaria,otros,no_reembolsable,total,222.15,0,0,0,0
281,2024-07-20,2024-12-17,150,7,2,1,superior,solo_alojamiento,directo,otros,no_reembolsable,sin_deposito,133.81,1,0,0,0
3307,2024-07-20,2024-09-30,72,3,2,2,estandar,media_pension,directo,NL,no_reembolsable,parcial,77.45,1,0,0,0
3212,2024-07-20,2024-10-11,83,4,2,0,superior,media_pension,web_intermediaria,DE,no_reembolsable,parcial,93.92,0,0,0,0
2955,2024-07-21,2024-09-08,49,5,4,0,suite,desayuno,web_intermediaria,ES,flexible,sin_deposito,166.06,0,0,0,0
111,2024-07-21,2024-08-28,38,4,1,0,superior,desayuno,web_intermediaria,IT,no_reembolsable,sin_deposito,108.35,0,0,0,1
39,2024-07-21,2024-11-25,127,3,2,0,estandar,todo_incluido,agencia,otros,no_reembolsable,sin_deposito,65.44,1,0,0,1
3083,2024-07-21,2024-10-02,73,6,2,0,superior,todo_incluido,web_intermediaria,DE,flexible,parcial,102.03,0,0,0,0
1192,2024-07-21,2024-08-21,31,8,1,2,superior,media_pension,web_intermediaria,UK,flexible,sin_deposito,131.55,0,0,0,1
5839,2024-07-21,2024-10-12,83,6,2,1,estandar,media_pension,directo,otros,no_reembolsable,parcial,69.94,2,0,0,1
2045,2024-07-21,2024-10-16,87,6,1,0,superior,media_pension,web_intermediaria,UK,flexible,sin_deposito,97.5,0,0,0,1
5703,2024-07-21,2024-10-01,72,4,2,1,suite,solo_alojamiento,web_intermediaria,otros,flexible,parcial,172.82,0,0,0,0
950,2024-07-21,2024-09-11,52,4,1,2,superior,solo_alojamiento,web_intermediaria,Nordicos,flexible,parcial,84.39,1,0,0,0
5010,2024-07-21,2024-12-06,138,4,2,0,estandar,todo_incluido,web_intermediaria,FR,flexible,sin_deposito,78.96,1,0,0,1
5611,2024-07-21,2024-09-21,62,8,2,0,estandar,solo_alojamiento,agencia,UK,flexible,sin_deposito,65.24,0,0,0,1
413,2024-07-22,2024-09-12,52,6,2,0,estandar,desayuno,directo,FR,no_reembolsable,sin_deposito,79.16,0,0,0,0
4246,2024-07-22,2024-08-15,24,1,2,0,suite,todo_incluido,web_intermediaria,NL,flexible,sin_deposito,249.35,0,0,0,0
5964,2024-07-22,2024-11-07,108,6,1,1,superior,todo_incluido,agencia,NL,flexible,sin_deposito,94.67,1,0,0,0
1794,2024-07-22,2024-12-24,155,3,2,0,estandar,todo_incluido,directo,FR,flexible,sin_deposito,87.65,1,0,0,1
1999,2024-07-23,2024-10-13,82,3,2,1,superior,desayuno,directo,UK,flexible,sin_deposito,98.71,1,0,0,0
1028,2024-07-23,2024-08-11,19,4,2,0,superior,media_pension,agencia,DE,flexible,sin_deposito,125.64,1,0,0,1
1551,2024-07-23,2025-02-02,194,5,2,0,estandar,solo_alojamiento,web_intermediaria,DE,no_reembolsable,sin_deposito,95.55,0,0,0,0
2311,2024-07-23,2024-10-23,92,5,2,2,superior,todo_incluido,agencia,FR,flexible,total,95.25,0,0,0,0
4146,2024-07-23,2024-09-14,53,5,2,2,estandar,solo_alojamiento,agencia,DE,flexible,sin_deposito,62.2,0,0,0,1
4034,2024-07-23,2024-10-23,92,10,2,1,suite,media_pension,web_intermediaria,Nordicos,flexible,total,162.76,1,0,0,0
399,2024-07-23,2024-09-16,55,4,2,0,superior,desayuno,web_intermediaria,ES,flexible,sin_deposito,107.56,0,1,1,0
2109,2024-07-23,2024-10-22,91,6,1,1,familiar,desayuno,directo,otros,no_reembolsable,parcial,120.02,1,0,0,0
2849,2024-07-23,2024-11-18,118,3,2,0,familiar,todo_incluido,agencia,Nordicos,flexible,sin_deposito,104.11,0,0,0,0
2000,2024-07-24,2025-02-03,194,2,2,2,estandar,media_pension,web_intermediaria,ES,no_reembolsable,sin_deposito,88.32,0,0,0,1
314,2024-07-24,2024-08-16,23,6,3,0,estandar,media_pension,directo,otros,flexible,parcial,91.1,0,0,0,0
152,2024-07-24,2024-11-12,111,8,2,0,superior,solo_alojamiento,web_intermediaria,UK,flexible,parcial,100.26,0,0,0,1
2111,2024-07-24,2024-10-21,89,8,2,0,estandar,solo_alojamiento,web_intermediaria,UK,flexible,parcial,64.5,0,0,0,1
1917,2024-07-25,2024-11-11,109,3,2,0,estandar,media_pension,agencia,UK,no_reembolsable,total,58.44,1,0,0,0
1410,2024-07-25,2024-11-12,110,3,3,0,estandar,desayuno,empresa,NL,no_reembolsable,total,62.59,1,1,0,0
2979,2024-07-25,2024-08-22,28,5,2,0,estandar,todo_incluido,web_intermediaria,NL,no_reembolsable,parcial,75.61,0,0,0,0
2787,2024-07-25,2024-11-21,119,7,3,0,estandar,desayuno,directo,DE,flexible,sin_deposito,63.26,1,0,0,1
5634,2024-07-25,2024-10-25,92,7,1,0,estandar,desayuno,web_intermediaria,UK,no_reembolsable,sin_deposito,70.06,0,0,0,0
5936,2024-07-25,2024-09-08,45,4,1,2,estandar,todo_incluido,agencia,UK,flexible,parcial,65.63,1,0,0,0
3039,2024-07-25,2024-11-15,113,8,4,0,superior,solo_alojamiento,web_intermediaria,DE,flexible,total,84.96,0,0,0,1
573,2024-07-25,2024-08-31,37,3,2,0,superior,todo_incluido,web_intermediaria,Nordicos,no_reembolsable,total,124.19,0,0,0,0
4015,2024-07-25,2024-10-28,95,6,1,1,estandar,solo_alojamiento,agencia,ES,flexible,parcial,73.17,0,0,0,1
2871,2024-07-25,2024-08-14,20,7,2,1,estandar,solo_alojamiento,web_intermediaria,ES,no_reembolsable,total,85.8,0,0,0,0
2110,2024-07-25,2024-08-17,23,15,1,0,estandar,desayuno,directo,DE,no_reembolsable,parcial,92.44,1,0,0,0
5890,2024-07-26,2024-12-19,146,5,4,0,familiar,desayuno,agencia,ES,flexible,sin_deposito,118.61,0,0,0,1
5541,2024-07-26,2024-10-28,94,5,3,2,superior,desayuno,agencia,otros,flexible,sin_deposito,88.13,0,0,0,0
3599,2024-07-26,2024-08-02,7,4,2,0,estandar,solo_alojamiento,web_intermediaria,otros,flexible,sin_deposito,95.49,0,0,0,0
299,2024-07-26,2025-01-21,179,6,2,0,superior,solo_alojamiento,directo,ES,no_reembolsable,total,117.79,1,0,0,0
2706,2024-07-26,2024-08-26,31,3,2,0,estandar,todo_incluido,web_intermediaria,IT,flexible,sin_deposito,86.83,1,0,0,0
814,2024-07-26,2024-11-22,119,6,2,0,superior,todo_incluido,web_intermediaria,IT,flexible,sin_deposito,94.29,2,0,0,1
534,2024-07-26,2024-08-31,36,3,1,0,superior,todo_incluido,web_intermediaria,UK,flexible,sin_deposito,108.87,1,0,0,1
4082,2024-07-26,2024-10-15,81,5,1,0,superior,desayuno,agencia,UK,no_reembolsable,parcial,106.09,4,1,1,0
1209,2024-07-26,2024-10-04,70,4,2,0,estandar,solo_alojamiento,web_intermediaria,UK,flexible,sin_deposito,76.59,0,0,0,1
1382,2024-07-26,2024-11-19,116,6,2,1,estandar,media_pension,agencia,UK,no_reembolsable,sin_deposito,62.98,0,1,0,1
3420,2024-07-26,2024-10-08,74,5,2,1,familiar,desayuno,agencia,ES,flexible,sin_deposito,111.6,1,1,0,0
2812,2024-07-27,2024-08-07,11,5,2,0,familiar,media_pension,directo,UK,flexible,parcial,118.89,0,0,0,0
5110,2024-07-27,2024-11-19,115,5,2,1,estandar,media_pension,web_intermediaria,IT,flexible,sin_deposito,71.51,0,1,0,1
4711,2024-07-27,2024-11-26,122,6,2,2,estandar,desayuno,web_intermediaria,,flexible,sin_deposito,69.44,1,0,0,0
3994,2024-07-27,2024-08-26,30,7,3,2,estandar,desayuno,agencia,ES,flexible,sin_deposito,104.44,2,0,0,0
4907,2024-07-27,2024-11-07,103,1,1,0,superior,solo_alojamiento,directo,ES,flexible,sin_deposito,90.06,1,1,1,1
5345,2024-07-27,2024-09-14,49,4,3,0,superior,media_pension,directo,DE,flexible,total,91.6,0,0,0,0
5370,2024-07-27,2025-03-28,244,7,2,0,familiar,todo_incluido,agencia,Nordicos,flexible,sin_deposito,144.32,2,0,0,1
2193,2024-07-28,2024-09-18,52,8,2,0,estandar,desayuno,agencia,UK,flexible,sin_deposito,71.3,2,0,0,0
5287,2024-07-28,2024-10-13,77,9,3,0,estandar,todo_incluido,web_intermediaria,IT,flexible,sin_deposito,72.22,1,0,0,1
4024,2024-07-28,2024-09-14,48,7,3,3,familiar,solo_alojamiento,directo,otros,no_reembolsable,parcial,119.38,0,0,0,0
4632,2024-07-28,2024-09-01,35,5,2,3,estandar,solo_alojamiento,web_intermediaria,,no_reembolsable,parcial,70.78,1,0,0,0
450,2024-07-28,2024-11-19,114,3,2,2,estandar,media_pension,directo,UK,flexible,sin_deposito,70.7,1,0,0,1
2219,2024-07-28,2024-09-27,61,6,1,2,familiar,desayuno,agencia,UK,flexible,parcial,104.56,0,0,0,1
1993,2024-07-28,2025-02-03,190,11,2,0,familiar,solo_alojamiento,web_intermediaria,,flexible,sin_deposito,153.28,1,0,0,1
5163,2024-07-28,2024-08-27,30,5,2,1,estandar,todo_incluido,web_intermediaria,UK,no_reembolsable,sin_deposito,89.75,2,1,0,1
3716,2024-07-28,2024-12-01,126,4,1,2,estandar,media_pension,web_intermediaria,UK,flexible,total,92.02,2,0,0,0
481,2024-07-29,2024-09-29,62,8,4,2,suite,media_pension,agencia,ES,no_reembolsable,sin_deposito,164.95,2,1,0,0
5258,2024-07-29,2024-09-24,57,2,4,0,estandar,desayuno,web_intermediaria,UK,flexible,sin_deposito,71.33,1,0,0,1
2807,2024-07-29,2024-08-27,29,4,3,1,estandar,desayuno,web_intermediaria,UK,flexible,parcial,81.18,0,0,0,0
660,2024-07-29,2024-08-11,13,5,1,1,familiar,desayuno,web_intermediaria,ES,flexible,sin_deposito,140.14,1,0,0,1
4688,2024-07-29,2024-10-23,86,6,3,0,estandar,desayuno,agencia,DE,flexible,sin_deposito,72.21,0,0,0,0
5642,2024-07-29,2024-11-26,120,1,2,0,estandar,todo_incluido,web_intermediaria,Nordicos,flexible,parcial,71.14,0,0,0,0
841,2024-07-29,2024-09-20,53,1,1,2,estandar,todo_incluido,agencia,DE,flexible,parcial,78.96,0,0,0,0
2419,2024-07-29,2024-09-23,56,6,1,0,estandar,todo_incluido,web_intermediaria,UK,flexible,total,71.47,0,1,1,0
3368,2024-07-29,2024-12-11,135,8,2,0,superior,desayuno,web_intermediaria,DE,flexible,parcial,121.82,2,0,0,0
1230,2024-07-29,2024-09-28,61,4,2,0,superior,todo_incluido,web_intermediaria,UK,no_reembolsable,sin_deposito,104.96,0,1,0,0
96,2024-07-29,2024-11-18,112,4,2,0,estandar,todo_incluido,web_intermediaria,ES,no_reembolsable,sin_deposito,71.24,0,0,0,1
855,2024-07-29,2024-08-27,29,9,2,0,superior,solo_alojamiento,empresa,UK,no_reembolsable,sin_deposito,118.32,0,0,0,0
3699,2024-07-30,2024-12-18,141,10,2,1,suite,todo_incluido,web_intermediaria,DE,flexible,parcial,187.25,0,0,0,1
2541,2024-07-30,2024-08-19,20,12,2,0,superior,desayuno,directo,DE,no_reembolsable,sin_deposito,109.19,0,0,0,0
495,2024-07-30,2024-12-05,128,7,3,1,estandar,media_pension,agencia,DE,flexible,sin_deposito,91.19,1,0,0,1
2229,2024-07-30,2024-10-14,76,9,2,0,estandar,solo_alojamiento,web_intermediaria,ES,no_reembolsable,sin_deposito,63.24,0,1,0,1
3294,2024-07-30,2024-10-03,65,4,2,0,estandar,desayuno,agencia,ES,flexible,sin_deposito,69.23,0,0,0,1
1483,2024-07-30,2024-12-17,140,5,2,0,estandar,todo_incluido,agencia,UK,flexible,sin_deposito,92.44,0,1,0,1
2041,2024-07-30,2024-10-20,82,3,2,2,superior,desayuno,web_intermediaria,ES,flexible,parcial,95.59,1,0,0,0
4507,2024-07-30,2024-12-08,131,4,2,0,estandar,media_pension,web_intermediaria,ES,flexible,sin_deposito,82.41,0,0,0,1
2398,2024-07-30,2024-10-01,63,7,2,0,familiar,solo_alojamiento,agencia,DE,flexible,sin_deposito,119.52,0,0,0,0
3596,2024-07-30,2024-09-25,57,3,1,0,estandar,todo_incluido,web_intermediaria,,no_reembolsable,total,76.68,0,0,0,0
3389,2024-07-30,2024-11-26,119,4,2,1,familiar,todo_incluido,directo,ES,flexible,total,109.77,0,0,0,0
2186,2024-07-30,2024-10-24,86,7,2,0,familiar,media_pension,web_intermediaria,UK,flexible,sin_deposito,113.5,0,0,0,0
3525,2024-07-31,2024-09-28,59,3,2,3,estandar,todo_incluido,web_intermediaria,UK,no_reembolsable,parcial,76.48,1,0,0,0
1561,2024-07-31,2024-10-09,70,5,1,1,familiar,desayuno,web_intermediaria,UK,no_reembolsable,sin_deposito,116.74,1,0,0,0
4115,2024-07-31,2024-11-02,94,7,2,0,estandar,desayuno,web_intermediaria,UK,flexible,sin_deposito,65.17,2,0,0,1
5290,2024-07-31,2024-10-07,68,7,3,1,suite,todo_incluido,agencia,otros,no_reembolsable,parcial,151.54,1,0,0,0
4263,2024-07-31,2024-10-18,79,5,1,0,superior,desayuno,directo,NL,no_reembolsable,sin_deposito,102.11,0,0,0,0
342,2024-07-31,2024-09-30,61,4,2,0,estandar,solo_alojamiento,web_intermediaria,DE,flexible,sin_deposito,70.41,0,1,0,1
2197,2024-07-31,2025-01-29,182,7,2,2,familiar,media_pension,web_intermediaria,DE,no_reembolsable,total,129.34,2,0,0,1
3042,2024-07-31,2024-12-14,136,7,1,0,superior,desayuno,directo,DE,flexible,total,101.43,0,0,0,0
4725,2024-07-31,2024-10-02,63,4,3,0,suite,desayuno,agencia,DE,no_reembolsable,parcial,169.72,1,0,0,0
2583,2024-07-31,2024-08-17,17,8,4,3,superior,desayuno,web_intermediaria,otros,flexible,parcial,126.11,0,0,0,1
5049,2024-08-01,2025-02-06,189,5,4,0,estandar,media_pension,web_intermediaria,ES,no_reembolsable,sin_deposito,87.26,0,0,0,1
4580,2024-08-01,2024-08-09,8,7,2,0,superior,desayuno,web_intermediaria,ES,no_reembolsable,parcial,103.42,1,0,0,1
1114,2024-08-01,2024-09-13,43,4,2,0,superior,desayuno,web_intermediaria,ES,no_reembolsable,total,91.57,1,0,0,0
4649,2024-08-01,2024-09-03,33,4,1,0,superior,todo_incluido,web_intermediaria,otros,flexible,sin_deposito,65.94,0,0,0,0
4617,2024-08-01,2024-10-22,82,9,2,2,superior,desayuno,agencia,FR,no_reembolsable,parcial,90.69,1,0,0,0
154,2024-08-02,2024-08-28,26,5,2,0,estandar,desayuno,agencia,ES,flexible,sin_deposito,71.02,3,0,0,0
3437,2024-08-02,2024-11-23,113,4,2,1,estandar,desayuno,web_intermediaria,ES,flexible,sin_deposito,66.59,0,0,0,1
1451,2024-08-02,2024-12-26,146,5,2,2,superior,desayuno,web_intermediaria,UK,flexible,sin_deposito,103.2,0,0,0,1
5100,2024-08-02,2024-09-29,58,6,3,0,superior,todo_incluido,directo,ES,no_reembolsable,parcial,103.7,0,0,0,0
4397,2024-08-03,2024-10-12,70,8,2,2,superior,media_pension,directo,ES,flexible,parcial,101.12,1,0,0,0
4939,2024-08-03,2024-09-16,44,5,2,2,familiar,desayuno,web_intermediaria,UK,no_reembolsable,parcial,122.66,0,0,0,1
5190,2024-08-03,2024-10-28,86,5,2,0,familiar,desayuno,directo,otros,flexible,parcial,92.61,0,0,0,0
1820,2024-08-03,2024-09-23,51,13,2,3,superior,todo_incluido,web_intermediaria,DE,flexible,sin_deposito,95.14,2,0,0,0
3592,2024-08-03,2024-09-13,41,5,3,1,familiar,desayuno,web_intermediaria,ES,flexible,parcial,112.54,2,0,0,0
1646,2024-08-03,2025-02-18,199,7,2,0,estandar,solo_alojamiento,web_intermediaria,Nordicos,flexible,parcial,78.97,0,0,0,1
2255,2024-08-03,2024-08-19,16,5,2,2,estandar,solo_alojamiento,web_intermediaria,ES,flexible,parcial,95.53,0,0,0,0
796,2024-08-03,2024-08-28,25,4,2,0,familiar,media_pension,web_intermediaria,otros,flexible,sin_deposito,136.11,0,0,0,1
4771,2024-08-03,2024-10-07,65,7,3,1,estandar,desayuno,web_intermediaria,DE,no_reembolsable,total,62.66,0,0,0,1
271,2024-08-03,2024-08-10,7,7,2,2,familiar,todo_incluido,web_intermediaria,otros,flexible,parcial,143.19,0,0,0,1
638,2024-08-04,2024-10-21,78,5,2,0,estandar,solo_alojamiento,web_intermediaria,Nordicos,no_reembolsable,sin_deposito,75.47,0,0,0,0
1338,2024-08-04,2025-03-14,222,3,2,0,superior,media_pension,agencia,ES,no_reembolsable,parcial,118.47,0,1,0,1
4205,2024-08-04,2024-09-10,37,6,4,0,estandar,desayuno,agencia,Nordicos,flexible,sin_deposito,71.95,0,0,0,1
1862,2024-08-04,2025-04-18,257,7,2,0,estandar,media_pension,empresa,IT,no_reembolsable,parcial,68.61,1,1,2,1
1581,2024-08-04,2024-10-31,88,5,2,0,estandar,media_pension,agencia,ES,no_reembolsable,sin_deposito,82.57,1,1,0,0
419,2024-08-04,2024-11-14,102,3,2,1,estandar,media_pension,web_intermediaria,ES,flexible,sin_deposito,71.88,0,0,0,1
2273,2024-08-04,2024-08-25,21,7,2,2,estandar,desayuno,web_intermediaria,Nordicos,no_reembolsable,parcial,87.8,0,0,0,1
3178,2024-08-04,2024-11-10,98,10,3,0,suite,media_pension,web_intermediaria,otros,no_reembolsable,sin_deposito,135.75,0,0,0,0
4482,2024-08-04,2025-04-07,246,6,2,3,superior,solo_alojamiento,web_intermediaria,DE,flexible,parcial,82.8,0,0,0,0
1907,2024-08-04,2024-12-05,123,8,3,0,estandar,media_pension,web_intermediaria,UK,no_reembolsable,sin_deposito,84.43,2,0,0,1
4816,2024-08-05,2024-09-15,41,3,2,0,suite,media_pension,web_intermediaria,NL,no_reembolsable,sin_deposito,151.32,1,0,0,0
3475,2024-08-05,2024-10-19,75,11,2,0,estandar,desayuno,directo,otros,flexible,parcial,70.45,1,0,0,1
1239,2024-08-05,2024-08-26,21,7,2,0,estandar,desayuno,empresa,ES,no_reembolsable,sin_deposito,83.49,2,0,0,0
5813,2024-08-06,2025-05-13,280,5,3,0,estandar,media_pension,agencia,ES,no_reembolsable,parcial,69.57,0,0,0,1
971,2024-08-06,2025-05-16,283,8,2,0,superior,solo_alojamiento,agencia,ES,no_reembolsable,parcial,79.09,0,0,0,1
1316,2024-08-06,2024-11-04,90,7,1,0,estandar,solo_alojamiento,agencia,,no_reembolsable,sin_deposito,71.0,0,0,0,1
5543,2024-08-06,2024-10-02,57,2,2,1,estandar,desayuno,web_intermediaria,Nordicos,flexible,total,63.56,1,0,0,0
5233,2024-08-06,2025-05-17,284,7,3,0,estandar,todo_incluido,directo,otros,flexible,total,71.61,1,0,0,0
4511,2024-08-06,2024-10-03,58,5,3,0,estandar,media_pension,agencia,UK,no_reembolsable,sin_deposito,72.93,0,0,0,1
5737,2024-08-06,2024-10-03,58,6,2,0,suite,desayuno,directo,DE,no_reembolsable,sin_deposito,170.59,0,0,0,0
263,2024-08-06,2024-10-26,81,6,1,0,estandar,media_pension,web_intermediaria,otros,no_reembolsable,sin_deposito,71.58,1,0,0,0
3205,2024-08-06,2024-11-25,111,3,2,0,superior,media_pension,agencia,UK,flexible,parcial,88.44,1,0,0,0
4590,2024-08-06,2024-12-13,129,7,2,0,familiar,desayuno,agencia,ES,flexible,sin_deposito,131.23,0,0,0,1
1400,2024-08-06,2024-10-29,84,5,4,0,estandar,desayuno,directo,UK,flexible,sin_deposito,62.78,0,0,0,0
5464,2024-08-06,2024-12-16,132,3,1,0,superior,desayuno,web_intermediaria,ES,flexible,sin_deposito,111.25,0,0,0,1
353,2024-08-06,2025-03-13,219,4,3,0,suite,desayuno,web_intermediaria,UK,flexible,sin_deposito,213.86,2,1,2,1
1403,2024-08-06,2024-08-13,7,7,4,0,estandar,desayuno,agencia,UK,flexible,sin_deposito,94.61,0,0,0,0
5425,2024-08-07,2024-10-06,60,8,1,1,estandar,todo_incluido,web_intermediaria,otros,no_reembolsable,sin_deposito,62.94,1,0,0,0
2467,2024-08-07,2024-12-02,117,4,3,0,estandar,desayuno,web_intermediaria,Nordicos,flexible,parcial,90.04,0,0,0,1
3844,2024-08-07,2025-04-05,241,3,3,0,familiar,media_pension,directo,ES,flexible,sin_deposito,91.23,1,0,0,0
3430,2024-08-07,2024-11-27,112,4,2,1,estandar,desayuno,empresa,NL,no_reembolsable,parcial,63.78,0,0,0,0
928,2024-08-07,2025-01-25,171,6,2,0,estandar,todo_incluido,web_intermediaria,Nordicos,no_reembolsable,sin_deposito,75.91,0,0,0,1
2833,2024-08-07,2024-09-22,46,6,4,2,estandar,todo_incluido,web_intermediaria,UK,no_reembolsable,sin_deposito,59.98,0,1,0,0
442,2024-08-07,2024-12-31,146,3,4,0,estandar,media_pension,web_intermediaria,FR,flexible,sin_deposito,94.31,0,0,0,0
4699,2024-08-07,2024-12-10,125,5,2,0,superior,desayuno,directo,otros,flexible,parcial,126.28,0,0,0,0
2997,2024-08-08,2024-08-22,14,5,2,0,estandar,media_pension,web_intermediaria,ES,no_reembolsable,sin_deposito,87.07,2,0,0,1
1367,2024-08-08,2024-10-22,75,6,2,0,estandar,solo_alojamiento,directo,DE,flexible,sin_deposito,61.59,0,0,0,0
190,2024-08-08,2024-10-30,83,6,1,2,familiar,desayuno,agencia,DE,no_reembolsable,sin_deposito,109.74,1,0,0,1
5221,2024-08-08,2025-01-28,173,7,3,0,familiar,desayuno,empresa,Nordicos,no_reembolsable,parcial,132.85,1,0,0,0
1476,2024-08-08,2024-08-31,23,3,2,0,suite,desayuno,directo,UK,no_reembolsable,parcial,192.53,0,0,0,0
1601,2024-08-08,2024-10-14,67,4,3,1,familiar,todo_incluido,agencia,IT,no_reembolsable,sin_deposito,115.4,4,0,0,0
2052,2024-08-08,2025-01-19,164,4,2,0,familiar,desayuno,web_intermediaria,Nordicos,no_reembolsable,parcial,149.15,0,1,0,0
2776,2024-08-08,2024-10-20,73,4,2,1,estandar,todo_incluido,directo,FR,flexible,total,61.68,1,0,0,0
5341,2024-08-08,2025-03-11,215,6,2,2,estandar,solo_alojamiento,web_intermediaria,UK,flexible,sin_deposito,81.18,0,0,0,1
802,2024-08-08,2024-11-10,94,11,2,0,suite,solo_alojamiento,web_intermediaria,UK,flexible,sin_deposito,144.19,0,1,1,0
5483,2024-08-08,2024-09-18,41,6,2,0,estandar,media_pension,web_intermediaria,UK,flexible,total,68.42,1,0,0,1
1823,2024-08-08,2024-08-17,9,4,3,0,estandar,desayuno,agencia,,no_reembolsable,parcial,86.02,0,0,0,0
4158,2024-08-08,2024-09-21,44,11,2,0,superior,desayuno,web_intermediaria,ES,no_reembolsable,sin_deposito,83.73,0,0,0,0
307,2024-08-08,2024-09-16,39,7,2,2,suite,desayuno,directo,ES,no_reembolsable,sin_deposito,141.13,0,0,0,0
4375,2024-08-09,2024-10-02,54,3,2,0,suite,todo_incluido,directo,ES,flexible,sin_deposito,145.68,0,1,0,1
136,2024-08-09,2024-10-05,57,6,2,0,superior,desayuno,web_intermediaria,Nordicos,no_reembolsable,parcial,105.68,0,0,0,0
4177,2024-08-09,2024-08-24,15,5,3,0,familiar,desayuno,empresa,UK,flexible,sin_deposito,123.12,1,0,0,1
2021,2024-08-09,2025-03-10,213,9,1,0,suite,desayuno,web_intermediaria,UK,no_reembolsable,sin_deposito,203.16,0,0,0,1
3742,2024-08-09,2024-12-10,123,4,3,0,superior,desayuno,agencia,otros,flexible,parcial,115.43,1,1,1,1
3106,2024-08-09,2024-11-06,89,3,2,0,familiar,todo_incluido,agencia,UK,flexible,sin_deposito,106.08,1,0,0,1
2708,2024-08-09,2025-02-13,188,11,2,0,suite,todo_incluido,directo,Nordicos,flexible,sin_deposito,198.07,0,0,0,1
3899,2024-08-09,2024-08-30,21,7,3,1,estandar,desayuno,directo,DE,flexible,sin_deposito,96.37,0,0,0,0
1155,2024-08-10,2024-11-14,96,3,4,0,suite,desayuno,agencia,DE,no_reembolsable,sin_deposito,166.01,0,0,0,1
1838,2024-08-10,2024-10-21,72,7,1,0,estandar,media_pension,web_intermediaria,FR,flexible,parcial,72.58,1,0,0,1
952,2024-08-10,2024-09-01,22,3,4,0,estandar,media_pension,web_intermediaria,DE,flexible,sin_deposito,74.83,1,0,0,1
2187,2024-08-10,2024-10-23,74,4,4,0,estandar,solo_alojamiento,empresa,UK,flexible,parcial,74.97,0,0,0,0
2089,2024-08-10,2024-09-05,26,6,2,2,familiar,desayuno,empresa,UK,flexible,total,108.24,1,0,0,0
2595,2024-08-11,2024-12-07,118,5,3,2,familiar,desayuno,web_intermediaria,DE,no_reembolsable,sin_deposito,121.24,1,0,0,1
3342,2024-08-11,2024-12-13,124,6,2,0,estandar,solo_alojamiento,web_intermediaria,DE,no_reembolsable,parcial,88.01,0,0,0,1
4746,2024-08-11,2024-12-11,122,5,2,0,estandar,desayuno,web_intermediaria,DE,flexible,parcial,80.58,0,0,0,1
4789,2024-08-11,2024-10-31,81,7,2,0,suite,todo_incluido,web_intermediaria,ES,no_reembolsable,sin_deposito,162.77,1,1,1,0
1105,2024-08-11,2024-09-26,46,5,3,2,superior,desayuno,directo,UK,no_reembolsable,sin_deposito,99.74,0,0,0,0
1391,2024-08-11,2025-01-09,151,5,4,2,suite,desayuno,directo,,flexible,parcial,203.73,0,0,0,0
4039,2024-08-11,2024-11-22,103,8,2,0,familiar,todo_incluido,directo,DE,no_reembolsable,total,100.76,0,0,0,0
226,2024-08-11,2024-10-21,71,2,3,0,estandar,media_pension,web_intermediaria,ES,no_reembolsable,parcial,70.76,0,0,0,0
3549,2024-08-12,2024-08-24,12,7,2,0,familiar,desayuno,agencia,UK,no_reembolsable,parcial,133.76,0,0,0,0
1186,2024-08-12,2024-12-07,117,2,4,0,estandar,desayuno,empresa,FR,flexible,sin_deposito,86.75,1,0,0,1
4495,2024-08-12,2024-10-27,76,6,2,0,estandar,media_pension,directo,Nordicos,no_reembolsable,parcial,69.12,1,0,0,0
2309,2024-08-12,2024-10-07,56,7,2,0,estandar,media_pension,agencia,IT,flexible,parcial,69.82,0,0,0,0
4447,2024-08-12,2024-11-10,90,3,2,0,familiar,media_pension,directo,otros,no_reembolsable,parcial,111.49,1,0,0,0
3697,2024-08-12,2025-05-26,287,8,4,0,estandar,solo_alojamiento,web_intermediaria,otros,no_reembolsable,sin_deposito,80.93,2,0,0,0
4667,2024-08-12,2024-09-23,42,2,2,0,familiar,desayuno,directo,UK,flexible,parcial,96.66,1,0,0,0
4588,2024-08-12,2025-02-04,176,5,2,0,suite,todo_incluido,web_intermediaria,Nordicos,flexible,parcial,202.57,1,0,0,1
5455,2024-08-12,2025-02-08,180,5,4,2,estandar,desayuno,agencia,UK,no_reembolsable,sin_deposito,87.41,0,0,0,0
5805,2024-08-12,2024-09-09,28,2,2,0,familiar,desayuno,web_intermediaria,ES,no_reembolsable,sin_deposito,111.51,0,0,0,0
2127,2024-08-12,2024-09-13,32,6,1,0,familiar,solo_alojamiento,agencia,UK,flexible,parcial,103.19,1,1,0,0
1779,2024-08-12,2025-01-09,150,3,2,0,estandar,media_pension,web_intermediaria,Nordicos,no_reembolsable,sin_deposito,88.06,1,0,0,1
3584,2024-08-12,2024-09-26,45,6,2,1,familiar,solo_alojamiento,directo,DE,flexible,sin_deposito,97.63,0,1,1,1
5986,2024-08-13,2024-08-27,14,4,2,0,estandar,media_pension,web_intermediaria,NL,no_reembolsable,sin_deposito,84.16,2,1,0,0
4290,2024-08-13,2024-09-25,43,5,1,0,estandar,todo_incluido,web_intermediaria,DE,flexible,sin_deposito,65.06,0,1,0,1
5349,2024-08-13,2024-10-17,65,7,2,1,superior,desayuno,agencia,Nordicos,flexible,sin_deposito,104.75,0,1,0,0
3062,2024-08-13,2024-09-28,46,2,1,0,estandar,desayuno,directo,DE,flexible,sin_deposito,63.67,0,0,0,0
4569,2024-08-13,2024-10-09,57,10,1,1,estandar,media_pension,web_intermediaria,otros,flexible,total,75.92,0,0,0,1
5767,2024-08-13,2024-12-15,124,10,3,0,familiar,todo_incluido,agencia,DE,flexible,sin_deposito,146.62,0,0,0,1
239,2024-08-13,2024-08-29,16,5,2,0,estandar,solo_alojamiento,directo,IT,flexible,parcial,97.54,0,0,0,0
3373,2024-08-13,2024-09-19,37,4,2,3,estandar,desayuno,web_intermediaria,UK,no_reembolsable,sin_deposito,66.37,0,1,0,0
2355,2024-08-13,2024-09-29,47,8,3,0,suite,desayuno,web_intermediaria,ES,flexible,sin_deposito,174.89,0,0,0,1
2808,2024-08-14,2024-08-23,9,4,4,0,estandar,solo_alojamiento,web_intermediaria,UK,no_reembolsable,parcial,85.87,1,0,0,0
526,2024-08-14,2024-10-12,59,1,2,2,superior,solo_alojamiento,web_intermediaria,DE,no_reembolsable,total,86.2,2,0,0,0
333,2024-08-14,2025-02-26,196,4,2,0,superior,desayuno,agencia,ES,flexible,parcial,129.38,1,0,0,0
400,2024-08-14,2024-10-05,52,5,3,0,estandar,todo_incluido,web_intermediaria,ES,flexible,sin_deposito,65.49,1,0,0,0
3987,2024-08-14,2025-01-23,162,5,4,1,familiar,todo_incluido,empresa,UK,flexible,total,148.15,0,0,0,0
3503,2024-08-14,2025-01-06,145,6,2,0,estandar,todo_incluido,directo,DE,no_reembolsable,parcial,101.56,1,0,0,0
5705,2024-08-15,2024-11-06,83,5,2,0,superior,desayuno,agencia,ES,flexible,parcial,82.74,1,0,0,0
1060,2024-08-15,2024-10-29,75,4,3,0,estandar,desayuno,directo,DE,flexible,parcial,61.39,1,0,0,0
5415,2024-08-15,2024-09-10,26,4,2,3,familiar,media_pension,directo,UK,no_reembolsable,total,107.64,0,0,0,0
5227,2024-08-15,2024-11-15,92,3,2,0,superior,desayuno,web_intermediaria,ES,no_reembolsable,total,105.59,0,0,0,0
2781,2024-08-15,2024-11-04,81,5,2,3,estandar,todo_incluido,web_intermediaria,ES,flexible,sin_deposito,60.5,0,0,0,1
3942,2024-08-15,2025-01-29,167,4,2,1,superior,desayuno,directo,FR,no_reembolsable,sin_deposito,130.02,1,0,0,0
4665,2024-08-16,2024-11-07,83,4,2,2,estandar,todo_incluido,web_intermediaria,UK,no_reembolsable,sin_deposito,79.26,0,0,0,1
1462,2024-08-16,2024-12-07,113,3,1,2,estandar,solo_alojamiento,agencia,otros,flexible,total,77.14,0,0,0,0
1821,2024-08-16,2024-12-08,114,5,2,0,estandar,solo_alojamiento,web_intermediaria,ES,flexible,sin_deposito,87.49,0,0,0,1
88,2024-08-16,2024-09-22,37,3,1,0,suite,desayuno,empresa,UK,flexible,sin_deposito,146.92,1,0,0,0
749,2024-08-16,2024-11-10,86,2,3,0,familiar,media_pension,web_intermediaria,UK,flexible,total,110.71,0,0,0,0
4603,2024-08-16,2024-12-11,117,8,2,0,estandar,solo_alojamiento,web_intermediaria,DE,flexible,sin_deposito,72.38,0,1,0,0
5569,2024-08-17,2024-10-12,56,4,2,0,superior,media_pension,web_intermediaria,ES,no_reembolsable,sin_deposito,113.17,0,0,0,1
5765,2024-08-17,2025-06-20,307,4,2,1,estandar,media_pension,directo,otros,flexible,sin_deposito,63.95,0,0,0,1
447,2024-08-17,2024-09-18,32,4,1,0,estandar,desayuno,web_intermediaria,ES,flexible,sin_deposito,72.37,0,0,0,0
2434,2024-08-17,2025-01-13,149,2,2,0,estandar,desayuno,web_intermediaria,UK,flexible,total,80.51,1,0,0,1
1034,2024-08-17,2024-10-13,57,6,2,0,estandar,solo_alojamiento,web_intermediaria,DE,flexible,sin_deposito,65.87,0,0,0,1
1014,2024-08-17,2024-11-05,80,7,2,0,superior,todo_incluido,directo,DE,flexible,sin_deposito,93.03,0,0,0,0
4440,2024-08-17,2024-09-28,42,9,1,0,estandar,todo_incluido,directo,UK,flexible,sin_deposito,78.05,0,0,0,1
3164,2024-08-17,2025-01-18,154,5,2,0,suite,desayuno,agencia,DE,no_reembolsable,parcial,192.46,0,0,0,1
3098,2024-08-17,2025-03-26,221,3,2,0,estandar,desayuno,directo,Nordicos,flexible,sin_deposito,88.43,1,0,0,1
4425,2024-08-17,2024-09-10,24,6,2,2,estandar,todo_incluido,empresa,UK,flexible,total,72.53,1,1,0,0
748,2024-08-17,2024-12-05,110,4,3,0,superior,todo_incluido,directo,IT,flexible,parcial,120.91,1,0,0,0
4274,2024-08-17,2024-12-26,131,7,1,2,superior,media_pension,directo,UK,flexible,parcial,115.13,0,0,0,1
5321,2024-08-17,2024-08-30,13,5,1,2,familiar,media_pension,web_intermediaria,otros,flexible,sin_deposito,131.83,0,0,0,0
2167,2024-08-18,2024-10-03,46,4,2,0,estandar,todo_incluido,web_intermediaria,DE,flexible,sin_deposito,70.47,2,0,0,0
3790,2024-08-18,2024-10-04,47,3,1,0,estandar,solo_alojamiento,web_intermediaria,UK,flexible,sin_deposito,80.04,1,0,0,1
5528,2024-08-18,2024-11-23,97,6,2,0,estandar,desayuno,directo,ES,flexible,parcial,79.37,0,0,0,0
309,2024-08-18,2025-01-18,153,3,3,0,superior,media_pension,web_intermediaria,UK,flexible,sin_deposito,115.56,0,0,0,1
368,2024-08-18,2024-12-06,110,4,2,0,estandar,todo_incluido,directo,ES,no_reembolsable,parcial,85.23,1,0,0,0
988,2024-08-18,2025-05-21,276,8,3,0,estandar,desayuno,web_intermediaria,UK,flexible,sin_deposito,72.5,1,0,0,1
2867,2024-08-18,2024-10-23,66,8,2,0,superior,desayuno,directo,UK,flexible,sin_deposito,103.74,2,1,1,1
5081,2024-08-18,2024-12-20,124,4,2,2,familiar,solo_alojamiento,directo,Nordicos,no_reembolsable,parcial,120.34,1,0,0,0
799,2024-08-18,2024-11-19,93,3,2,0,suite,todo_incluido,agencia,DE,no_reembolsable,parcial,159.9,0,0,0,0
1586,2024-08-19,2024-10-16,58,4,2,0,estandar,todo_incluido,web_intermediaria,DE,flexible,sin_deposito,85.89,1,1,0,0
1604,2024-08-19,2024-09-17,29,4,3,0,estandar,desayuno,agencia,ES,no_reembolsable,sin_deposito,69.84,1,0,0,0
5031,2024-08-19,2024-09-26,38,8,2,1,superior,solo_alojamiento,web_intermediaria,ES,flexible,total,97.23,1,0,0,1
968,2024-08-19,2024-12-18,121,4,2,0,suite,desayuno,web_intermediaria,UK,flexible,parcial,220.81,0,0,0,1
1177,2024-08-19,2024-09-05,17,3,2,0,estandar,desayuno,agencia,DE,flexible,sin_deposito,66.48,0,1,0,1
338,2024-08-19,2024-10-09,51,5,1,1,estandar,media_pension,directo,UK,flexible,parcial,75.38,1,0,0,0
4001,2024-08-19,2024-10-25,67,4,3,0,superior,solo_alojamiento,directo,DE,flexible,parcial,103.68,0,0,0,0
5726,2024-08-19,2025-04-13,237,3,2,1,estandar,desayuno,web_intermediaria,UK,no_reembolsable,sin_deposito,80.63,0,0,0,1
4377,2024-08-19,2024-10-28,70,4,2,0,familiar,media_pension,agencia,UK,flexible,sin_deposito,117.52,0,0,0,1
525,2024-08-20,2024-11-21,93,4,2,0,estandar,desayuno,agencia,NL,flexible,sin_deposito,69.59,2,0,0,0
1527,2024-08-20,2024-09-28,39,6,2,0,estandar,media_pension,web_intermediaria,IT,no_reembolsable,total,62.57,0,0,0,0
1576,2024-08-20,2024-09-26,37,6,2,0,familiar,desayuno,directo,DE,no_reembolsable,parcial,124.94,1,0,0,0
1439,2024-08-20,2024-12-22,124,2,1,0,estandar,solo_alojamiento,directo,UK,flexible,sin_deposito,79.22,0,0,0,0
1756,2024-08-20,2024-11-05,77,1,2,2,superior,todo_incluido,agencia,IT,no_reembolsable,sin_deposito,89.59,0,0,0,1
2016,2024-08-20,2025-07-04,318,10,2,0,suite,solo_alojamiento,agencia,NL,flexible,sin_deposito,205.25,1,0,0,1
2272,2024-08-20,2024-10-22,63,5,2,0,estandar,desayuno,web_intermediaria,NL,no_reembolsable,sin_deposito,82.84,0,0,0,0
554,2024-08-20,2024-10-24,65,4,2,0,estandar,desayuno,web_intermediaria,UK,flexible,sin_deposito,61.33,1,0,0,0
4476,2024-08-21,2024-12-21,122,8,1,0,estandar,desayuno,web_intermediaria,otros,no_reembolsable,parcial,93.49,0,0,0,1
2484,2024-08-21,2024-09-05,15,4,2,1,estandar,media_pension,agencia,UK,flexible,sin_deposito,74.68,1,0,0,0
5934,2024-08-21,2024-10-07,47,6,2,0,estandar,media_pension,web_intermediaria,ES,no_reembolsable,sin_deposito,70.28,1,0,0,0
1435,2024-08-21,2024-09-21,31,4,2,1,estandar,solo_alojamiento,directo,Nordicos,flexible,parcial,74.82,0,0,0,0
2130,2024-08-21,2025-01-03,135,7,1,0,superior,desayuno,web_intermediaria,UK,flexible,sin_deposito,106.12,0,0,0,1
2271,2024-08-21,2024-12-04,105,4,2,2,familiar,desayuno,directo,NL,flexible,sin_deposito,131.04,0,1,0,1
5098,2024-08-21,2025-05-06,258,6,2,0,familiar,desayuno,directo,otros,no_reembolsable,total,108.41,0,1,0,1
403,2024-08-21,2024-09-29,39,7,2,0,estandar,media_pension,directo,UK,flexible,parcial,71.78,0,0,0,0
3447,2024-08-21,2024-10-10,50,6,2,0,suite,media_pension,web_intermediaria,DE,no_reembolsable,sin_deposito,161.41,0,0,0,0
167,2024-08-22,2024-11-30,100,11,2,1,suite,desayuno,directo,UK,no_reembolsable,sin_deposito,156.12,0,0,0,0
2588,2024-08-22,2024-12-19,119,4,3,2,estandar,todo_incluido,directo,DE,no_reembolsable,sin_deposito,101.43,0,0,0,0
595,2024-08-22,2025-01-20,151,7,2,0,familiar,solo_alojamiento,web_intermediaria,ES,no_reembolsable,parcial,156.57,1,0,0,1
2292,2024-08-22,2025-04-05,226,5,3,0,superior,todo_incluido,directo,FR,flexible,sin_deposito,89.1,1,0,0,0
5874,2024-08-22,2024-12-12,112,4,2,0,superior,todo_incluido,directo,ES,flexible,sin_deposito,136.56,0,0,0,1
321,2024-08-22,2024-11-16,86,7,4,0,familiar,media_pension,web_intermediaria,NL,flexible,parcial,109.7,0,1,0,0
1950,2024-08-22,2024-11-27,97,6,3,0,superior,todo_incluido,web_intermediaria,ES,no_reembolsable,sin_deposito,84.33,0,0,0,1
2552,2024-08-22,2025-02-25,187,5,2,2,estandar,media_pension,directo,,no_reembolsable,sin_deposito,89.48,2,0,0,0
3756,2024-08-22,2024-10-19,58,7,4,1,estandar,media_pension,web_intermediaria,DE,flexible,sin_deposito,76.96,0,0,0,0
2928,2024-08-22,2024-10-13,52,5,3,0,estandar,desayuno,web_intermediaria,UK,flexible,parcial,70.21,3,1,1,1
5708,2024-08-22,2024-09-23,32,5,2,1,suite,desayuno,agencia,otros,flexible,parcial,184.99,1,0,0,0
4410,2024-08-23,2024-12-31,130,4,2,0,estandar,desayuno,agencia,ES,flexible,sin_deposito,85.98,0,0,0,1
5131,2024-08-23,2024-10-02,40,6,2,0,familiar,solo_alojamiento,web_intermediaria,UK,flexible,sin_deposito,116.13,1,0,0,0
607,2024-08-23,2024-09-28,36,5,4,0,estandar,solo_alojamiento,web_intermediaria,Nordicos,flexible,sin_deposito,74.39,0,0,0,0
1404,2024-08-23,2025-02-25,186,7,4,0,estandar,solo_alojamiento,agencia,UK,flexible,sin_deposito,86.35,0,1,1,1
4868,2024-08-23,2024-10-25,63,6,2,0,superior,media_pension,directo,UK,flexible,sin_deposito,97.71,2,0,0,0
1504,2024-08-23,2024-10-24,62,3,1,0,superior,desayuno,web_intermediaria,IT,no_reembolsable,parcial,95.81,2,0,0,1
2152,2024-08-23,2024-12-07,106,6,2,0,estandar,desayuno,empresa,UK,flexible,sin_deposito,88.51,0,0,0,1
3735,2024-08-23,2024-11-23,92,3,3,2,superior,media_pension,web_intermediaria,ES,no_reembolsable,parcial,89.51,0,0,0,1
4075,2024-08-24,2024-09-15,22,5,2,0,estandar,solo_alojamiento,agencia,otros,no_reembolsable,sin_deposito,70.74,0,0,0,0
4612,2024-08-24,2024-09-05,12,2,2,0,familiar,media_pension,web_intermediaria,NL,flexible,sin_deposito,116.96,1,0,0,1
2283,2024-08-24,2024-09-17,24,6,1,0,estandar,media_pension,web_intermediaria,DE,flexible,total,68.02,1,0,0,0
2526,2024-08-24,2024-10-01,38,3,3,0,estandar,desayuno,web_intermediaria,ES,no_reembolsable,total,66.37,0,0,0,0
4110,2024-08-24,2025-01-30,159,7,2,0,suite,media_pension,directo,otros,no_reembolsable,total,228.2,0,0,0,0
5894,2024-08-24,2025-01-18,147,5,2,0,superior,solo_alojamiento,web_intermediaria,FR,no_reembolsable,total,121.74,0,0,0,0
4051,2024-08-24,2025-03-05,193,11,2,2,estandar,todo_incluido,web_intermediaria,Nordicos,flexible,total,83.83,2,0,0,0
3859,2024-08-25,2024-12-13,110,9,2,0,estandar,solo_alojamiento,directo,Nordicos,flexible,sin_deposito,91.08,0,1,0,1
2083,2024-08-25,2024-10-31,67,5,1,2,superior,desayuno,web_intermediaria,NL,flexible,sin_deposito,91.54,0,0,0,1
4681,2024-08-25,2024-09-14,20,4,2,2,estandar,desayuno,web_intermediaria,Nordicos,flexible,total,71.62,1,0,0,0
5109,2024-08-25,2024-09-08,14,2,2,0,estandar,desayuno,web_intermediaria,ES,flexible,parcial,73.87,1,0,0,0
2921,2024-08-25,2025-01-05,133,5,2,0,superior,desayuno,web_intermediaria,otros,flexible,sin_deposito,122.82,1,0,0,1
66,2024-08-25,2024-11-08,75,6,4,0,familiar,todo_incluido,directo,otros,flexible,total,109.96,0,1,0,0
2307,2024-08-25,2024-12-03,100,5,2,0,estandar,desayuno,agencia,Nordicos,no_reembolsable,sin_deposito,80.13,0,1,0,0
1388,2024-08-25,2024-10-24,60,3,2,0,estandar,solo_alojamiento,directo,ES,no_reembolsable,parcial,69.17,0,1,0,1
5917,2024-08-25,2024-10-31,67,2,2,0,superior,desayuno,web_intermediaria,ES,no_reembolsable,parcial,86.45,0,0,0,1
1249,2024-08-25,2024-10-29,65,4,3,0,superior,todo_incluido,empresa,UK,flexible,parcial,96.06,0,0,0,0
2092,2024-08-26,2024-12-01,97,9,3,0,superior,media_pension,agencia,UK,flexible,sin_deposito,121.79,0,1,0,0
3694,2024-08-26,2025-03-25,211,5,4,2,estandar,todo_incluido,agencia,DE,flexible,sin_deposito,97.31,0,1,0,1
4257,2024-08-26,2025-01-22,149,4,3,1,superior,media_pension,directo,Nordicos,flexible,parcial,124.68,0,0,0,1
4744,2024-08-26,2024-11-04,70,5,2,0,estandar,desayuno,directo,DE,flexible,sin_deposito,58.9,0,0,0,1
2537,2024-08-26,2024-11-17,83,3,2,1,familiar,media_pension,web_intermediaria,ES,no_reembolsable,parcial,112.46,0,0,0,0
2347,2024-08-26,2024-11-24,90,6,2,1,suite,desayuno,agencia,UK,no_reembolsable,parcial,177.73,0,1,0,0
4441,2024-08-26,2025-01-21,148,9,2,0,suite,media_pension,web_intermediaria,NL,flexible,parcial,192.86,0,0,0,1
1095,2024-08-27,2024-10-07,41,5,4,0,estandar,todo_incluido,directo,ES,flexible,sin_deposito,72.35,3,0,0,0
2151,2024-08-27,2024-09-29,33,8,2,0,estandar,todo_incluido,web_intermediaria,ES,flexible,sin_deposito,77.42,1,0,0,0
4256,2024-08-27,2024-09-23,27,4,2,0,suite,desayuno,web_intermediaria,DE,no_reembolsable,parcial,152.65,2,0,0,0
4338,2024-08-27,2024-10-22,56,3,2,2,familiar,todo_incluido,web_intermediaria,ES,flexible,total,119.59,0,0,0,0
3607,2024-08-27,2025-08-28,366,4,2,0,suite,desayuno,agencia,DE,flexible,sin_deposito,169.24,0,0,0,1
1915,2024-08-27,2025-04-29,245,6,2,0,estandar,desayuno,directo,otros,no_reembolsable,sin_deposito,59.84,0,0,0,1
4041,2024-08-27,2024-11-29,94,6,2,0,familiar,desayuno,directo,otros,flexible,total,121.76,0,0,0,1
646,2024-08-27,2025-02-08,165,6,2,2,superior,todo_incluido,web_intermediaria,DE,flexible,sin_deposito,120.14,0,0,0,1
3043,2024-08-27,2024-12-07,102,4,2,0,estandar,media_pension,agencia,Nordicos,flexible,sin_deposito,91.52,0,0,0,1
632,2024-08-27,2025-06-01,278,3,2,2,superior,media_pension,web_intermediaria,ES,flexible,parcial,79.47,2,0,0,1
254,2024-08-28,2024-11-15,79,6,2,0,suite,todo_incluido,empresa,UK,flexible,sin_deposito,168.11,0,1,2,0
4497,2024-08-28,2024-12-08,102,4,2,1,familiar,todo_incluido,web_intermediaria,ES,no_reembolsable,parcial,146.07,1,0,0,0
5077,2024-08-28,2025-02-02,158,3,2,0,estandar,desayuno,directo,FR,no_reembolsable,total,93.63,0,0,0,0
4818,2024-08-28,2024-11-07,71,8,4,3,superior,desayuno,web_intermediaria,ES,no_reembolsable,sin_deposito,94.31,0,0,0,1
4151,2024-08-28,2025-02-26,182,2,2,2,superior,solo_alojamiento,web_intermediaria,ES,flexible,sin_deposito,107.72,0,1,1,1
5614,2024-08-28,2025-03-05,189,7,1,0,familiar,media_pension,directo,DE,no_reembolsable,sin_deposito,127.25,0,0,0,1
5768,2024-08-28,2024-10-18,51,5,4,0,superior,media_pension,web_intermediaria,UK,flexible,sin_deposito,102.67,1,1,0,0
2576,2024-08-28,2025-01-01,126,4,3,0,estandar,todo_incluido,agencia,UK,no_reembolsable,sin_deposito,78.51,2,0,0,0
4925,2024-08-29,2024-09-08,10,7,2,2,superior,todo_incluido,directo,UK,flexible,parcial,91.24,1,0,0,0
5771,2024-08-29,2024-12-13,106,2,2,0,familiar,solo_alojamiento,agencia,otros,no_reembolsable,parcial,124.62,2,0,0,0
1145,2024-08-29,2025-02-13,168,5,4,0,estandar,media_pension,directo,DE,flexible,total,89.11,1,0,0,1
4653,2024-08-29,2024-12-06,99,4,2,0,estandar,todo_incluido,web_intermediaria,UK,flexible,total,82.24,0,0,0,1
1514,2024-08-29,2024-11-01,64,2,3,0,superior,media_pension,agencia,DE,flexible,sin_deposito,87.78,1,0,0,0
4951,2024-08-29,2024-09-29,31,8,2,0,estandar,desayuno,web_intermediaria,DE,no_reembolsable,sin_deposito,75.17,0,0,0,0
3623,2024-08-29,2024-11-09,72,7,2,0,estandar,media_pension,web_intermediaria,Nordicos,no_reembolsable,sin_deposito,71.16,1,0,0,0
3574,2024-08-29,2024-09-19,21,8,3,0,estandar,todo_incluido,agencia,DE,flexible,sin_deposito,79.85,1,1,1,1
5831,2024-08-29,2024-11-05,68,7,2,2,estandar,media_pension,web_intermediaria,ES,flexible,sin_deposito,77.79,0,0,0,1
2650,2024-08-29,2024-12-21,114,4,1,0,suite,todo_incluido,directo,ES,flexible,total,227.88,0,0,0,0
77,2024-08-29,2024-10-02,34,9,2,2,estandar,desayuno,agencia,Nordicos,flexible,parcial,61.45,1,0,0,0
5757,2024-08-29,2024-10-01,33,1,2,0,superior,todo_incluido,directo,ES,flexible,sin_deposito,109.34,0,0,0,0
3772,2024-08-29,2024-11-18,81,3,3,0,estandar,media_pension,web_intermediaria,ES,flexible,sin_deposito,71.53,1,0,0,1
2069,2024-08-29,2024-10-25,57,5,2,1,estandar,media_pension,directo,UK,no_reembolsable,sin_deposito,62.51,0,0,0,0
294,2024-08-30,2024-10-27,58,3,2,0,estandar,solo_alojamiento,agencia,ES,flexible,parcial,67.65,1,0,0,1
3522,2024-08-30,2024-10-31,62,8,4,0,estandar,media_pension,web_intermediaria,IT,flexible,sin_deposito,77.09,0,1,1,0
1777,2024-08-30,2024-11-09,71,7,3,0,superior,desayuno,directo,otros,flexible,sin_deposito,99.17,1,1,0,1
5433,2024-08-30,2024-12-16,108,7,4,1,estandar,desayuno,web_intermediaria,otros,flexible,sin_deposito,81.78,0,0,0,1
487,2024-08-31,2024-11-01,62,4,2,0,superior,solo_alojamiento,agencia,UK,flexible,sin_deposito,90.23,1,0,0,1
1905,2024-08-31,2024-10-29,59,2,2,0,superior,media_pension,directo,UK,no_reembolsable,parcial,86.56,2,0,0,0
1069,2024-08-31,2024-09-07,7,4,2,3,estandar,solo_alojamiento,agencia,DE,no_reembolsable,parcial,70.14,0,0,0,0
4413,2024-08-31,2024-09-28,28,6,3,1,estandar,solo_alojamiento,agencia,IT,no_reembolsable,parcial,65.58,0,0,0,0
1494,2024-08-31,2024-12-23,114,6,2,0,estandar,todo_incluido,directo,DE,flexible,sin_deposito,81.77,1,0,0,1
3770,2024-08-31,2024-12-14,105,2,3,2,estandar,todo_incluido,directo,Nordicos,no_reembolsable,sin_deposito,87.07,0,0,0,1
2160,2024-08-31,2025-02-14,167,5,2,0,suite,desayuno,web_intermediaria,UK,no_reembolsable,parcial,173.47,1,0,0,0
738,2024-08-31,2025-01-05,127,8,2,0,estandar,solo_alojamiento,web_intermediaria,IT,no_reembolsable,sin_deposito,78.49,0,0,0,1
1511,2024-08-31,2025-01-13,135,6,2,0,estandar,desayuno,agencia,NL,flexible,sin_deposito,85.33,0,0,0,0
1030,2024-08-31,2024-10-20,50,4,2,2,superior,solo_alojamiento,directo,DE,flexible,sin_deposito,91.3,0,0,0,1
5468,2024-08-31,2024-12-03,94,4,4,0,estandar,desayuno,directo,ES,no_reembolsable,sin_deposito,86.23,1,1,1,1
169,2024-09-01,2024-10-08,37,6,2,0,estandar,desayuno,web_intermediaria,Nordicos,flexible,parcial,73.03,0,0,0,0
3659,2024-09-01,2024-11-26,86,6,2,0,estandar,todo_incluido,directo,DE,flexible,sin_deposito,72.23,0,1,0,0
2637,2024-09-01,2024-11-30,90,4,1,1,superior,media_pension,web_intermediaria,FR,flexible,sin_deposito,91.26,0,0,0,1
371,2024-09-01,2024-12-26,116,7,2,0,familiar,solo_alojamiento,web_intermediaria,NL,flexible,parcial,144.84,1,0,0,0
3996,2024-09-01,2024-09-06,5,5,4,0,superior,media_pension,web_intermediaria,IT,flexible,sin_deposito,104.04,0,0,0,0
4777,2024-09-01,2024-12-06,96,5,1,0,estandar,todo_incluido,web_intermediaria,IT,no_reembolsable,parcial,81.02,1,0,0,1
5174,2024-09-01,2024-12-31,121,4,2,0,estandar,desayuno,agencia,UK,no_reembolsable,sin_deposito,84.9,0,0,0,1
4100,2024-09-02,2024-12-07,96,8,2,1,superior,media_pension,directo,Nordicos,flexible,sin_deposito,114.46,0,0,0,1
4241,2024-09-02,2024-12-25,114,7,2,0,estandar,desayuno,web_intermediaria,ES,flexible,parcial,92.66,2,0,0,0
4049,2024-09-02,2025-01-07,127,8,2,2,estandar,todo_incluido,web_intermediaria,DE,flexible,parcial,98.27,0,0,0,0
3434,2024-09-02,2024-11-06,65,5,2,1,familiar,desayuno,web_intermediaria,ES,flexible,sin_deposito,108.69,0,0,0,0
5912,2024-09-02,2024-09-24,22,5,1,0,estandar,todo_incluido,web_intermediaria,NL,no_reembolsable,sin_deposito,73.59,0,1,0,0
2204,2024-09-02,2024-12-28,117,4,2,0,superior,todo_incluido,web_intermediaria,ES,no_reembolsable,parcial,105.62,0,0,0,1
5601,2024-09-02,2024-11-18,77,6,3,2,familiar,desayuno,web_intermediaria,UK,flexible,sin_deposito,106.61,0,0,0,1
4389,2024-09-02,2024-10-06,34,5,2,1,superior,media_pension,agencia,DE,flexible,sin_deposito,99.74,1,0,0,1
3395,2024-09-02,2024-09-26,24,3,1,0,estandar,media_pension,web_intermediaria,UK,flexible,total,70.44,1,0,0,0
3827,2024-09-03,2024-11-18,76,8,2,1,estandar,todo_incluido,web_intermediaria,UK,no_reembolsable,total,65.3,0,0,0,0
1771,2024-09-03,2024-09-16,13,7,4,0,superior,solo_alojamiento,web_intermediaria,UK,flexible,total,98.13,1,0,0,0
2367,2024-09-03,2024-10-12,39,6,3,2,familiar,desayuno,directo,ES,flexible,parcial,104.6,0,0,0,0
4889,2024-09-03,2025-03-12,190,7,1,0,superior,media_pension,web_intermediaria,ES,no_reembolsable,parcial,105.43,1,0,0,1
627,2024-09-03,2024-10-04,31,4,2,0,estandar,todo_incluido,agencia,ES,flexible,parcial,77.17,0,0,0,0
4968,2024-09-03,2024-10-28,55,6,1,0,estandar,desayuno,empresa,Nordicos,flexible,parcial,79.51,1,0,0,1
2323,2024-09-03,2025-02-13,163,7,2,0,estandar,media_pension,web_intermediaria,NL,flexible,parcial,86.87,1,0,0,1
5293,2024-09-04,2024-11-28,85,5,2,0,superior,desayuno,empresa,ES,flexible,sin_deposito,96.03,0,0,0,1
4254,2024-09-04,2024-12-12,99,6,2,0,estandar,todo_incluido,web_intermediaria,DE,no_reembolsable,sin_deposito,89.29,0,0,0,0
3085,2024-09-04,2024-10-11,37,10,2,1,superior,todo_incluido,web_intermediaria,UK,no_reembolsable,parcial,86.82,0,0,0,1
5086,2024-09-04,2024-11-08,65,6,4,2,superior,media_pension,web_intermediaria,ES,no_reembolsable,parcial,89.62,0,1,0,1
4462,2024-09-04,2025-07-09,308,4,2,0,estandar,todo_incluido,web_intermediaria,ES,no_reembolsable,parcial,99.48,0,0,0,0
1142,2024-09-04,2025-01-09,127,3,2,0,superior,desayuno,directo,ES,flexible,sin_deposito,118.08,1,0,0,1
5933,2024-09-04,2024-11-20,77,8,2,2,estandar,desayuno,directo,ES,flexible,sin_deposito,70.67,0,0,0,0
4940,2024-09-04,2024-10-13,39,5,2,0,estandar,desayuno,web_intermediaria,ES,flexible,sin_deposito,71.72,2,0,0,0
1176,2024-09-04,2024-10-26,52,5,1,0,superior,todo_incluido,web_intermediaria,UK,flexible,sin_deposito,88.47,1,0,0,0
1782,2024-09-04,2024-11-16,73,2,2,0,estandar,media_pension,web_intermediaria,FR,no_reembolsable,parcial,57.74,0,0,0,1
199,2024-09-04,2024-11-16,73,6,1,0,estandar,desayuno,directo,ES,no_reembolsable,sin_deposito,72.02,1,0,0,0
3251,2024-09-04,2024-10-03,29,4,1,0,superior,desayuno,web_intermediaria,DE,no_reembolsable,parcial,105.51,0,0,0,0
1900,2024-09-04,2025-04-26,234,7,3,0,estandar,media_pension,agencia,FR,no_reembolsable,sin_deposito,71.83,0,0,0,1
3597,2024-09-04,2024-11-15,72,6,2,0,estandar,desayuno,empresa,ES,flexible,sin_deposito,80.09,0,1,0,0
4566,2024-09-04,2024-09-29,25,10,1,2,estandar,desayuno,directo,otros,flexible,parcial,68.87,0,0,0,1
3487,2024-09-05,2025-01-14,131,4,3,0,familiar,desayuno,agencia,Nordicos,no_reembolsable,parcial,129.78,0,1,0,0
1160,2024-09-05,2024-11-06,62,8,3,0,estandar,solo_alojamiento,web_intermediaria,ES,flexible,sin_deposito,68.03,1,0,0,1
3729,2024-09-05,2024-10-07,32,8,2,0,familiar,todo_incluido,agencia,ES,no_reembolsable,sin_deposito,126.68,0,0,0,0
2461,2024-09-05,2025-01-07,124,4,2,1,estandar,desayuno,directo,Nordicos,flexible,total,85.72,1,1,0,1
3986,2024-09-05,2024-11-06,62,8,2,1,estandar,solo_alojamiento,agencia,DE,no_reembolsable,sin_deposito,78.16,1,0,0,0
2074,2024-09-06,2024-10-20,44,3,2,0,superior,desayuno,agencia,ES,flexible,parcial,96.79,0,1,0,1
2327,2024-09-06,2025-01-27,143,11,2,0,estandar,desayuno,web_intermediaria,Nordicos,flexible,sin_deposito,87.04,0,0,0,1
3213,2024-09-06,2024-10-08,32,5,2,1,superior,solo_alojamiento,directo,ES,no_reembolsable,sin_deposito,79.76,1,0,0,0
4255,2024-09-06,2024-12-19,104,4,1,0,estandar,desayuno,directo,UK,flexible,parcial,87.12,0,0,0,1
5360,2024-09-06,2024-10-16,40,4,2,0,estandar,desayuno,agencia,UK,flexible,sin_deposito,60.2,0,0,0,0
2491,2024-09-06,2025-01-13,129,7,2,0,estandar,media_pension,web_intermediaria,UK,no_reembolsable,parcial,86.72,1,0,0,1
4218,2024-09-06,2024-10-23,47,8,2,0,suite,desayuno,directo,FR,no_reembolsable,parcial,164.26,0,0,0,0
5859,2024-09-06,2024-11-21,76,7,3,0,estandar,solo_alojamiento,web_intermediaria,ES,flexible,parcial,64.87,0,0,0,1
1330,2024-09-06,2024-10-23,47,8,2,1,superior,todo_incluido,web_intermediaria,UK,flexible,sin_deposito,90.15,0,0,0,0
1978,2024-09-06,2024-10-31,55,4,2,0,familiar,desayuno,web_intermediaria,otros,flexible,parcial,96.3,1,0,0,1
1974,2024-09-06,2024-10-31,55,6,2,1,familiar,solo_alojamiento,agencia,UK,no_reembolsable,sin_deposito,117.23,0,0,0,0
4192,2024-09-07,2024-12-26,110,7,3,1,familiar,todo_incluido,web_intermediaria,ES,no_reembolsable,sin_deposito,128.94,0,1,0,0
1711,2024-09-07,2025-06-05,271,4,3,0,superior,media_pension,directo,ES,flexible,total,88.96,0,0,0,1
1793,2024-09-07,2024-12-18,102,3,2,1,estandar,desayuno,directo,otros,no_reembolsable,parcial,78.46,0,0,0,0
2030,2024-09-07,2024-11-26,80,5,3,0,estandar,desayuno,web_intermediaria,DE,flexible,parcial,69.16,0,0,0,1
3091,2024-09-07,2024-12-15,99,2,2,0,estandar,desayuno,directo,ES,flexible,sin_deposito,94.3,1,0,0,1
1647,2024-09-07,2024-11-22,76,7,2,0,superior,media_pension,web_intermediaria,ES,flexible,sin_deposito,106.15,1,0,0,0
2485,2024-09-07,2024-10-15,38,5,3,0,estandar,solo_alojamiento,directo,ES,no_reembolsable,sin_deposito,69.37,0,0,0,1
5256,2024-09-07,2024-12-26,110,5,3,0,superior,todo_incluido,web_intermediaria,IT,no_reembolsable,parcial,119.66,0,1,0,0
4783,2024-09-07,2024-11-05,59,9,1,0,estandar,desayuno,web_intermediaria,ES,flexible,sin_deposito,60.44,0,0,0,1
197,2024-09-07,2024-11-25,79,10,3,2,estandar,solo_alojamiento,web_intermediaria,ES,flexible,parcial,61.73,0,0,0,1
1372,2024-09-07,2024-10-20,43,5,2,0,superior,todo_incluido,web_intermediaria,Nordicos,flexible,sin_deposito,97.89,1,1,1,0
991,2024-09-07,2024-10-15,38,5,2,3,familiar,solo_alojamiento,directo,UK,flexible,sin_deposito,107.69,2,1,0,0
4439,2024-09-08,2024-10-12,34,5,4,2,superior,todo_incluido,directo,UK,flexible,sin_deposito,93.04,0,1,1,0
3174,2024-09-08,2024-10-24,46,11,1,0,estandar,solo_alojamiento,directo,DE,no_reembolsable,total,75.2,0,0,0,0
4203,2024-09-08,2024-12-21,104,4,2,0,familiar,media_pension,web_intermediaria,DE,no_reembolsable,sin_deposito,144.03,0,0,0,1
4066,2024-09-08,2024-12-08,91,4,3,2,superior,desayuno,web_intermediaria,UK,flexible,total,111.13,0,0,0,0
2740,2024-09-08,2025-01-13,127,9,3,0,familiar,desayuno,web_intermediaria,UK,flexible,sin_deposito,144.68,0,0,0,1
1357,2024-09-08,2024-12-15,98,3,1,0,superior,todo_incluido,web_intermediaria,NL,no_reembolsable,sin_deposito,109.29,2,0,0,1
1236,2024-09-09,2025-01-01,114,10,4,0,estandar,solo_alojamiento,directo,UK,no_reembolsable,total,92.45,0,0,0,0
4500,2024-09-09,2024-09-21,12,6,2,0,estandar,todo_incluido,web_intermediaria,ES,flexible,sin_deposito,75.17,1,0,0,0
5255,2024-09-09,2024-11-05,57,2,2,0,suite,todo_incluido,agencia,Nordicos,flexible,parcial,152.8,1,0,0,0
3558,2024-09-09,2024-10-28,49,3,2,0,estandar,desayuno,web_intermediaria,UK,flexible,sin_deposito,76.83,0,0,0,1
4901,2024-09-09,2025-08-07,332,3,1,2,estandar,solo_alojamiento,directo,ES,flexible,parcial,80.95,0,0,0,1
2590,2024-09-09,2025-03-29,201,2,2,0,estandar,solo_alojamiento,web_intermediaria,UK,flexible,parcial,76.89,0,0,0,1
1592,2024-09-09,2024-12-02,84,8,2,0,estandar,solo_alojamiento,web_intermediaria,FR,flexible,sin_deposito,81.72,0,0,0,1
268,2024-09-10,2024-09-26,16,2,3,0,estandar,todo_incluido,web_intermediaria,UK,no_reembolsable,sin_deposito,69.25,1,0,0,0
139,2024-09-10,2024-11-20,71,3,3,0,estandar,solo_alojamiento,web_intermediaria,DE,no_reembolsable,total,74.66,1,1,1,0
2998,2024-09-10,2024-10-25,45,5,4,0,estandar,todo_incluido,web_intermediaria,otros,no_reembolsable,sin_deposito,72.02,2,1,0,0
1407,2024-09-10,2024-09-22,12,7,2,0,superior,solo_alojamiento,web_intermediaria,otros,no_reembolsable,sin_deposito,92.42,1,0,0,0
1383,2024-09-10,2025-05-05,237,8,2,1,estandar,todo_incluido,directo,UK,no_reembolsable,sin_deposito,71.15,0,0,0,0
4229,2024-09-10,2024-11-21,72,3,2,0,suite,media_pension,directo,ES,flexible,total,179.38,0,0,0,0
2910,2024-09-10,2024-10-06,26,6,2,0,familiar,desayuno,directo,ES,no_reembolsable,sin_deposito,106.69,1,0,0,0
4176,2024-09-11,2024-10-24,43,4,2,0,familiar,todo_incluido,empresa,ES,flexible,parcial,115.97,2,0,0,0
4831,2024-09-11,2024-10-09,28,5,3,0,superior,solo_alojamiento,web_intermediaria,IT,no_reembolsable,parcial,97.56,0,1,0,0
1312,2024-09-11,2024-12-16,96,4,2,0,estandar,media_pension,agencia,NL,flexible,sin_deposito,75.92,1,0,0,0
3454,2024-09-11,2025-03-23,193,6,1,0,familiar,desayuno,web_intermediaria,FR,flexible,parcial,157.4,0,0,0,1
1757,2024-09-11,2025-04-13,214,4,4,1,estandar,desayuno,web_intermediaria,DE,no_reembolsable,parcial,79.16,1,0,0,0
4313,2024-09-11,2024-11-22,72,6,3,1,familiar,desayuno,directo,UK,no_reembolsable,sin_deposito,134.24,1,0,0,0
2425,2024-09-11,2025-02-05,147,7,1,0,superior,desayuno,web_intermediaria,ES,flexible,parcial,114.15,0,0,0,1
3510,2024-09-12,2025-02-20,161,3,2,0,superior,desayuno,web_intermediaria,ES,flexible,sin_deposito,103.37,0,0,0,1
4739,2024-09-12,2024-10-13,31,5,2,0,suite,media_pension,directo,ES,no_reembolsable,sin_deposito,144.74,0,0,0,0
2585,2024-09-12,2024-10-24,42,3,2,0,familiar,solo_alojamiento,web_intermediaria,ES,flexible,sin_deposito,119.05,1,0,0,0
3717,2024-09-12,2024-11-19,68,7,2,0,estandar,desayuno,directo,ES,flexible,sin_deposito,73.85,2,0,0,0
3021,2024-09-12,2024-12-02,81,5,4,0,estandar,desayuno,web_intermediaria,DE,no_reembolsable,sin_deposito,86.41,0,0,0,1
1363,2024-09-13,2024-12-22,100,3,1,0,superior,media_pension,web_intermediaria,UK,no_reembolsable,sin_deposito,130.51,0,0,0,1
4350,2024-09-13,2025-01-24,133,6,2,0,suite,todo_incluido,agencia,UK,flexible,sin_deposito,185.92,2,0,0,0
5041,2024-09-13,2024-11-16,64,6,2,0,estandar,todo_incluido,directo,UK,flexible,sin_deposito,74.93,0,0,0,0
3406,2024-09-13,2024-12-09,87,5,3,0,suite,desayuno,agencia,otros,flexible,sin_deposito,179.11,2,0,0,1
4267,2024-09-13,2024-10-28,45,6,2,0,familiar,desayuno,web_intermediaria,ES,no_reembolsable,parcial,105.6,0,1,1,1
4517,2024-09-13,2024-11-15,63,3,2,0,estandar,desayuno,web_intermediaria,ES,flexible,sin_deposito,77.7,0,0,0,1
5241,2024-09-13,2024-10-29,46,5,1,2,superior,media_pension,directo,ES,flexible,sin_deposito,92.82,3,0,0,0
5245,2024-09-13,2025-03-08,176,8,1,0,superior,todo_incluido,directo,otros,no_reembolsable,total,119.91,0,0,0,0
5568,2024-09-13,2024-11-16,64,8,2,2,superior,todo_incluido,web_intermediaria,UK,no_reembolsable,sin_deposito,83.03,0,0,0,1
5220,2024-09-13,2024-11-27,75,5,2,0,superior,solo_alojamiento,agencia,ES,flexible,sin_deposito,104.3,0,1,0,0
979,2024-09-13,2024-12-26,104,7,2,0,estandar,media_pension,empresa,,flexible,sin_deposito,93.01,0,0,0,1
5169,2024-09-14,2024-12-08,85,4,2,1,estandar,todo_incluido,web_intermediaria,NL,flexible,sin_deposito,79.04,1,1,1,1
4383,2024-09-14,2025-01-23,131,4,2,1,superior,media_pension,empresa,UK,flexible,parcial,113.91,1,1,0,0
5417,2024-09-14,2025-03-16,183,9,2,3,estandar,desayuno,web_intermediaria,UK,flexible,parcial,75.05,1,0,0,1
4011,2024-09-14,2024-10-28,44,5,2,0,superior,desayuno,agencia,UK,flexible,total,99.77,1,0,0,0
5596,2024-09-14,2024-12-20,97,5,2,0,estandar,media_pension,web_intermediaria,UK,flexible,sin_deposito,78.2,0,0,0,1
4630,2024-09-14,2025-01-03,111,8,2,2,estandar,media_pension,web_intermediaria,UK,no_reembolsable,total,109.31,0,0,0,0
5671,2024-09-14,2025-03-29,196,4,2,1,estandar,todo_incluido,web_intermediaria,ES,flexible,sin_deposito,83.3,0,0,0,0
3854,2024-09-14,2024-10-02,18,6,2,1,estandar,desayuno,web_intermediaria,UK,flexible,sin_deposito,66.09,0,0,0,0
4245,2024-09-14,2024-12-18,95,7,2,0,familiar,media_pension,web_intermediaria,UK,flexible,sin_deposito,135.19,0,0,0,1
2282,2024-09-14,2024-10-22,38,5,2,2,suite,todo_incluido,directo,DE,flexible,total,155.14,2,0,0,0
5552,2024-09-15,2024-09-22,7,4,3,0,superior,desayuno,empresa,DE,flexible,total,99.65,1,0,0,0
44,2024-09-15,2025-04-03,200,5,2,0,estandar,desayuno,web_intermediaria,ES,no_reembolsable,sin_deposito,60.21,0,0,0,1
4442,2024-09-16,2024-12-07,82,3,2,0,estandar,media_pension,directo,UK,flexible,sin_deposito,85.38,0,0,0,0
4174,2024-09-16,2025-01-18,124,7,2,0,estandar,desayuno,directo,NL,flexible,parcial,91.45,0,0,0,0
5446,2024-09-16,2024-11-14,59,8,1,0,suite,desayuno,directo,UK,flexible,parcial,158.32,1,0,0,0
3407,2024-09-16,2025-01-08,114,4,2,0,familiar,desayuno,agencia,DE,flexible,sin_deposito,143.64,1,0,0,0
5165,2024-09-16,2025-01-29,135,7,2,0,suite,solo_alojamiento,agencia,UK,flexible,sin_deposito,190.85,0,1,0,0
1831,2024-09-16,2024-11-17,62,3,1,0,estandar,solo_alojamiento,directo,ES,no_reembolsable,sin_deposito,68.68,0,0,0,1
2885,2024-09-16,2024-12-20,95,5,2,0,superior,desayuno,web_intermediaria,,flexible,sin_deposito,128.75,0,0,0,0
2490,2024-09-17,2024-12-23,97,5,2,3,familiar,todo_incluido,web_intermediaria,DE,no_reembolsable,total,147.94,1,0,0,1
3054,2024-09-18,2025-01-30,134,6,2,0,superior,desayuno,web_intermediaria,otros,flexible,total,114.61,2,0,0,1
2562,2024-09-18,2024-10-19,31,7,2,0,superior,desayuno,directo,ES,no_reembolsable,parcial,90.6,0,0,0,0
3131,2024-09-18,2024-10-27,39,5,2,1,estandar,desayuno,web_intermediaria,Nordicos,flexible,sin_deposito,68.81,0,0,0,1
1685,2024-09-18,2025-02-13,148,5,4,0,superior,desayuno,web_intermediaria,DE,flexible,sin_deposito,129.2,1,0,0,1
521,2024-09-18,2024-11-13,56,9,1,3,estandar,todo_incluido,web_intermediaria,otros,no_reembolsable,parcial,67.81,1,0,0,0
1699,2024-09-19,2025-02-17,151,3,2,1,superior,media_pension,directo,UK,flexible,parcial,117.22,1,0,0,0
3848,2024-09-19,2024-12-09,81,6,2,0,familiar,todo_incluido,web_intermediaria,otros,flexible,sin_deposito,154.41,1,0,0,0
5033,2024-09-19,2025-04-06,199,6,1,1,familiar,desayuno,agencia,UK,flexible,sin_deposito,109.69,1,1,1,1
2759,2024-09-19,2024-12-16,88,3,3,0,familiar,todo_incluido,directo,Nordicos,flexible,parcial,134.25,0,0,0,0
4786,2024-09-19,2024-10-31,42,4,2,2,estandar,solo_alojamiento,agencia,NL,flexible,sin_deposito,61.18,1,0,0,1
3465,2024-09-19,2024-10-13,24,4,2,2,superior,todo_incluido,agencia,ES,flexible,sin_deposito,102.73,1,0,0,1
3857,2024-09-19,2025-01-22,125,7,2,0,estandar,solo_alojamiento,web_intermediaria,ES,flexible,parcial,91.13,0,0,0,1
5373,2024-09-19,2024-12-08,80,4,1,0,superior,desayuno,web_intermediaria,UK,flexible,parcial,113.54,0,0,0,1
1927,2024-09-19,2025-01-24,127,8,3,2,superior,media_pension,directo,Nordicos,no_reembolsable,sin_deposito,116.93,1,0,0,1
3711,2024-09-19,2024-11-18,60,7,2,0,estandar,desayuno,agencia,NL,flexible,total,64.51,1,0,0,0
1925,2024-09-20,2024-10-02,12,5,2,0,estandar,desayuno,web_intermediaria,FR,no_reembolsable,sin_deposito,77.77,0,0,0,1
2486,2024-09-20,2025-05-06,228,6,2,2,suite,todo_incluido,web_intermediaria,FR,flexible,sin_deposito,171.19,0,0,0,1
1572,2024-09-20,2025-01-29,131,8,2,0,estandar,todo_incluido,agencia,otros,flexible,sin_deposito,90.12,0,0,0,1
998,2024-09-20,2024-10-09,19,8,2,1,familiar,solo_alojamiento,web_intermediaria,UK,flexible,sin_deposito,107.69,0,0,0,1
5490,2024-09-20,2024-11-06,47,5,2,0,suite,desayuno,web_intermediaria,NL,no_reembolsable,sin_deposito,151.04,0,0,0,0
765,2024-09-20,2025-01-09,111,2,2,0,estandar,solo_alojamiento,empresa,ES,no_reembolsable,sin_deposito,92.16,2,0,0,0
2053,2024-09-20,2025-06-11,264,7,2,2,estandar,todo_incluido,agencia,UK,no_reembolsable,total,60.88,0,0,0,1
4182,2024-09-20,2024-12-02,73,8,2,0,estandar,solo_alojamiento,web_intermediaria,NL,flexible,sin_deposito,75.95,0,0,0,1
3086,2024-09-20,2025-01-16,118,3,2,0,estandar,desayuno,web_intermediaria,ES,flexible,sin_deposito,88.42,1,0,0,1
2850,2024-09-20,2024-11-15,56,5,2,0,estandar,todo_incluido,empresa,IT,no_reembolsable,parcial,76.03,1,0,0,0
2145,2024-09-21,2025-02-10,142,3,1,0,familiar,media_pension,web_intermediaria,UK,flexible,parcial,128.19,0,0,0,1
2441,2024-09-21,2024-10-16,25,2,2,0,estandar,todo_incluido,web_intermediaria,DE,no_reembolsable,sin_deposito,74.19,1,0,0,0
2827,2024-09-21,2024-12-11,81,9,2,0,superior,desayuno,directo,Nordicos,flexible,parcial,128.86,1,0,0,0
194,2024-09-21,2024-11-18,58,4,1,3,estandar,desayuno,web_intermediaria,DE,no_reembolsable,sin_deposito,74.87,0,0,0,1
1773,2024-09-21,2024-11-08,48,6,1,0,familiar,media_pension,web_intermediaria,ES,no_reembolsable,sin_deposito,103.41,0,0,0,0
2191,2024-09-21,2025-02-02,134,5,2,0,estandar,media_pension,web_intermediaria,UK,flexible,sin_deposito,88.4,2,0,0,1
3237,2024-09-22,2024-10-15,23,5,2,1,familiar,todo_incluido,empresa,ES,flexible,sin_deposito,120.32,0,0,0,1
301,2024-09-22,2025-02-13,144,8,1,0,suite,desayuno,web_intermediaria,ES,no_reembolsable,parcial,183.59,0,1,0,0
746,2024-09-22,2024-11-26,65,4,2,2,estandar,desayuno,web_intermediaria,ES,no_reembolsable,sin_deposito,69.67,0,1,0,1
2893,2024-09-22,2024-10-14,22,5,2,2,familiar,media_pension,directo,IT,no_reembolsable,sin_deposito,111.64,0,0,0,0
53,2024-09-22,2024-12-02,71,7,2,0,suite,solo_alojamiento,web_intermediaria,ES,flexible,sin_deposito,160.21,0,0,0,1
1360,2024-09-23,2025-03-04,162,8,2,2,estandar,todo_incluido,web_intermediaria,UK,no_reembolsable,sin_deposito,89.58,0,0,0,0
2763,2024-09-23,2024-12-19,87,7,2,0,estandar,todo_incluido,web_intermediaria,DE,no_reembolsable,sin_deposito,99.02,1,0,0,1
4750,2024-09-23,2024-11-29,67,6,2,0,familiar,media_pension,directo,UK,no_reembolsable,sin_deposito,101.59,0,0,0,0
3101,2024-09-23,2025-01-07,106,9,2,0,superior,desayuno,web_intermediaria,otros,no_reembolsable,parcial,97.23,0,0,0,1
1052,2024-09-23,2024-12-04,72,8,1,1,estandar,desayuno,web_intermediaria,UK,flexible,sin_deposito,88.98,0,0,0,1
5858,2024-09-23,2024-10-05,12,7,2,0,estandar,todo_incluido,directo,ES,flexible,parcial,66.96,1,0,0,0
3115,2024-09-23,2024-12-08,76,6,2,0,estandar,todo_incluido,web_intermediaria,ES,flexible,sin_deposito,92.86,0,0,0,0
1138,2024-09-24,2024-10-19,25,11,2,0,estandar,todo_incluido,directo,ES,flexible,parcial,69.05,1,0,0,0
4738,2024-09-24,2025-06-10,259,9,3,3,suite,desayuno,directo,UK,flexible,total,154.21,1,0,0,1
4093,2024-09-24,2024-12-11,78,2,1,0,estandar,desayuno,web_intermediaria,ES,flexible,parcial,81.13,0,0,0,0
2056,2024-09-24,2025-02-20,149,5,2,0,suite,solo_alojamiento,agencia,Nordicos,flexible,parcial,228.66,1,0,0,1
63,2024-09-24,2024-11-21,58,5,3,1,suite,solo_alojamiento,directo,DE,no_reembolsable,parcial,170.78,1,0,0,1
201,2024-09-24,2024-11-23,60,5,2,0,suite,desayuno,directo,DE,no_reembolsable,parcial,164.49,0,0,0,0
630,2024-09-24,2024-12-28,95,9,2,1,estandar,media_pension,web_intermediaria,DE,flexible,parcial,80.3,2,0,0,1
3677,2024-09-24,2025-02-05,134,3,2,0,estandar,desayuno,agencia,UK,flexible,sin_deposito,81.94,0,0,0,1
2201,2024-09-24,2024-12-11,78,5,2,0,familiar,media_pension,web_intermediaria,UK,flexible,parcial,137.23,0,1,0,1
628,2024-09-25,2024-10-31,36,7,2,0,estandar,todo_incluido,web_intermediaria,DE,flexible,total,64.3,0,0,0,0
5046,2024-09-25,2024-11-09,45,4,3,0,familiar,media_pension,web_intermediaria,Nordicos,no_reembolsable,sin_deposito,117.35,1,0,0,0
2356,2024-09-25,2024-11-17,53,7,1,0,familiar,solo_alojamiento,web_intermediaria,Nordicos,no_reembolsable,total,108.13,1,0,0,0
393,2024-09-25,2025-01-26,123,7,1,0,estandar,desayuno,directo,UK,no_reembolsable,sin_deposito,88.59,0,0,0,0
4478,2024-09-25,2024-10-26,31,3,2,0,estandar,desayuno,agencia,UK,no_reembolsable,sin_deposito,68.34,0,0,0,1
4950,2024-09-25,2024-11-23,59,3,2,2,suite,desayuno,web_intermediaria,NL,flexible,parcial,184.75,0,0,0,1
3948,2024-09-26,2024-11-21,56,4,2,0,suite,desayuno,directo,UK,no_reembolsable,sin_deposito,163.23,0,0,0,0
3108,2024-09-26,2025-02-23,150,8,2,0,estandar,todo_incluido,agencia,NL,no_reembolsable,sin_deposito,92.96,2,0,0,1
3011,2024-09-26,2024-10-03,7,4,2,1,estandar,media_pension,web_intermediaria,IT,no_reembolsable,parcial,68.76,0,0,0,0
2279,2024-09-26,2024-11-10,45,3,2,3,estandar,solo_alojamiento,directo,ES,flexible,total,67.22,1,0,0,0
4486,2024-09-26,2024-11-02,37,9,2,0,estandar,media_pension,web_intermediaria,ES,flexible,sin_deposito,78.68,1,0,0,1
1271,2024-09-26,2025-02-05,132,3,3,2,suite,desayuno,directo,otros,flexible,sin_deposito,225.98,0,1,0,1
4676,2024-09-26,2024-12-29,94,5,2,0,estandar,desayuno,web_intermediaria,DE,flexible,parcial,83.99,1,0,0,0
2767,2024-09-26,2024-12-27,92,6,2,0,familiar,desayuno,empresa,ES,flexible,parcial,139.9,0,0,0,0
2587,2024-09-26,2024-10-28,32,5,2,0,estandar,media_pension,web_intermediaria,UK,no_reembolsable,parcial,76.06,0,0,0,0
1151,2024-09-27,2024-11-24,58,3,3,1,superior,solo_alojamiento,web_intermediaria,ES,flexible,parcial,94.81,2,0,0,0
22,2024-09-27,2024-11-04,38,7,3,1,familiar,desayuno,agencia,otros,flexible,parcial,105.58,0,1,0,0
4947,2024-09-27,2024-10-23,26,8,2,1,estandar,desayuno,web_intermediaria,ES,flexible,sin_deposito,76.18,1,1,0,1
5691,2024-09-27,2024-12-06,70,6,2,1,estandar,desayuno,directo,DE,flexible,sin_deposito,78.74,0,0,0,1
3006,2024-09-27,2024-12-07,71,7,2,0,estandar,todo_incluido,web_intermediaria,,no_reembolsable,parcial,78.47,1,0,0,1
2407,2024-09-27,2024-12-09,73,5,2,0,estandar,desayuno,web_intermediaria,DE,no_reembolsable,sin_deposito,77.6,1,0,0,0
68,2024-09-27,2024-11-02,36,6,4,0,superior,desayuno,web_intermediaria,DE,no_reembolsable,total,93.4,0,0,0,0
5195,2024-09-27,2025-04-03,188,8,2,2,superior,desayuno,web_intermediaria,IT,flexible,sin_deposito,99.53,0,0,0,1
5149,2024-09-27,2024-11-15,49,4,2,0,superior,desayuno,web_intermediaria,ES,flexible,total,99.33,0,0,0,1
909,2024-09-27,2024-12-01,65,9,2,2,estandar,media_pension,directo,UK,flexible,sin_deposito,76.65,2,0,0,1
1967,2024-09-27,2025-03-04,158,7,2,1,estandar,desayuno,web_intermediaria,ES,no_reembolsable,sin_deposito,90.25,3,0,0,1
2696,2024-09-27,2024-10-16,19,6,2,0,superior,media_pension,web_intermediaria,ES,flexible,sin_deposito,95.26,2,0,0,0
332,2024-09-27,2025-04-04,189,4,2,0,estandar,media_pension,web_intermediaria,DE,no_reembolsable,parcial,72.58,1,0,0,0
5678,2024-09-28,2024-11-17,50,4,1,0,estandar,media_pension,agencia,ES,flexible,total,64.49,0,0,0,0
1864,2024-09-28,2024-11-08,41,3,2,1,estandar,desayuno,web_intermediaria,otros,flexible,sin_deposito,66.23,1,0,0,1
1044,2024-09-28,2024-11-20,53,8,2,0,familiar,media_pension,web_intermediaria,UK,flexible,parcial,115.82,0,0,0,0
3493,2024-09-28,2024-12-07,70,6,3,3,superior,desayuno,web_intermediaria,UK,no_reembolsable,parcial,123.65,0,0,0,0
2415,2024-09-28,2024-12-02,65,6,2,0,suite,media_pension,web_intermediaria,ES,no_reembolsable,sin_deposito,227.77,0,0,0,0
1937,2024-09-28,2025-01-03,97,5,2,2,superior,desayuno,web_intermediaria,DE,flexible,total,122.91,0,0,0,1
3254,2024-09-28,2024-11-22,55,7,2,0,superior,desayuno,web_intermediaria,ES,no_reembolsable,sin_deposito,91.55,0,0,0,1
4171,2024-09-29,2025-08-10,315,4,2,0,estandar,desayuno,directo,ES,no_reembolsable,parcial,79.46,0,0,0,1
4958,2024-09-29,2025-01-09,102,5,2,0,familiar,desayuno,web_intermediaria,ES,no_reembolsable,total,123.23,1,0,0,0
2654,2024-09-29,2024-12-15,77,6,4,0,estandar,desayuno,agencia,DE,no_reembolsable,parcial,78.07,0,0,0,0
4040,2024-09-29,2024-12-09,71,2,2,1,familiar,desayuno,web_intermediaria,otros,no_reembolsable,total,134.33,0,1,1,0
3025,2024-09-29,2024-11-23,55,4,2,0,estandar,desayuno,agencia,UK,flexible,total,60.71,1,0,0,0
1268,2024-09-29,2025-01-19,112,4,3,0,suite,desayuno,web_intermediaria,UK,no_reembolsable,total,206.84,0,0,0,0
576,2024-09-29,2024-11-07,39,2,2,0,superior,todo_incluido,agencia,otros,flexible,parcial,88.73,1,0,0,1
374,2024-09-29,2024-11-20,52,5,2,0,estandar,media_pension,empresa,DE,flexible,parcial,64.93,1,0,0,1
2680,2024-09-30,2025-01-14,106,3,3,0,suite,media_pension,directo,UK,flexible,parcial,198.6,0,1,0,1
4345,2024-09-30,2024-11-09,40,4,3,0,superior,desayuno,web_intermediaria,otros,flexible,sin_deposito,93.74,0,0,0,0
498,2024-09-30,2025-01-14,106,5,4,0,superior,desayuno,empresa,Nordicos,flexible,total,115.2,1,1,1,0
5092,2024-09-30,2024-12-02,63,3,2,0,suite,media_pension,directo,ES,flexible,total,209.54,0,0,0,0
1857,2024-09-30,2025-02-10,133,3,2,0,familiar,media_pension,web_intermediaria,UK,no_reembolsable,sin_deposito,137.99,1,0,0,0
913,2024-10-01,2025-01-17,108,4,2,1,suite,todo_incluido,directo,UK,no_reembolsable,parcial,183.21,1,0,0,0
4955,2024-10-01,2024-12-22,82,3,3,1,estandar,media_pension,web_intermediaria,DE,flexible,parcial,96.18,0,0,0,0
5700,2024-10-01,2025-01-09,100,7,4,1,estandar,todo_incluido,agencia,ES,flexible,parcial,87.49,0,0,0,0
770,2024-10-01,2025-01-18,109,5,2,0,superior,todo_incluido,empresa,otros,flexible,sin_deposito,114.37,0,0,0,1
5235,2024-10-01,2024-10-19,18,4,3,0,estandar,solo_alojamiento,web_intermediaria,IT,no_reembolsable,sin_deposito,63.3,0,0,0,0
1748,2024-10-02,2025-03-24,173,4,2,0,estandar,solo_alojamiento,web_intermediaria,ES,no_reembolsable,sin_deposito,96.07,2,0,0,1
2724,2024-10-02,2024-12-27,86,7,3,1,superior,todo_incluido,web_intermediaria,DE,flexible,sin_deposito,125.96,0,0,0,1
3951,2024-10-02,2025-04-27,207,5,2,0,estandar,todo_incluido,agencia,ES,flexible,total,71.86,0,0,0,0
5141,2024-10-02,2024-11-19,48,5,2,1,superior,todo_incluido,web_intermediaria,FR,flexible,parcial,85.77,0,0,0,0
1772,2024-10-02,2024-12-13,72,10,2,1,familiar,desayuno,directo,Nordicos,flexible,sin_deposito,167.66,1,0,0,0
5076,2024-10-02,2025-02-02,123,5,2,2,estandar,todo_incluido,web_intermediaria,ES,no_reembolsable,parcial,89.74,0,0,0,0
5279,2024-10-02,2024-12-25,84,6,1,1,estandar,media_pension,web_intermediaria,ES,no_reembolsable,sin_deposito,81.1,1,0,0,1
4056,2024-10-02,2024-12-30,89,5,2,0,estandar,todo_incluido,web_intermediaria,ES,flexible,sin_deposito,75.77,0,1,0,1
4664,2024-10-02,2024-12-27,86,9,2,0,estandar,desayuno,web_intermediaria,NL,no_reembolsable,sin_deposito,81.24,1,0,0,1
1718,2024-10-03,2024-11-02,30,3,2,2,suite,todo_incluido,directo,UK,no_reembolsable,total,169.18,1,1,1,0
2920,2024-10-03,2024-11-28,56,9,2,2,superior,desayuno,agencia,ES,flexible,parcial,89.4,1,1,0,0
2592,2024-10-03,2025-02-28,148,3,2,2,estandar,todo_incluido,web_intermediaria,Nordicos,no_reembolsable,total,93.04,2,0,0,0
4401,2024-10-03,2024-12-09,67,10,3,0,familiar,solo_alojamiento,web_intermediaria,DE,flexible,sin_deposito,135.63,0,0,0,0
2569,2024-10-03,2024-11-20,48,7,3,0,superior,desayuno,web_intermediaria,NL,no_reembolsable,sin_deposito,87.1,0,0,0,0
3737,2024-10-03,2025-02-23,143,4,2,0,suite,solo_alojamiento,agencia,ES,flexible,sin_deposito,179.92,0,1,0,0
4506,2024-10-03,2024-12-09,67,6,3,0,familiar,solo_alojamiento,web_intermediaria,ES,no_reembolsable,parcial,162.39,1,0,0,0
3228,2024-10-03,2025-06-24,264,4,3,0,estandar,media_pension,web_intermediaria,UK,no_reembolsable,sin_deposito,67.82,1,0,0,1
5810,2024-10-03,2024-12-01,59,3,2,0,familiar,desayuno,web_intermediaria,Nordicos,no_reembolsable,total,139.11,1,0,0,0
4250,2024-10-03,2025-01-20,109,5,2,0,superior,desayuno,web_intermediaria,ES,flexible,parcial,125.61,2,1,1,1
3964,2024-10-03,2024-12-21,79,3,2,0,suite,solo_alojamiento,web_intermediaria,otros,no_reembolsable,parcial,198.43,0,0,0,1
5683,2024-10-04,2024-10-23,19,1,2,0,familiar,desayuno,web_intermediaria,DE,flexible,sin_deposito,119.48,1,0,0,1
2544,2024-10-04,2024-10-12,8,8,2,0,estandar,desayuno,web_intermediaria,DE,flexible,total,70.27,0,0,0,0
1945,2024-10-04,2024-10-13,9,6,2,0,superior,desayuno,empresa,FR,flexible,parcial,107.63,0,0,0,0
634,2024-10-04,2025-02-20,139,3,2,0,familiar,desayuno,agencia,otros,flexible,total,140.64,0,1,0,1
4881,2024-10-04,2024-10-20,16,6,2,0,familiar,media_pension,directo,UK,flexible,sin_deposito,125.72,0,0,0,0
3531,2024-10-04,2024-11-04,31,9,2,1,superior,todo_incluido,web_intermediaria,otros,flexible,sin_deposito,100.06,0,0,0,1
5702,2024-10-04,2025-02-04,123,5,2,0,superior,todo_incluido,web_intermediaria,FR,flexible,total,121.57,0,0,0,1
379,2024-10-04,2024-10-25,21,8,2,0,familiar,todo_incluido,web_intermediaria,ES,flexible,sin_deposito,117.99,2,0,0,1
4935,2024-10-04,2024-12-02,59,3,2,0,superior,solo_alojamiento,directo,UK,flexible,sin_deposito,108.0,0,0,0,0
4961,2024-10-05,2025-02-11,129,6,1,0,estandar,desayuno,web_intermediaria,NL,no_reembolsable,sin_deposito,94.38,0,0,0,1
1285,2024-10-05,2025-02-12,130,3,2,2,estandar,desayuno,directo,otros,flexible,total,98.83,3,0,0,1
5384,2024-10-05,2025-03-23,169,7,2,0,estandar,todo_incluido,web_intermediaria,UK,flexible,sin_deposito,88.42,0,0,0,1
5161,2024-10-05,2025-11-09,400,3,1,1,estandar,media_pension,agencia,otros,flexible,total,66.74,0,0,0,1
188,2024-10-05,2024-11-26,52,2,2,2,estandar,desayuno,web_intermediaria,UK,no_reembolsable,sin_deposito,81.71,0,0,0,0
1593,2024-10-06,2025-01-17,103,5,2,0,superior,desayuno,web_intermediaria,ES,flexible,parcial,127.35,0,1,0,0
3424,2024-10-06,2024-12-13,68,10,2,0,estandar,desayuno,web_intermediaria,otros,no_reembolsable,sin_deposito,87.77,0,0,0,1
3063,2024-10-06,2024-10-19,13,5,2,0,estandar,desayuno,agencia,FR,no_reembolsable,sin_deposito,62.13,1,0,0,0
4972,2024-10-06,2024-11-21,46,7,1,0,estandar,todo_incluido,directo,ES,flexible,parcial,69.21,2,1,1,0
758,2024-10-06,2024-12-07,62,6,1,0,familiar,todo_incluido,directo,ES,flexible,total,146.04,0,0,0,0
3815,2024-10-06,2025-04-07,183,5,2,1,estandar,media_pension,empresa,IT,flexible,total,77.96,0,0,0,1
4385,2024-10-06,2025-01-07,93,4,2,0,estandar,todo_incluido,directo,ES,flexible,sin_deposito,96.5,3,0,0,0
2875,2024-10-06,2024-11-26,51,8,1,2,superior,todo_incluido,web_intermediaria,ES,flexible,parcial,90.93,0,1,0,1
1881,2024-10-07,2024-12-04,58,7,2,0,superior,todo_incluido,agencia,otros,flexible,sin_deposito,118.3,1,0,0,0
1761,2024-10-07,2024-12-20,74,5,3,0,estandar,desayuno,web_intermediaria,DE,no_reembolsable,sin_deposito,72.9,0,0,0,1
2581,2024-10-07,2025-02-26,142,7,2,0,estandar,media_pension,agencia,ES,flexible,sin_deposito,91.05,0,1,1,1
1017,2024-10-07,2025-01-06,91,5,2,0,superior,media_pension,web_intermediaria,,flexible,parcial,123.6,0,1,1,1
4626,2024-10-07,2025-03-05,149,5,2,0,estandar,todo_incluido,directo,DE,flexible,sin_deposito,96.98,2,0,0,1
1159,2024-10-07,2024-12-29,83,9,1,0,suite,desayuno,directo,UK,no_reembolsable,parcial,188.91,1,0,0,1
5802,2024-10-07,2025-01-05,90,4,4,2,superior,desayuno,web_intermediaria,DE,flexible,sin_deposito,118.28,0,0,0,1
1468,2024-10-07,2025-03-24,168,6,1,0,superior,solo_alojamiento,web_intermediaria,ES,flexible,sin_deposito,129.19,0,0,0,1
2405,2024-10-07,2024-11-08,32,5,1,0,familiar,todo_incluido,web_intermediaria,ES,flexible,sin_deposito,111.71,1,0,0,1
614,2024-10-08,2024-11-07,30,5,1,1,superior,todo_incluido,web_intermediaria,NL,no_reembolsable,sin_deposito,95.47,0,0,0,0
2428,2024-10-08,2025-01-16,100,3,2,1,estandar,media_pension,web_intermediaria,ES,flexible,parcial,90.52,2,0,0,1
5580,2024-10-08,2024-10-19,11,5,2,2,estandar,media_pension,web_intermediaria,UK,flexible,total,70.66,0,0,0,0
4490,2024-10-08,2025-11-06,394,4,1,0,estandar,media_pension,directo,ES,no_reembolsable,sin_deposito,75.86,1,0,0,1
4252,2024-10-08,2024-12-29,82,6,4,0,estandar,media_pension,agencia,UK,no_reembolsable,sin_deposito,83.65,0,0,0,1
1385,2024-10-09,2025-02-06,120,8,2,0,estandar,desayuno,web_intermediaria,NL,flexible,parcial,77.66,0,0,0,1
2848,2024-10-09,2024-11-05,27,4,4,2,superior,desayuno,empresa,NL,flexible,sin_deposito,96.13,0,0,0,1
94,2024-10-09,2025-01-03,86,7,1,1,estandar,desayuno,agencia,Nordicos,flexible,parcial,89.85,2,0,0,1
3023,2024-10-09,2024-10-12,3,7,2,0,estandar,solo_alojamiento,web_intermediaria,ES,flexible,parcial,61.41,0,0,0,0
2835,2024-10-10,2025-01-04,86,6,2,0,estandar,desayuno,directo,otros,no_reembolsable,sin_deposito,97.07,1,0,0,0
1066,2024-10-10,2024-11-08,29,10,2,0,superior,desayuno,web_intermediaria,Nordicos,flexible,sin_deposito,98.91,1,0,0,0
4498,2024-10-10,2024-12-27,78,6,2,0,estandar,todo_incluido,web_intermediaria,UK,flexible,sin_deposito,85.36,0,1,1,0
2779,2024-10-10,2025-03-02,143,3,1,0,superior,desayuno,agencia,otros,no_reembolsable,parcial,128.49,2,1,1,0
1629,2024-10-10,2025-05-23,225,5,2,1,suite,desayuno,web_intermediaria,NL,flexible,parcial,157.36,1,0,0,0
5406,2024-10-10,2025-11-14,400,3,1,2,estandar,media_pension,directo,DE,flexible,sin_deposito,78.14,0,0,0,1
5383,2024-10-10,2025-04-15,187,9,4,1,estandar,desayuno,web_intermediaria,otros,flexible,total,61.42,0,0,0,0
4150,2024-10-11,2025-02-19,131,7,2,0,superior,media_pension,empresa,IT,flexible,total,127.02,1,1,0,0
4809,2024-10-11,2024-11-17,37,3,3,1,estandar,media_pension,web_intermediaria,UK,flexible,sin_deposito,70.34,0,0,0,1
2216,2024-10-11,2024-11-15,35,4,2,0,superior,solo_alojamiento,web_intermediaria,UK,flexible,sin_deposito,104.83,0,0,0,1
2600,2024-10-11,2025-01-27,108,8,2,0,estandar,desayuno,directo,ES,no_reembolsable,parcial,75.14,0,0,0,0
5339,2024-10-11,2025-03-11,151,4,4,0,estandar,desayuno,directo,,flexible,parcial,86.79,1,0,0,0
2683,2024-10-11,2024-11-27,47,9,3,0,estandar,media_pension,web_intermediaria,ES,flexible,parcial,62.36,1,0,0,1
4833,2024-10-11,2024-12-08,58,6,2,0,estandar,media_pension,web_intermediaria,UK,flexible,sin_deposito,90.59,1,0,0,1
3059,2024-10-11,2024-11-20,40,2,2,0,familiar,media_pension,web_intermediaria,DE,flexible,sin_deposito,116.79,0,0,0,1
1173,2024-10-12,2024-11-25,44,4,2,0,estandar,desayuno,directo,UK,flexible,sin_deposito,60.93,1,0,0,1
2574,2024-10-12,2025-03-13,152,5,1,0,superior,desayuno,agencia,Nordicos,flexible,parcial,124.05,0,0,0,1
5333,2024-10-12,2025-04-17,187,6,2,0,estandar,solo_alojamiento,web_intermediaria,ES,no_reembolsable,total,74.16,0,0,0,1
809,2024-10-12,2025-03-10,149,4,2,0,estandar,desayuno,web_intermediaria,ES,flexible,parcial,94.35,0,0,0,0
4799,2024-10-12,2024-12-11,60,9,1,1,superior,desayuno,empresa,UK,flexible,parcial,121.16,2,0,0,1
2852,2024-10-12,2025-02-05,116,1,2,3,estandar,todo_incluido,directo,NL,flexible,sin_deposito,97.41,1,0,0,0
2012,2024-10-13,2024-11-22,40,6,3,0,estandar,media_pension,web_intermediaria,FR,no_reembolsable,sin_deposito,75.65,0,0,0,0
3329,2024-10-13,2025-05-23,222,4,2,1,superior,todo_incluido,web_intermediaria,FR,flexible,sin_deposito,92.65,1,0,0,0
4326,2024-10-13,2025-04-04,173,5,2,0,familiar,desayuno,empresa,UK,no_reembolsable,total,124.77,1,0,0,0
2384,2024-10-13,2024-11-23,41,7,2,0,estandar,media_pension,web_intermediaria,UK,flexible,sin_deposito,76.32,0,0,0,1
1352,2024-10-13,2025-03-09,147,4,4,1,superior,todo_incluido,directo,IT,flexible,sin_deposito,109.61,0,0,0,1
3405,2024-10-13,2025-01-06,85,8,2,0,familiar,solo_alojamiento,web_intermediaria,UK,no_reembolsable,sin_deposito,149.21,0,0,0,1
2622,2024-10-13,2025-01-29,108,11,2,0,suite,todo_incluido,agencia,otros,no_reembolsable,sin_deposito,188.81,0,0,0,0
4625,2024-10-13,2024-11-21,39,6,4,0,superior,desayuno,directo,DE,flexible,parcial,101.32,3,0,0,0
4162,2024-10-13,2025-04-15,184,6,4,0,estandar,media_pension,directo,ES,no_reembolsable,sin_deposito,58.51,0,1,1,1
5793,2024-10-13,2024-12-17,65,10,3,0,superior,desayuno,web_intermediaria,ES,no_reembolsable,parcial,112.97,1,0,0,0
1094,2024-10-13,2025-02-22,132,6,3,0,estandar,todo_incluido,agencia,DE,flexible,sin_deposito,90.32,1,0,0,1
3092,2024-10-13,2025-02-05,115,3,2,0,familiar,desayuno,agencia,ES,flexible,parcial,146.7,0,0,0,0
5307,2024-10-14,2025-04-04,172,8,2,0,superior,todo_incluido,directo,IT,flexible,total,91.17,1,0,0,0
5819,2024-10-14,2025-02-24,133,9,4,0,estandar,media_pension,directo,otros,no_reembolsable,parcial,75.04,0,0,0,1
5314,2024-10-14,2024-10-29,15,7,2,0,estandar,solo_alojamiento,web_intermediaria,ES,no_reembolsable,sin_deposito,79.06,0,0,0,1
1283,2024-10-14,2024-12-14,61,5,2,0,superior,media_pension,web_intermediaria,UK,flexible,sin_deposito,102.18,0,0,0,1
552,2024-10-14,2024-11-15,32,9,2,0,superior,desayuno,directo,DE,no_reembolsable,sin_deposito,116.74,1,0,0,0
2342,2024-10-14,2024-12-12,59,7,2,0,superior,desayuno,agencia,ES,no_reembolsable,sin_deposito,123.15,0,1,0,0
2059,2024-10-14,2024-10-25,11,7,1,1,familiar,solo_alojamiento,web_intermediaria,IT,flexible,parcial,105.67,1,0,0,0
1478,2024-10-14,2025-04-09,177,4,2,0,estandar,solo_alojamiento,agencia,ES,flexible,sin_deposito,56.66,1,1,1,0
5326,2024-10-14,2025-02-12,121,5,2,2,estandar,desayuno,web_intermediaria,ES,no_reembolsable,sin_deposito,98.02,1,0,0,1
1921,2024-10-14,2024-11-07,24,4,3,2,estandar,media_pension,empresa,,flexible,total,69.43,1,0,0,1
4052,2024-10-14,2024-11-23,40,5,2,0,suite,desayuno,directo,DE,flexible,sin_deposito,170.44,0,1,0,0
5398,2024-10-14,2024-12-14,61,5,3,0,estandar,desayuno,web_intermediaria,Nordicos,no_reembolsable,parcial,82.94,3,0,0,0
1774,2024-10-14,2024-12-16,63,4,2,0,estandar,todo_incluido,agencia,ES,no_reembolsable,sin_deposito,96.36,1,0,0,0
5458,2024-10-14,2024-12-26,73,10,2,1,estandar,desayuno,web_intermediaria,UK,flexible,parcial,90.16,2,0,0,0
3380,2024-10-15,2024-11-01,17,3,2,0,estandar,todo_incluido,web_intermediaria,UK,flexible,sin_deposito,69.84,0,1,0,1
1694,2024-10-15,2024-11-17,33,4,2,2,estandar,desayuno,agencia,ES,no_reembolsable,parcial,75.52,0,0,0,0
3695,2024-10-15,2025-01-24,101,5,2,0,suite,media_pension,web_intermediaria,FR,flexible,sin_deposito,199.5,1,0,0,0
2291,2024-10-15,2025-01-25,102,7,2,0,superior,desayuno,web_intermediaria,,no_reembolsable,parcial,104.46,0,0,0,0
3250,2024-10-15,2024-10-29,14,12,2,2,estandar,desayuno,directo,Nordicos,no_reembolsable,sin_deposito,60.16,1,1,0,0
3041,2024-10-15,2025-01-04,81,3,4,0,superior,desayuno,directo,UK,flexible,total,115.45,1,0,0,0
1754,2024-10-15,2025-02-08,116,4,1,0,estandar,todo_incluido,web_intermediaria,ES,flexible,parcial,87.66,0,1,2,1
4795,2024-10-16,2024-12-15,60,2,3,0,superior,desayuno,web_intermediaria,FR,flexible,parcial,103.53,0,0,0,1
3460,2024-10-16,2024-12-02,47,5,2,0,estandar,todo_incluido,directo,ES,flexible,sin_deposito,82.62,0,0,0,0
5324,2024-10-16,2024-12-31,76,3,2,1,superior,todo_incluido,directo,ES,no_reembolsable,parcial,118.41,0,0,0,0
1666,2024-10-16,2024-12-02,47,6,1,0,estandar,desayuno,agencia,ES,flexible,parcial,90.15,1,0,0,1
5132,2024-10-16,2024-12-03,48,4,2,0,superior,todo_incluido,directo,FR,no_reembolsable,sin_deposito,124.69,1,0,0,1
1320,2024-10-16,2024-11-23,38,1,2,0,suite,desayuno,web_intermediaria,UK,flexible,parcial,154.53,3,0,0,0
2800,2024-10-16,2024-12-11,56,6,2,0,estandar,solo_alojamiento,directo,Nordicos,flexible,sin_deposito,76.08,0,1,0,1
4651,2024-10-17,2025-01-21,96,4,3,0,superior,todo_incluido,directo,NL,flexible,parcial,118.05,0,0,0,1
2546,2024-10-17,2024-11-17,31,8,2,2,estandar,todo_incluido,web_intermediaria,IT,flexible,sin_deposito,74.15,0,0,0,1
5777,2024-10-17,2024-12-03,47,6,2,0,estandar,desayuno,directo,ES,flexible,total,83.38,0,0,0,0
2003,2024-10-17,2024-11-22,36,12,4,1,estandar,desayuno,web_intermediaria,,flexible,total,79.79,2,0,0,1
440,2024-10-17,2024-12-27,71,7,2,0,estandar,desayuno,web_intermediaria,UK,flexible,sin_deposito,79.58,0,1,0,0
1168,2024-10-17,2025-02-02,108,5,1,0,superior,media_pension,directo,otros,flexible,parcial,141.71,0,0,0,0
2374,2024-10-17,2025-02-21,127,3,2,2,suite,desayuno,directo,ES,no_reembolsable,sin_deposito,210.46,0,0,0,1
5043,2024-10-17,2025-06-19,245,5,2,0,superior,desayuno,web_intermediaria,ES,no_reembolsable,parcial,86.32,0,1,0,1
5346,2024-10-18,2025-01-07,81,9,4,0,superior,solo_alojamiento,agencia,UK,no_reembolsable,sin_deposito,113.42,0,0,0,1
3318,2024-10-18,2024-12-23,66,4,2,0,superior,media_pension,web_intermediaria,DE,flexible,sin_deposito,124.37,0,0,0,1
4403,2024-10-18,2024-11-01,14,2,1,0,estandar,desayuno,web_intermediaria,ES,flexible,parcial,71.95,0,0,0,0
2134,2024-10-18,2025-02-24,129,2,3,0,estandar,todo_incluido,directo,ES,flexible,sin_deposito,73.05,2,1,0,0
4927,2024-10-18,2024-11-29,42,7,2,2,familiar,desayuno,agencia,ES,flexible,parcial,108.26,0,0,0,0
4719,2024-10-19,2025-05-02,195,3,1,0,superior,todo_incluido,directo,ES,flexible,sin_deposito,96.32,2,0,0,0
5951,2024-10-19,2024-11-18,30,5,2,2,superior,todo_incluido,web_intermediaria,FR,no_reembolsable,parcial,83.6,2,0,0,0
2140,2024-10-19,2025-01-09,82,5,2,0,estandar,desayuno,agencia,Nordicos,no_reembolsable,total,75.46,1,0,0,0
957,2024-10-19,2025-01-13,86,10,4,1,familiar,media_pension,web_intermediaria,DE,no_reembolsable,sin_deposito,127.19,2,0,0,0
2225,2024-10-19,2024-12-27,69,7,2,2,superior,solo_alojamiento,web_intermediaria,ES,flexible,sin_deposito,129.87,0,0,0,1
2524,2024-10-19,2024-12-10,52,4,2,0,estandar,solo_alojamiento,agencia,FR,flexible,sin_deposito,80.85,0,0,0,1
5756,2024-10-19,2025-03-21,153,6,4,0,estandar,todo_incluido,web_intermediaria,Nordicos,flexible,total,79.16,1,0,0,1
1302,2024-10-19,2024-12-21,63,5,4,1,superior,media_pension,directo,NL,no_reembolsable,parcial,119.18,1,0,0,0
4175,2024-10-19,2024-12-07,49,4,2,1,estandar,desayuno,agencia,UK,flexible,sin_deposito,87.3,0,0,0,0
1956,2024-10-19,2025-04-09,172,5,3,2,estandar,media_pension,directo,IT,no_reembolsable,sin_deposito,68.86,0,0,0,1
27,2024-10-20,2025-04-30,192,6,2,0,estandar,desayuno,web_intermediaria,UK,flexible,sin_deposito,73.9,1,0,0,1
3312,2024-10-20,2024-12-11,52,6,2,0,estandar,solo_alojamiento,web_intermediaria,otros,no_reembolsable,sin_deposito,84.13,1,1,1,1
4984,2024-10-20,2024-11-07,18,4,2,0,suite,desayuno,web_intermediaria,Nordicos,no_reembolsable,sin_deposito,143.89,0,0,0,0
4471,2024-10-20,2025-01-06,78,3,2,2,estandar,solo_alojamiento,web_intermediaria,DE,flexible,sin_deposito,80.32,1,0,0,1
2073,2024-10-20,2024-12-29,70,7,3,3,estandar,solo_alojamiento,web_intermediaria,ES,no_reembolsable,parcial,92.74,0,0,0,1
5180,2024-10-20,2025-02-15,118,7,3,0,superior,desayuno,web_intermediaria,IT,no_reembolsable,sin_deposito,113.12,2,0,0,1
3691,2024-10-20,2024-11-25,36,3,2,0,familiar,desayuno,web_intermediaria,DE,no_reembolsable,total,114.0,1,0,0,0
3166,2024-10-20,2024-11-21,32,7,2,1,estandar,desayuno,web_intermediaria,UK,no_reembolsable,total,68.45,0,1,0,0
3733,2024-10-20,2025-02-22,125,10,2,0,superior,media_pension,web_intermediaria,Nordicos,flexible,sin_deposito,96.77,1,0,0,1
1847,2024-10-20,2025-01-24,96,6,2,0,superior,desayuno,agencia,ES,no_reembolsable,parcial,132.52,1,1,1,1
942,2024-10-21,2025-01-08,79,7,2,0,suite,media_pension,web_intermediaria,ES,no_reembolsable,sin_deposito,192.3,0,0,0,0
585,2024-10-21,2025-02-10,112,7,2,0,superior,solo_alojamiento,directo,Nordicos,flexible,parcial,119.93,1,0,0,1
3315,2024-10-21,2025-01-10,81,5,2,0,suite,media_pension,directo,IT,flexible,parcial,202.2,0,0,0,1
3291,2024-10-21,2025-02-13,115,6,2,0,estandar,desayuno,web_intermediaria,IT,flexible,sin_deposito,87.3,1,0,0,1
3188,2024-10-21,2025-01-04,75,3,3,0,estandar,media_pension,directo,ES,flexible,total,85.59,1,0,0,0
4161,2024-10-21,2025-04-01,162,7,2,0,familiar,solo_alojamiento,agencia,otros,flexible,sin_deposito,118.75,1,0,0,1
3274,2024-10-21,2024-12-16,56,3,2,0,estandar,solo_alojamiento,web_intermediaria,otros,no_reembolsable,sin_deposito,87.74,0,0,0,0
2163,2024-10-21,2025-02-15,117,3,2,0,estandar,media_pension,empresa,ES,no_reembolsable,sin_deposito,88.04,1,0,0,1
5795,2024-10-21,2025-01-11,82,5,2,2,estandar,solo_alojamiento,web_intermediaria,ES,flexible,sin_deposito,80.75,0,0,0,1
4646,2024-10-21,2025-04-22,183,4,2,3,estandar,media_pension,agencia,NL,no_reembolsable,sin_deposito,70.61,0,0,0,1
2060,2024-10-21,2024-12-06,46,6,2,1,estandar,media_pension,agencia,ES,no_reembolsable,sin_deposito,97.08,1,0,0,0
4896,2024-10-22,2025-04-05,165,4,1,0,familiar,desayuno,directo,NL,flexible,sin_deposito,104.18,0,0,0,1
1866,2024-10-22,2024-12-30,69,3,2,0,estandar,media_pension,agencia,ES,no_reembolsable,sin_deposito,90.87,0,0,0,1
5437,2024-10-22,2025-01-09,79,4,2,0,superior,desayuno,web_intermediaria,Nordicos,flexible,sin_deposito,124.88,2,1,1,0
2746,2024-10-22,2024-11-12,21,9,2,1,suite,desayuno,web_intermediaria,ES,flexible,sin_deposito,153.71,1,0,0,0
5511,2024-10-23,2025-01-07,76,6,2,0,familiar,media_pension,web_intermediaria,ES,flexible,parcial,145.48,0,0,0,0
1131,2024-10-23,2024-11-21,29,5,2,0,superior,todo_incluido,agencia,otros,flexible,sin_deposito,97.86,1,0,0,0
164,2024-10-23,2024-12-19,57,5,2,0,estandar,desayuno,directo,UK,flexible,total,89.97,2,0,0,1
687,2024-10-23,2025-01-27,96,5,2,1,suite,todo_incluido,web_intermediaria,ES,no_reembolsable,parcial,222.37,0,0,0,0
1688,2024-10-24,2025-03-22,149,5,2,0,superior,desayuno,web_intermediaria,UK,flexible,parcial,121.81,0,1,0,1
2509,2024-10-24,2024-12-31,68,5,2,0,familiar,desayuno,web_intermediaria,DE,flexible,parcial,133.87,0,0,0,0
3142,2024-10-24,2025-11-28,400,6,2,0,familiar,desayuno,directo,DE,no_reembolsable,sin_deposito,117.78,0,0,0,1
1340,2024-10-24,2025-01-02,70,6,2,3,estandar,solo_alojamiento,web_intermediaria,Nordicos,flexible,parcial,79.65,1,1,0,1
5817,2024-10-24,2025-01-26,94,4,1,0,familiar,todo_incluido,web_intermediaria,UK,flexible,sin_deposito,133.81,0,0,0,1
2076,2024-10-24,2024-11-07,14,7,2,0,superior,media_pension,web_intermediaria,IT,flexible,sin_deposito,103.56,1,0,0,1
2915,2024-10-24,2024-12-19,56,5,2,1,superior,media_pension,web_intermediaria,Nordicos,no_reembolsable,parcial,116.53,0,0,0,0
3485,2024-10-24,2025-04-07,165,3,2,3,estandar,media_pension,web_intermediaria,otros,flexible,total,63.44,2,0,0,0
5196,2024-10-24,2024-11-29,36,4,3,0,familiar,desayuno,empresa,Nordicos,flexible,sin_deposito,113.23,0,0,0,0
1875,2024-10-25,2025-03-07,133,7,3,0,estandar,media_pension,agencia,NL,no_reembolsable,parcial,73.09,0,0,0,1
163,2024-10-25,2025-05-30,217,6,3,1,estandar,desayuno,agencia,UK,flexible,parcial,71.67,1,0,0,1
2564,2024-10-25,2025-01-04,71,5,2,0,estandar,todo_incluido,web_intermediaria,ES,no_reembolsable,sin_deposito,97.25,4,0,0,0
144,2024-10-25,2025-01-13,80,5,3,0,superior,desayuno,empresa,IT,flexible,parcial,119.9,2,0,0,0
3618,2024-10-25,2025-01-31,98,4,1,1,familiar,solo_alojamiento,directo,UK,flexible,sin_deposito,154.34,1,0,0,1
3479,2024-10-25,2025-01-05,72,6,2,0,suite,solo_alojamiento,directo,ES,flexible,parcial,223.79,0,0,0,0
1762,2024-10-25,2025-01-16,83,4,2,0,estandar,desayuno,agencia,NL,flexible,sin_deposito,84.09,0,1,0,1
5773,2024-10-25,2025-01-17,84,6,2,1,superior,solo_alojamiento,agencia,ES,flexible,sin_deposito,109.68,0,0,0,0
962,2024-10-25,2024-12-22,58,8,1,2,estandar,desayuno,web_intermediaria,NL,flexible,sin_deposito,80.57,0,0,0,1
3547,2024-10-25,2025-09-02,312,5,2,1,estandar,desayuno,agencia,ES,flexible,parcial,66.63,1,0,0,0
3766,2024-10-25,2025-01-12,79,9,3,2,superior,todo_incluido,empresa,ES,flexible,sin_deposito,107.52,0,0,0,1
5315,2024-10-25,2024-11-21,27,4,2,2,superior,todo_incluido,web_intermediaria,otros,no_reembolsable,parcial,84.43,0,0,0,0
5734,2024-10-26,2025-05-06,192,1,1,2,estandar,todo_incluido,empresa,DE,flexible,parcial,69.65,1,0,0,0
373,2024-10-26,2025-02-16,113,5,3,0,superior,solo_alojamiento,directo,UK,flexible,sin_deposito,115.24,0,0,0,1
2192,2024-10-26,2025-05-02,188,2,3,0,estandar,solo_alojamiento,web_intermediaria,ES,no_reembolsable,parcial,69.14,0,0,0,1
5448,2024-10-26,2025-02-01,98,8,2,2,superior,solo_alojamiento,directo,otros,no_reembolsable,total,112.18,0,0,0,0
3653,2024-10-26,2024-12-11,46,4,3,0,suite,desayuno,agencia,,no_reembolsable,sin_deposito,232.92,0,0,0,0
1835,2024-10-26,2025-02-28,125,2,2,0,suite,desayuno,web_intermediaria,DE,flexible,parcial,220.75,1,0,0,0
3260,2024-10-26,2024-11-21,26,8,2,0,superior,desayuno,agencia,DE,flexible,sin_deposito,98.75,1,0,0,0
65,2024-10-26,2025-01-19,85,7,2,0,superior,todo_incluido,web_intermediaria,ES,no_reembolsable,parcial,118.71,1,0,0,1
1495,2024-10-26,2025-02-13,110,7,1,0,estandar,media_pension,web_intermediaria,DE,flexible,sin_deposito,85.64,0,0,0,1
5202,2024-10-27,2025-02-03,99,7,2,0,estandar,media_pension,web_intermediaria,UK,flexible,sin_deposito,86.98,0,0,0,0
1252,2024-10-27,2025-03-26,150,8,2,0,suite,desayuno,web_intermediaria,UK,no_reembolsable,sin_deposito,210.72,2,0,0,0
5855,2024-10-27,2024-12-24,58,4,2,1,estandar,desayuno,web_intermediaria,UK,no_reembolsable,parcial,91.41,1,0,0,0
3698,2024-10-27,2025-01-27,92,8,2,1,estandar,todo_incluido,web_intermediaria,FR,no_reembolsable,total,88.68,0,0,0,1
960,2024-10-27,2025-03-17,141,4,4,0,superior,solo_alojamiento,directo,UK,flexible,sin_deposito,122.86,0,0,0,1
2357,2024-10-27,2025-01-24,89,7,2,3,estandar,todo_incluido,directo,otros,flexible,sin_deposito,91.37,0,0,0,1
907,2024-10-27,2024-12-26,60,7,2,0,estandar,todo_incluido,web_intermediaria,UK,flexible,sin_deposito,91.18,0,0,0,1
5707,2024-10-27,2024-12-12,46,8,2,0,estandar,media_pension,agencia,ES,flexible,total,90.3,0,1,0,1
3272,2024-10-27,2025-01-16,81,3,2,0,superior,desayuno,agencia,UK,flexible,total,109.04,1,0,0,0
4877,2024-10-28,2024-12-27,60,7,2,0,superior,desayuno,web_intermediaria,DE,flexible,sin_deposito,110.6,1,0,0,0
4147,2024-10-28,2025-03-17,140,4,3,1,estandar,todo_incluido,web_intermediaria,otros,flexible,sin_deposito,91.87,1,0,0,1
1888,2024-10-28,2025-01-22,86,6,2,2,estandar,solo_alojamiento,directo,NL,flexible,parcial,76.56,0,1,1,0
4045,2024-10-28,2024-12-21,54,6,2,0,estandar,solo_alojamiento,directo,UK,flexible,parcial,93.99,1,0,0,1
3416,2024-10-28,2024-11-11,14,8,3,0,familiar,desayuno,web_intermediaria,DE,flexible,sin_deposito,106.7,0,0,0,0
1719,2024-10-28,2025-05-29,213,7,2,1,suite,solo_alojamiento,directo,UK,flexible,sin_deposito,152.36,1,0,0,1
3765,2024-10-28,2024-11-13,16,5,2,1,superior,todo_incluido,directo,otros,flexible,total,101.85,1,0,0,0
4354,2024-10-28,2025-03-21,144,9,1,0,superior,media_pension,web_intermediaria,UK,no_reembolsable,total,114.82,1,0,0,0
496,2024-10-28,2025-04-05,159,6,2,1,familiar,media_pension,web_intermediaria,UK,no_reembolsable,sin_deposito,112.96,0,0,0,0
3285,2024-10-29,2024-12-12,44,4,2,0,familiar,solo_alojamiento,agencia,DE,flexible,sin_deposito,136.58,1,0,0,1
2017,2024-10-29,2025-01-25,88,2,1,2,superior,todo_incluido,web_intermediaria,UK,no_reembolsable,sin_deposito,117.66,0,0,0,1
4030,2024-10-29,2025-02-01,95,6,3,1,estandar,media_pension,directo,ES,flexible,parcial,80.09,0,0,0,0
1584,2024-10-29,2025-03-27,149,5,4,0,estandar,todo_incluido,directo,UK,flexible,parcial,81.33,0,1,0,1
3886,2024-10-29,2024-11-08,10,3,2,0,superior,todo_incluido,web_intermediaria,ES,flexible,sin_deposito,91.31,1,0,0,0
5729,2024-10-29,2025-01-27,90,8,2,0,superior,media_pension,empresa,DE,no_reembolsable,parcial,106.98,3,1,0,0
1309,2024-10-29,2025-02-22,116,6,2,1,estandar,desayuno,web_intermediaria,DE,no_reembolsable,parcial,84.92,0,1,1,1
3555,2024-10-29,2025-01-08,71,8,2,0,estandar,todo_incluido,web_intermediaria,IT,flexible,sin_deposito,97.3,1,0,0,1
5730,2024-10-29,2025-03-01,123,3,2,0,superior,todo_incluido,web_intermediaria,ES,no_reembolsable,sin_deposito,136.57,0,0,0,0
4318,2024-10-29,2025-02-26,120,6,2,0,estandar,desayuno,web_intermediaria,UK,flexible,sin_deposito,88.77,2,0,0,1
5722,2024-10-29,2025-07-04,248,2,2,0,estandar,media_pension,web_intermediaria,ES,no_reembolsable,sin_deposito,93.92,1,0,0,1
2749,2024-10-29,2024-12-28,60,6,4,0,estandar,todo_incluido,web_intermediaria,ES,no_reembolsable,total,78.93,0,0,0,0
1635,2024-10-29,2024-12-07,39,7,3,0,estandar,media_pension,agencia,ES,flexible,total,83.3,0,0,0,0
2473,2024-10-29,2025-03-14,136,8,1,0,estandar,todo_incluido,directo,otros,no_reembolsable,parcial,100.95,0,0,0,1
1485,2024-10-29,2025-01-14,77,6,2,0,superior,desayuno,agencia,UK,flexible,sin_deposito,109.8,1,1,0,0
1191,2024-10-30,2025-05-02,184,8,2,0,estandar,media_pension,web_intermediaria,UK,flexible,parcial,62.26,0,0,0,1
248,2024-10-30,2025-07-02,245,6,4,1,superior,todo_incluido,directo,NL,no_reembolsable,parcial,124.45,0,0,0,0
3461,2024-10-30,2025-01-28,90,4,2,0,estandar,desayuno,web_intermediaria,DE,no_reembolsable,sin_deposito,90.83,0,0,0,1
4213,2024-10-30,2025-01-24,86,5,2,0,estandar,todo_incluido,directo,otros,flexible,sin_deposito,73.49,0,0,0,0
3989,2024-10-30,2025-01-16,78,2,3,0,superior,desayuno,web_intermediaria,UK,no_reembolsable,sin_deposito,108.56,2,0,0,1
572,2024-10-30,2025-03-31,152,6,2,0,superior,media_pension,web_intermediaria,UK,flexible,sin_deposito,126.66,0,0,0,1
1043,2024-10-30,2025-01-13,75,4,1,1,superior,todo_incluido,web_intermediaria,ES,no_reembolsable,sin_deposito,124.73,1,0,0,1
4446,2024-10-30,2025-03-31,152,10,2,0,estandar,todo_incluido,web_intermediaria,otros,flexible,sin_deposito,89.4,1,0,0,1
1079,2024-10-31,2024-12-01,31,4,2,0,estandar,media_pension,agencia,UK,flexible,parcial,92.29,1,1,0,0
3924,2024-10-31,2024-12-16,46,3,2,0,suite,media_pension,directo,DE,no_reembolsable,parcial,206.03,0,0,0,0
624,2024-10-31,2024-12-26,56,3,3,2,estandar,todo_incluido,empresa,NL,no_reembolsable,parcial,69.86,0,0,0,0
1225,2024-10-31,2024-12-28,58,4,3,2,superior,media_pension,agencia,IT,flexible,sin_deposito,118.08,0,1,1,0
4826,2024-10-31,2025-07-02,244,5,1,0,estandar,todo_incluido,web_intermediaria,ES,no_reembolsable,parcial,91.91,0,0,0,1
425,2024-10-31,2024-12-27,57,7,2,0,estandar,desayuno,agencia,FR,no_reembolsable,sin_deposito,87.58,0,1,0,0
1480,2024-10-31,2025-01-11,72,5,1,0,superior,todo_incluido,web_intermediaria,DE,no_reembolsable,parcial,128.82,0,0,0,1
2290,2024-10-31,2025-05-18,199,4,1,2,suite,media_pension,empresa,ES,no_reembolsable,parcial,153.59,0,0,0,0
4342,2024-10-31,2025-01-26,87,6,2,1,superior,media_pension,web_intermediaria,Nordicos,no_reembolsable,parcial,118.48,0,0,0,0
2698,2024-10-31,2024-11-23,23,2,2,0,estandar,desayuno,directo,FR,flexible,sin_deposito,69.69,0,0,0,1
4736,2024-11-01,2024-11-24,23,8,2,0,estandar,desayuno,web_intermediaria,UK,flexible,sin_deposito,65.6,0,0,0,1
929,2024-11-01,2025-02-04,95,5,3,2,superior,todo_incluido,directo,ES,no_reembolsable,sin_deposito,96.34,1,0,0,0
732,2024-11-01,2025-01-12,72,4,1,0,estandar,desayuno,web_intermediaria,IT,flexible,parcial,102.29,0,0,0,0
5627,2024-11-01,2024-11-13,12,4,2,0,estandar,desayuno,web_intermediaria,ES,flexible,total,70.9,0,0,0,1
972,2024-11-01,2024-11-26,25,4,2,0,estandar,desayuno,agencia,ES,flexible,sin_deposito,72.66,0,0,0,1
464,2024-11-01,2025-02-11,102,4,2,2,familiar,solo_alojamiento,agencia,ES,no_reembolsable,sin_deposito,160.79,0,0,0,0
275,2024-11-01,2025-03-19,138,3,2,1,estandar,desayuno,directo,UK,flexible,sin_deposito,75.87,0,0,0,1
4251,2024-11-01,2025-02-10,101,7,2,3,estandar,solo_alojamiento,agencia,ES,flexible,sin_deposito,84.18,1,0,0,1
2420,2024-11-01,2024-11-17,16,4,2,0,estandar,desayuno,directo,UK,flexible,total,60.37,1,0,0,0
165,2024-11-01,2024-11-29,28,5,3,0,estandar,media_pension,directo,UK,flexible,sin_deposito,64.34,0,0,0,0
5892,2024-11-01,2024-12-04,33,6,2,0,familiar,media_pension,web_intermediaria,UK,flexible,parcial,127.68,1,0,0,0
2495,2024-11-01,2025-01-17,77,6,3,0,superior,desayuno,agencia,ES,flexible,sin_deposito,114.76,0,0,0,1
5024,2024-11-02,2024-12-26,54,4,2,2,familiar,desayuno,web_intermediaria,otros,no_reembolsable,total,133.3,0,0,0,0
1374,2024-11-02,2025-01-18,77,5,1,0,estandar,solo_alojamiento,web_intermediaria,FR,no_reembolsable,sin_deposito,90.81,1,0,0,1
2070,2024-11-02,2025-02-06,96,2,3,2,superior,desayuno,directo,ES,no_reembolsable,parcial,127.37,0,0,0,0
4562,2024-11-02,2025-01-26,85,8,2,2,superior,solo_alojamiento,agencia,otros,no_reembolsable,sin_deposito,123.7,0,0,0,0
3209,2024-11-02,2025-01-12,71,3,2,0,estandar,media_pension,directo,DE,flexible,sin_deposito,94.21,0,1,0,0
5304,2024-11-02,2024-12-10,38,5,3,0,familiar,media_pension,agencia,UK,flexible,sin_deposito,140.15,1,0,0,1
5800,2024-11-02,2025-04-02,151,5,3,0,estandar,desayuno,web_intermediaria,otros,flexible,total,72.53,0,0,0,1
4659,2024-11-02,2025-03-23,141,8,3,0,estandar,desayuno,web_intermediaria,ES,no_reembolsable,sin_deposito,95.28,1,1,0,1
1185,2024-11-02,2024-12-12,40,6,2,0,familiar,media_pension,agencia,ES,flexible,parcial,136.25,2,0,0,0
1678,2024-11-02,2025-02-03,93,4,1,0,suite,desayuno,agencia,UK,flexible,sin_deposito,182.0,0,0,0,1
2962,2024-11-03,2025-05-31,209,5,2,0,familiar,desayuno,empresa,otros,no_reembolsable,sin_deposito,112.22,1,0,0,0
4068,2024-11-03,2025-02-01,90,4,2,0,estandar,todo_incluido,web_intermediaria,ES,no_reembolsable,total,90.22,1,0,0,0
3563,2024-11-03,2024-11-16,13,9,2,0,superior,media_pension,agencia,UK,flexible,total,104.7,0,1,0,1
2224,2024-11-04,2025-01-13,70,8,2,0,estandar,desayuno,web_intermediaria,ES,no_reembolsable,parcial,80.68,1,0,0,0
2925,2024-11-04,2025-02-19,107,3,2,0,familiar,media_pension,directo,FR,flexible,parcial,135.44,1,0,0,1
5439,2024-11-04,2025-02-05,93,3,1,0,familiar,desayuno,web_intermediaria,ES,no_reembolsable,total,134.42,3,1,0,0
2476,2024-11-04,2024-11-23,19,7,1,0,suite,todo_incluido,web_intermediaria,DE,flexible,sin_deposito,173.19,1,0,0,1
5252,2024-11-04,2025-02-08,96,5,2,0,superior,desayuno,web_intermediaria,ES,flexible,total,126.22,0,0,0,0
3071,2024-11-04,2024-12-10,36,5,2,3,estandar,media_pension,agencia,UK,no_reembolsable,sin_deposito,91.72,0,0,0,0
3567,2024-11-04,2024-12-02,28,6,2,0,estandar,todo_incluido,web_intermediaria,ES,no_reembolsable,total,84.99,2,0,0,0
3771,2024-11-05,2024-12-22,47,6,2,1,superior,desayuno,web_intermediaria,NL,flexible,sin_deposito,115.84,0,0,0,0
1059,2024-11-05,2024-12-05,30,7,4,2,estandar,desayuno,directo,Nordicos,no_reembolsable,sin_deposito,83.18,1,0,0,0
4130,2024-11-05,2025-01-03,59,2,3,0,estandar,todo_incluido,directo,UK,flexible,total,78.54,1,0,0,0
2250,2024-11-05,2024-12-02,27,8,2,0,superior,media_pension,directo,ES,flexible,sin_deposito,137.09,1,0,0,1
3369,2024-11-05,2025-01-07,63,7,2,0,estandar,media_pension,web_intermediaria,otros,flexible,sin_deposito,95.89,1,0,0,1
2341,2024-11-05,2024-11-18,13,5,1,0,estandar,media_pension,web_intermediaria,ES,flexible,sin_deposito,75.57,0,0,0,0
777,2024-11-05,2025-01-02,58,7,4,0,suite,media_pension,web_intermediaria,DE,flexible,parcial,198.36,0,0,0,1
4336,2024-11-06,2025-02-21,107,4,2,2,estandar,todo_incluido,web_intermediaria,UK,flexible,sin_deposito,77.48,2,0,0,1
3669,2024-11-06,2024-12-06,30,7,1,0,familiar,media_pension,web_intermediaria,UK,flexible,total,151.62,0,0,0,0
2694,2024-11-06,2025-03-30,144,5,4,0,suite,desayuno,directo,DE,flexible,parcial,200.71,1,0,0,0
3008,2024-11-06,2025-01-23,78,5,2,0,estandar,desayuno,web_intermediaria,ES,flexible,sin_deposito,87.01,0,0,0,1
2276,2024-11-06,2024-12-25,49,4,2,0,estandar,media_pension,web_intermediaria,DE,flexible,parcial,90.71,1,0,0,1
4328,2024-11-06,2025-01-08,63,8,2,2,estandar,desayuno,directo,otros,flexible,total,91.77,1,0,0,0
1333,2024-11-06,2025-01-24,79,7,1,0,estandar,desayuno,directo,FR,no_reembolsable,sin_deposito,90.16,1,0,0,1
1841,2024-11-06,2025-04-14,159,9,1,0,superior,media_pension,web_intermediaria,DE,flexible,sin_deposito,86.12,0,0,0,1
4035,2024-11-06,2024-12-23,47,2,2,0,suite,desayuno,directo,ES,no_reembolsable,total,216.19,0,0,0,0
500,2024-11-06,2025-01-04,59,6,3,0,suite,solo_alojamiento,directo,ES,flexible,sin_deposito,177.35,1,0,0,1
1437,2024-11-07,2024-12-15,38,4,1,0,familiar,media_pension,directo,ES,flexible,parcial,130.0,0,0,0,0
4710,2024-11-07,2025-01-26,80,6,2,0,superior,desayuno,agencia,UK,no_reembolsable,sin_deposito,132.07,1,0,0,0
4743,2024-11-08,2025-11-07,364,3,2,1,estandar,todo_incluido,empresa,Nordicos,flexible,total,75.56,0,0,0,1
954,2024-11-08,2024-11-23,15,9,2,2,familiar,desayuno,web_intermediaria,DE,flexible,sin_deposito,104.22,1,0,0,0
4670,2024-11-08,2025-04-25,168,2,3,1,estandar,desayuno,web_intermediaria,ES,flexible,parcial,65.41,0,0,0,1
1687,2024-11-08,2025-01-09,62,10,1,0,estandar,todo_incluido,agencia,IT,flexible,parcial,86.49,0,0,0,0
2990,2024-11-08,2025-01-18,71,4,2,0,familiar,todo_incluido,agencia,UK,no_reembolsable,sin_deposito,136.88,0,0,0,1
5807,2024-11-08,2024-11-26,18,2,1,1,estandar,solo_alojamiento,web_intermediaria,UK,flexible,sin_deposito,71.61,0,0,0,1
5449,2024-11-08,2025-03-26,138,11,2,0,estandar,solo_alojamiento,directo,UK,flexible,parcial,78.15,0,0,0,1
5272,2024-11-08,2025-02-27,111,5,2,0,familiar,todo_incluido,web_intermediaria,,no_reembolsable,sin_deposito,128.05,0,0,0,1
4191,2024-11-09,2024-11-18,9,3,1,0,estandar,desayuno,directo,ES,flexible,sin_deposito,64.05,0,0,0,1
4520,2024-11-09,2024-11-21,12,6,2,1,estandar,desayuno,web_intermediaria,UK,no_reembolsable,parcial,63.87,1,0,0,0
3775,2024-11-09,2025-01-31,83,9,2,0,suite,media_pension,web_intermediaria,ES,flexible,parcial,204.51,0,0,0,0
547,2024-11-09,2024-12-19,40,7,2,1,familiar,todo_incluido,web_intermediaria,UK,no_reembolsable,parcial,137.29,2,0,0,0
2760,2024-11-09,2025-02-04,87,6,4,0,familiar,desayuno,web_intermediaria,DE,flexible,parcial,128.54,1,0,0,1
3218,2024-11-09,2024-11-25,16,4,2,0,estandar,desayuno,web_intermediaria,UK,flexible,total,66.06,0,0,0,0
994,2024-11-10,2024-11-23,13,4,2,0,estandar,todo_incluido,agencia,NL,no_reembolsable,sin_deposito,70.98,1,0,0,1
5704,2024-11-10,2025-04-28,169,3,3,2,suite,media_pension,directo,UK,flexible,sin_deposito,206.31,0,0,0,1
2762,2024-11-10,2025-01-12,63,6,2,0,familiar,desayuno,agencia,UK,no_reembolsable,total,127.11,0,0,0,1
1153,2024-11-10,2025-08-05,268,10,2,0,estandar,desayuno,web_intermediaria,UK,no_reembolsable,sin_deposito,81.94,1,0,0,1
795,2024-11-10,2025-01-28,79,5,4,0,estandar,desayuno,empresa,UK,flexible,sin_deposito,90.03,0,1,1,0
1741,2024-11-10,2024-12-11,31,7,2,2,estandar,solo_alojamiento,directo,UK,flexible,sin_deposito,87.36,1,0,0,0
1496,2024-11-10,2025-01-27,78,4,2,0,estandar,desayuno,web_intermediaria,UK,flexible,sin_deposito,101.13,0,0,0,0
4616,2024-11-10,2024-12-24,44,3,2,1,estandar,todo_incluido,web_intermediaria,Nordicos,flexible,parcial,96.01,0,1,0,0
473,2024-11-11,2025-05-02,172,9,2,0,familiar,desayuno,agencia,FR,flexible,total,123.2,1,0,0,0
3676,2024-11-11,2024-12-20,39,9,3,0,estandar,desayuno,empresa,UK,flexible,sin_deposito,92.61,0,0,0,0
3173,2024-11-11,2025-02-05,86,7,1,1,estandar,desayuno,web_intermediaria,IT,flexible,sin_deposito,89.41,2,0,0,1
3220,2024-11-11,2025-02-21,102,4,2,0,suite,desayuno,web_intermediaria,UK,no_reembolsable,total,210.29,1,0,0,0
5716,2024-11-11,2025-01-22,72,8,2,1,suite,media_pension,web_intermediaria,otros,flexible,sin_deposito,193.87,0,0,0,1
238,2024-11-11,2025-02-26,107,6,1,0,estandar,desayuno,web_intermediaria,ES,flexible,sin_deposito,80.46,2,0,0,1
2566,2024-11-11,2025-01-04,54,2,2,0,superior,media_pension,web_intermediaria,ES,flexible,total,103.76,0,0,0,0
1444,2024-11-12,2025-03-05,113,9,1,0,familiar,desayuno,web_intermediaria,ES,flexible,sin_deposito,128.69,0,0,0,1
2007,2024-11-12,2025-05-18,187,8,2,0,estandar,desayuno,web_intermediaria,Nordicos,flexible,parcial,76.7,2,1,1,1
5,2024-11-12,2025-01-10,59,5,3,0,superior,media_pension,web_intermediaria,ES,flexible,parcial,133.74,1,0,0,1
5747,2024-11-12,2024-12-14,32,5,2,0,estandar,todo_incluido,web_intermediaria,ES,no_reembolsable,total,78.52,0,0,0,0
5051,2024-11-12,2025-02-17,97,8,2,0,familiar,desayuno,agencia,IT,flexible,parcial,164.92,0,0,0,0
435,2024-11-12,2025-02-05,85,6,2,0,superior,media_pension,empresa,ES,flexible,sin_deposito,126.84,2,0,0,0
621,2024-11-12,2025-01-31,80,6,4,0,estandar,desayuno,web_intermediaria,,no_reembolsable,sin_deposito,88.64,0,0,0,1
3325,2024-11-12,2025-02-26,106,9,2,0,estandar,media_pension,web_intermediaria,otros,flexible,parcial,94.36,1,0,0,1
2717,2024-11-12,2024-12-22,40,3,2,0,estandar,solo_alojamiento,agencia,ES,flexible,parcial,93.85,1,0,0,0
633,2024-11-12,2025-01-12,61,6,2,0,suite,solo_alojamiento,directo,UK,flexible,parcial,216.7,3,0,0,0
407,2024-11-12,2025-05-10,179,6,3,1,estandar,media_pension,web_intermediaria,UK,flexible,sin_deposito,71.9,1,0,0,1
1100,2024-11-12,2025-02-11,91,3,2,0,estandar,solo_alojamiento,web_intermediaria,DE,flexible,sin_deposito,89.24,0,0,0,1
5684,2024-11-12,2025-03-03,111,7,2,1,estandar,desayuno,web_intermediaria,UK,flexible,total,94.45,0,0,0,1
4284,2024-11-13,2025-05-13,181,6,2,0,suite,desayuno,empresa,UK,no_reembolsable,total,164.94,0,0,0,1
2934,2024-11-13,2025-03-16,123,3,2,0,estandar,desayuno,web_intermediaria,DE,flexible,parcial,86.01,1,0,0,1
2661,2024-11-13,2025-03-17,124,4,4,1,superior,desayuno,web_intermediaria,ES,flexible,sin_deposito,123.39,0,0,0,1
2999,2024-11-13,2025-01-17,65,3,2,2,estandar,desayuno,web_intermediaria,UK,no_reembolsable,sin_deposito,80.19,0,0,0,0
354,2024-11-13,2024-12-26,43,8,3,0,suite,media_pension,web_intermediaria,ES,flexible,total,215.88,0,0,0,0
1924,2024-11-13,2025-01-08,56,8,2,0,estandar,media_pension,web_intermediaria,UK,flexible,sin_deposito,82.84,1,0,0,1
3261,2024-11-13,2025-01-26,74,2,3,0,superior,solo_alojamiento,agencia,IT,flexible,parcial,129.24,1,1,2,1
3619,2024-11-13,2025-01-02,50,6,1,0,superior,desayuno,web_intermediaria,DE,flexible,sin_deposito,110.39,1,0,0,1
5638,2024-11-13,2025-01-12,60,4,1,2,estandar,desayuno,web_intermediaria,Nordicos,no_reembolsable,sin_deposito,77.86,1,0,0,0
155,2024-11-13,2024-12-19,36,8,2,0,estandar,solo_alojamiento,agencia,FR,flexible,parcial,89.45,0,0,0,1
91,2024-11-13,2025-03-20,127,6,2,3,estandar,todo_incluido,web_intermediaria,UK,no_reembolsable,parcial,94.64,1,0,0,0
2318,2024-11-14,2025-04-07,144,5,2,0,estandar,media_pension,directo,ES,flexible,parcial,67.46,1,0,0,1
140,2024-11-14,2024-12-14,30,4,2,0,suite,todo_incluido,agencia,,flexible,sin_deposito,173.7,1,0,0,1
4765,2024-11-14,2025-01-03,50,9,3,0,familiar,desayuno,web_intermediaria,FR,no_reembolsable,parcial,130.84,0,0,0,1
5521,2024-11-14,2025-01-09,56,5,2,0,superior,desayuno,web_intermediaria,IT,flexible,sin_deposito,122.51,1,0,0,1
5201,2024-11-14,2025-02-09,87,6,2,0,superior,solo_alojamiento,web_intermediaria,ES,no_reembolsable,sin_deposito,121.35,1,0,0,0
2954,2024-11-14,2025-04-03,140,2,3,0,estandar,desayuno,agencia,FR,flexible,parcial,64.75,0,0,0,1
4610,2024-11-14,2024-12-01,17,9,2,1,estandar,desayuno,web_intermediaria,ES,no_reembolsable,sin_deposito,90.79,0,0,0,1
1039,2024-11-14,2024-11-28,14,4,3,0,estandar,desayuno,agencia,DE,no_reembolsable,sin_deposito,71.52,0,0,0,0
3893,2024-11-14,2025-01-03,50,5,1,0,estandar,desayuno,agencia,DE,no_reembolsable,parcial,80.24,0,0,0,1
5803,2024-11-15,2025-02-19,96,5,2,3,estandar,todo_incluido,web_intermediaria,otros,flexible,sin_deposito,76.19,0,0,0,1
5686,2024-11-15,2025-08-19,277,7,2,0,familiar,media_pension,empresa,NL,flexible,sin_deposito,150.38,0,0,0,1
2841,2024-11-15,2024-12-31,46,5,4,2,estandar,todo_incluido,web_intermediaria,ES,flexible,sin_deposito,82.79,0,1,1,1
4878,2024-11-15,2025-04-21,157,9,1,0,superior,media_pension,directo,ES,flexible,sin_deposito,84.8,0,1,0,1
2916,2024-11-15,2025-06-05,202,4,2,0,estandar,media_pension,web_intermediaria,DE,no_reembolsable,parcial,66.24,1,0,0,0
756,2024-11-15,2025-01-30,76,7,2,0,estandar,todo_incluido,agencia,Nordicos,flexible,sin_deposito,92.37,1,0,0,0
5084,2024-11-15,2024-12-12,27,5,2,0,estandar,desayuno,web_intermediaria,ES,flexible,sin_deposito,86.16,0,1,0,1
82,2024-11-15,2024-12-28,43,7,4,0,familiar,solo_alojamiento,web_intermediaria,IT,no_reembolsable,sin_deposito,151.01,2,0,0,0
1992,2024-11-15,2025-01-11,57,5,1,0,familiar,solo_alojamiento,web_intermediaria,NL,flexible,sin_deposito,136.06,0,0,0,0
2565,2024-11-16,2025-03-13,117,8,2,0,estandar,todo_incluido,web_intermediaria,,flexible,total,88.76,1,0,0,1
121,2024-11-16,2024-11-28,12,5,2,0,estandar,todo_incluido,directo,NL,no_reembolsable,sin_deposito,64.36,1,0,0,0
3860,2024-11-16,2025-03-24,128,7,2,0,familiar,solo_alojamiento,web_intermediaria,ES,no_reembolsable,parcial,149.23,1,0,0,0
3104,2024-11-16,2025-01-22,67,6,1,0,estandar,solo_alojamiento,web_intermediaria,ES,flexible,sin_deposito,109.59,0,0,0,1
3081,2024-11-16,2025-03-02,106,6,2,0,estandar,desayuno,empresa,UK,flexible,total,79.59,1,0,0,0
298,2024-11-16,2025-06-11,207,5,3,0,superior,desayuno,web_intermediaria,FR,flexible,parcial,94.75,1,0,0,1
4,2024-11-16,2025-05-10,175,7,4,2,superior,todo_incluido,directo,Nordicos,no_reembolsable,total,89.96,0,0,0,1
1418,2024-11-16,2025-10-02,320,9,1,0,superior,todo_incluido,web_intermediaria,ES,no_reembolsable,sin_deposito,103.17,1,0,0,1
4028,2024-11-17,2024-12-11,24,3,4,0,estandar,media_pension,web_intermediaria,UK,flexible,sin_deposito,94.75,2,0,0,0
3551,2024-11-17,2025-02-08,83,6,2,0,suite,todo_incluido,web_intermediaria,UK,flexible,parcial,160.66,0,0,0,1
3624,2024-11-17,2025-02-28,103,9,3,0,estandar,solo_alojamiento,web_intermediaria,UK,flexible,parcial,87.43,0,0,0,1
1220,2024-11-17,2025-07-13,238,6,4,0,estandar,desayuno,web_intermediaria,Nordicos,flexible,sin_deposito,91.22,0,0,0,1
2078,2024-11-17,2025-05-09,173,2,3,2,superior,desayuno,web_intermediaria,DE,flexible,parcial,95.81,0,0,0,1
3125,2024-11-17,2025-05-05,169,4,3,0,superior,desayuno,agencia,ES,no_reembolsable,sin_deposito,113.01,0,0,0,1
2135,2024-11-17,2025-02-02,77,2,4,2,estandar,solo_alojamiento,directo,ES,flexible,total,90.2,0,1,1,1
3744,2024-11-17,2025-02-18,93,8,3,1,estandar,todo_incluido,web_intermediaria,IT,flexible,parcial,101.36,1,0,0,1
800,2024-11-18,2024-12-05,17,6,2,0,estandar,todo_incluido,web_intermediaria,UK,no_reembolsable,parcial,95.55,0,0,0,0
3356,2024-11-18,2025-04-30,163,4,2,0,suite,media_pension,directo,ES,no_reembolsable,sin_deposito,158.4,0,1,0,0
285,2024-11-18,2025-02-11,85,6,4,0,estandar,media_pension,directo,Nordicos,no_reembolsable,sin_deposito,85.79,1,0,0,0
4416,2024-11-19,2024-12-06,17,8,1,0,estandar,media_pension,directo,ES,no_reembolsable,parcial,91.22,0,1,0,0
2157,2024-11-19,2025-01-17,59,5,3,1,superior,solo_alojamiento,web_intermediaria,Nordicos,no_reembolsable,sin_deposito,112.68,1,1,1,0
935,2024-11-19,2025-04-04,136,4,2,2,estandar,todo_incluido,web_intermediaria,Nordicos,no_reembolsable,total,74.14,0,0,0,0
3489,2024-11-19,2025-03-17,118,5,2,0,estandar,desayuno,web_intermediaria,UK,flexible,sin_deposito,86.31,0,0,0,1
1293,2024-11-19,2025-02-28,101,3,2,0,superior,desayuno,agencia,UK,no_reembolsable,sin_deposito,121.63,1,1,1,0
30,2024-11-19,2025-06-22,215,7,3,1,estandar,todo_incluido,web_intermediaria,IT,flexible,parcial,63.93,0,1,0,0
4529,2024-11-19,2025-06-17,210,3,2,0,estandar,media_pension,agencia,ES,flexible,sin_deposito,66.01,0,0,0,1
2521,2024-11-19,2025-03-02,103,8,1,3,estandar,todo_incluido,empresa,ES,flexible,sin_deposito,89.11,0,0,0,1
3814,2024-11-19,2025-01-19,61,6,2,3,superior,desayuno,web_intermediaria,otros,flexible,sin_deposito,118.13,2,0,0,0
2146,2024-11-20,2025-04-24,155,3,2,1,familiar,desayuno,web_intermediaria,UK,flexible,sin_deposito,111.56,1,0,0,0
5095,2024-11-20,2025-01-28,69,3,1,0,superior,media_pension,agencia,NL,flexible,sin_deposito,110.03,1,1,0,0
4094,2024-11-20,2025-04-27,158,4,2,0,estandar,desayuno,web_intermediaria,IT,no_reembolsable,sin_deposito,69.72,0,1,0,0
5629,2024-11-20,2024-12-17,27,3,2,2,familiar,desayuno,web_intermediaria,DE,flexible,sin_deposito,140.33,0,0,0,0
2802,2024-11-20,2025-04-19,150,5,2,0,suite,todo_incluido,directo,otros,flexible,parcial,118.26,1,0,0,1
689,2024-11-20,2025-02-01,73,5,3,0,estandar,todo_incluido,directo,DE,flexible,sin_deposito,82.64,4,0,0,0
1729,2024-11-20,2025-03-02,102,3,2,1,estandar,desayuno,web_intermediaria,ES,flexible,parcial,87.51,1,0,0,0
3812,2024-11-20,2025-04-16,147,6,1,0,estandar,solo_alojamiento,web_intermediaria,otros,flexible,parcial,75.27,2,0,0,1
1263,2024-11-20,2025-01-23,64,13,2,1,familiar,todo_incluido,web_intermediaria,DE,flexible,total,157.97,1,0,0,0
869,2024-11-21,2025-04-09,139,7,4,0,estandar,desayuno,web_intermediaria,otros,flexible,sin_deposito,71.25,1,0,0,1
3601,2024-11-21,2024-12-09,18,8,3,0,estandar,media_pension,directo,Nordicos,no_reembolsable,sin_deposito,90.83,0,0,0,1
47,2024-11-21,2024-12-12,21,8,3,0,estandar,todo_incluido,directo,ES,no_reembolsable,sin_deposito,81.08,0,0,0,0
2860,2024-11-21,2024-12-12,21,8,1,0,superior,media_pension,web_intermediaria,Nordicos,no_reembolsable,sin_deposito,131.33,2,0,0,0
4004,2024-11-21,2025-02-04,75,9,1,0,superior,media_pension,web_intermediaria,otros,no_reembolsable,parcial,131.05,0,0,0,1
4942,2024-11-21,2025-08-08,260,8,3,2,familiar,todo_incluido,web_intermediaria,UK,flexible,sin_deposito,147.59,0,0,0,1
4465,2024-11-21,2025-01-22,62,4,2,0,familiar,media_pension,directo,UK,flexible,sin_deposito,126.69,1,0,0,1
3780,2024-11-21,2025-01-29,69,4,2,0,superior,desayuno,web_intermediaria,ES,no_reembolsable,parcial,112.76,2,0,0,0
923,2024-11-21,2025-07-20,241,5,2,0,familiar,media_pension,directo,DE,no_reembolsable,parcial,123.64,0,1,1,1
4297,2024-11-21,2025-02-11,82,6,4,0,estandar,desayuno,web_intermediaria,Nordicos,flexible,total,77.32,0,0,0,0
5172,2024-11-21,2025-02-18,89,8,2,0,estandar,desayuno,web_intermediaria,IT,flexible,total,65.46,1,0,0,1
5534,2024-11-21,2025-03-25,124,7,1,1,estandar,todo_incluido,web_intermediaria,UK,flexible,parcial,93.22,0,0,0,1
4545,2024-11-21,2025-05-01,161,5,2,0,familiar,media_pension,directo,UK,flexible,total,113.02,2,0,0,0
186,2024-11-21,2025-03-10,109,7,3,2,suite,todo_incluido,directo,ES,flexible,parcial,197.06,2,0,0,0
2735,2024-11-22,2025-02-08,78,8,2,0,estandar,todo_incluido,web_intermediaria,DE,no_reembolsable,sin_deposito,83.89,0,0,0,0
1643,2024-11-22,2025-03-30,128,3,2,0,estandar,desayuno,directo,ES,no_reembolsable,sin_deposito,79.27,1,0,0,0
5344,2024-11-22,2025-08-29,280,4,4,1,superior,desayuno,empresa,UK,flexible,total,105.2,0,0,0,1
3616,2024-11-22,2025-01-27,66,8,2,0,familiar,desayuno,agencia,UK,flexible,sin_deposito,145.62,0,0,0,0
3556,2024-11-22,2024-12-25,33,7,4,0,familiar,media_pension,agencia,UK,flexible,sin_deposito,116.89,0,0,0,0
219,2024-11-22,2025-01-22,61,6,4,0,familiar,solo_alojamiento,agencia,DE,flexible,sin_deposito,130.31,0,1,0,0
267,2024-11-22,2025-06-02,192,4,1,3,estandar,todo_incluido,agencia,UK,flexible,total,63.66,0,1,0,1
2382,2024-11-23,2024-12-27,34,7,2,0,estandar,desayuno,web_intermediaria,DE,flexible,parcial,79.7,0,0,0,0
1319,2024-11-23,2025-03-07,104,5,1,0,estandar,media_pension,web_intermediaria,otros,flexible,sin_deposito,93.17,2,0,0,1
883,2024-11-23,2025-02-22,91,4,4,0,familiar,solo_alojamiento,web_intermediaria,UK,flexible,total,133.17,0,0,0,0
1473,2024-11-23,2025-03-08,105,6,2,0,superior,todo_incluido,web_intermediaria,IT,no_reembolsable,total,133.47,0,0,0,0
1092,2024-11-23,2025-02-07,76,7,2,0,estandar,desayuno,web_intermediaria,otros,no_reembolsable,parcial,82.1,3,0,0,1
1184,2024-11-23,2025-02-12,81,4,1,0,familiar,media_pension,directo,otros,flexible,sin_deposito,129.5,1,1,0,1
3080,2024-11-23,2024-12-02,9,4,1,0,superior,desayuno,agencia,UK,no_reembolsable,sin_deposito,126.06,3,0,0,0
4322,2024-11-23,2025-02-25,94,9,2,0,familiar,desayuno,agencia,otros,flexible,sin_deposito,128.53,1,0,0,0
3747,2024-11-23,2025-01-10,48,3,2,1,estandar,todo_incluido,directo,ES,no_reembolsable,sin_deposito,89.67,0,0,0,0
4144,2024-11-23,2024-12-06,13,3,4,0,estandar,desayuno,agencia,ES,flexible,sin_deposito,87.72,2,0,0,0
20,2024-11-24,2025-02-05,73,3,2,2,suite,todo_incluido,directo,DE,no_reembolsable,total,218.29,0,0,0,0
2040,2024-11-24,2024-12-31,37,10,2,2,estandar,todo_incluido,directo,ES,flexible,sin_deposito,96.34,2,0,0,1
1331,2024-11-24,2025-01-10,47,3,2,0,superior,solo_alojamiento,web_intermediaria,FR,flexible,sin_deposito,138.8,0,1,1,1
3500,2024-11-24,2025-02-06,74,4,4,0,superior,desayuno,directo,NL,flexible,total,115.16,2,0,0,0
2217,2024-11-24,2025-01-03,40,3,1,2,superior,solo_alojamiento,empresa,UK,flexible,sin_deposito,107.19,1,0,0,1
3666,2024-11-24,2024-12-13,19,5,3,1,familiar,desayuno,directo,DE,flexible,sin_deposito,114.55,0,0,0,0
1057,2024-11-24,2024-12-05,11,5,4,2,familiar,todo_incluido,web_intermediaria,otros,flexible,parcial,141.59,1,0,0,0
214,2024-11-24,2025-02-04,72,7,2,1,superior,media_pension,web_intermediaria,UK,flexible,total,118.1,1,0,0,0
1890,2024-11-24,2025-01-15,52,7,2,1,suite,desayuno,agencia,,flexible,sin_deposito,195.08,0,1,0,0
4227,2024-11-24,2024-12-05,11,5,2,0,familiar,desayuno,web_intermediaria,otros,flexible,total,126.52,0,0,0,0
2435,2024-11-24,2025-06-22,210,5,2,2,estandar,solo_alojamiento,directo,DE,flexible,sin_deposito,63.96,1,0,0,1
1373,2024-11-24,2025-01-10,47,8,2,0,superior,solo_alojamiento,web_intermediaria,,no_reembolsable,sin_deposito,117.62,0,0,0,1
31,2024-11-24,2025-10-07,317,7,1,2,superior,desayuno,agencia,ES,no_reembolsable,total,100.48,0,0,0,1
5664,2024-11-25,2025-01-05,41,4,2,0,estandar,todo_incluido,web_intermediaria,UK,flexible,parcial,77.39,0,0,0,1
5178,2024-11-25,2025-07-10,227,11,2,0,suite,desayuno,agencia,DE,flexible,parcial,209.91,2,0,0,1
1919,2024-11-25,2024-12-21,26,7,2,1,familiar,desayuno,web_intermediaria,UK,flexible,total,152.46,0,0,0,1
3817,2024-11-25,2024-12-18,23,3,2,0,superior,media_pension,agencia,NL,flexible,total,116.3,3,0,0,0
5607,2024-11-25,2025-03-27,122,4,1,0,estandar,desayuno,web_intermediaria,otros,flexible,sin_deposito,87.62,1,1,0,1
3981,2024-11-25,2025-09-21,300,7,2,0,estandar,desayuno,web_intermediaria,UK,flexible,parcial,61.55,2,0,0,1
2578,2024-11-25,2025-01-15,51,4,1,1,estandar,todo_incluido,directo,UK,no_reembolsable,parcial,83.0,1,0,0,0
3143,2024-11-25,2025-01-11,47,3,2,0,estandar,todo_incluido,directo,IT,flexible,sin_deposito,83.45,0,0,0,1
4759,2024-11-25,2025-02-18,85,6,2,0,estandar,media_pension,web_intermediaria,DE,no_reembolsable,sin_deposito,88.15,0,1,1,1
4106,2024-11-26,2025-01-17,52,3,3,1,estandar,todo_incluido,web_intermediaria,ES,flexible,parcial,90.05,1,0,0,0
4047,2024-11-26,2025-02-20,86,5,2,0,suite,todo_incluido,web_intermediaria,ES,flexible,sin_deposito,219.05,2,0,0,1
2047,2024-11-26,2025-07-05,221,4,2,0,estandar,todo_incluido,directo,,flexible,parcial,91.07,1,0,0,1
4444,2024-11-26,2025-02-19,85,4,1,0,estandar,desayuno,directo,UK,flexible,sin_deposito,81.57,0,1,0,0
833,2024-11-26,2025-03-04,98,3,2,3,familiar,todo_incluido,agencia,otros,flexible,parcial,133.91,3,0,0,0
2243,2024-11-26,2025-04-29,154,4,2,0,estandar,todo_incluido,web_intermediaria,UK,flexible,sin_deposito,69.58,1,0,0,1
2645,2024-11-26,2024-12-28,32,3,2,0,familiar,todo_incluido,web_intermediaria,ES,no_reembolsable,sin_deposito,130.61,1,1,0,1
3453,2024-11-26,2024-12-12,16,6,2,2,superior,solo_alojamiento,empresa,ES,no_reembolsable,total,129.65,0,0,0,0
5310,2024-11-26,2025-02-04,70,3,1,0,estandar,solo_alojamiento,web_intermediaria,UK,no_reembolsable,parcial,107.34,0,0,0,1
1368,2024-11-26,2025-03-05,99,3,2,3,estandar,media_pension,agencia,UK,no_reembolsable,sin_deposito,78.47,1,1,0,0
3587,2024-11-26,2025-04-26,151,6,3,0,estandar,desayuno,directo,DE,flexible,sin_deposito,65.44,1,0,0,0
2205,2024-11-27,2025-02-04,69,6,2,3,superior,solo_alojamiento,web_intermediaria,UK,no_reembolsable,total,121.67,1,0,0,0
2391,2024-11-27,2025-02-03,68,9,2,1,estandar,media_pension,web_intermediaria,ES,flexible,sin_deposito,94.24,0,0,0,1
1853,2024-11-27,2025-01-13,47,3,2,0,estandar,todo_incluido,web_intermediaria,DE,no_reembolsable,sin_deposito,85.96,0,0,0,1
4025,2024-11-27,2025-06-13,198,2,1,1,familiar,desayuno,web_intermediaria,ES,no_reembolsable,sin_deposito,123.78,1,0,0,1
792,2024-11-27,2024-12-10,13,4,2,0,familiar,desayuno,directo,UK,no_reembolsable,sin_deposito,132.28,0,0,0,0
506,2024-11-27,2025-02-06,71,4,4,1,familiar,desayuno,directo,DE,flexible,total,123.13,2,1,2,0
3397,2024-11-27,2024-12-07,10,3,1,0,estandar,todo_incluido,web_intermediaria,UK,no_reembolsable,parcial,99.46,1,1,0,0
2337,2024-11-27,2025-06-01,186,5,2,0,estandar,media_pension,web_intermediaria,DE,flexible,sin_deposito,70.78,0,0,0,1
5579,2024-11-27,2025-01-23,57,8,2,2,superior,solo_alojamiento,directo,UK,flexible,parcial,105.27,0,0,0,0
1803,2024-11-27,2025-01-28,62,2,1,2,superior,desayuno,web_intermediaria,DE,flexible,sin_deposito,109.82,0,1,0,0
1566,2024-11-27,2025-02-19,84,5,1,0,superior,media_pension,web_intermediaria,Nordicos,no_reembolsable,total,120.17,0,1,2,0
4424,2024-11-28,2025-05-30,183,3,2,2,estandar,desayuno,agencia,ES,flexible,sin_deposito,61.8,1,0,0,1
1458,2024-11-28,2025-01-13,46,3,2,1,estandar,todo_incluido,web_intermediaria,ES,flexible,total,87.22,0,0,0,0
3884,2024-11-28,2024-12-19,21,7,3,0,estandar,desayuno,empresa,DE,flexible,parcial,77.63,1,0,0,0
537,2024-11-28,2025-02-21,85,6,2,0,superior,desayuno,web_intermediaria,UK,flexible,parcial,104.44,0,0,0,1
3443,2024-11-28,2025-02-18,82,6,1,0,estandar,todo_incluido,directo,NL,no_reembolsable,parcial,87.42,1,0,0,0
222,2024-11-28,2025-03-26,118,5,2,0,estandar,desayuno,web_intermediaria,UK,no_reembolsable,total,82.08,0,0,0,0
1743,2024-11-28,2025-06-01,185,5,2,0,superior,desayuno,web_intermediaria,ES,flexible,total,99.05,0,0,0,0
2991,2024-11-28,2025-06-27,211,4,2,0,estandar,media_pension,directo,ES,flexible,sin_deposito,71.71,0,1,0,1
205,2024-11-29,2025-04-08,130,2,2,2,superior,media_pension,web_intermediaria,UK,flexible,sin_deposito,93.53,1,0,0,1
2846,2024-11-29,2025-02-14,77,3,2,0,estandar,todo_incluido,web_intermediaria,UK,no_reembolsable,sin_deposito,88.7,1,0,0,0
2845,2024-11-29,2025-02-06,69,6,2,1,suite,todo_incluido,agencia,DE,no_reembolsable,parcial,191.81,1,0,0,0
5206,2024-11-29,2025-02-04,67,3,4,0,estandar,media_pension,agencia,FR,flexible,sin_deposito,77.12,1,0,0,1
2180,2024-11-29,2025-01-13,45,5,4,2,suite,solo_alojamiento,web_intermediaria,Nordicos,no_reembolsable,sin_deposito,172.27,0,0,0,0
5830,2024-11-29,2025-06-06,189,1,2,0,estandar,todo_incluido,web_intermediaria,Nordicos,flexible,sin_deposito,69.35,0,0,0,1
4050,2024-11-29,2024-12-23,24,10,3,2,familiar,desayuno,web_intermediaria,UK,flexible,sin_deposito,150.88,1,0,0,1
871,2024-11-29,2025-01-06,38,8,2,1,superior,desayuno,agencia,NL,no_reembolsable,sin_deposito,124.57,1,0,0,1
5137,2024-11-30,2025-03-07,97,8,3,0,estandar,todo_incluido,web_intermediaria,ES,flexible,total,86.45,1,0,0,1
798,2024-11-30,2025-06-11,193,6,2,0,estandar,todo_incluido,web_intermediaria,ES,no_reembolsable,sin_deposito,80.7,0,0,0,1
4526,2024-11-30,2025-01-17,48,4,2,2,estandar,todo_incluido,agencia,ES,flexible,sin_deposito,84.46,1,0,0,1
916,2024-11-30,2024-12-31,31,5,4,0,estandar,media_pension,web_intermediaria,Nordicos,no_reembolsable,sin_deposito,93.59,0,0,0,0
2004,2024-11-30,2025-01-16,47,9,4,0,superior,desayuno,web_intermediaria,FR,flexible,sin_deposito,122.79,0,0,0,1
1555,2024-11-30,2025-09-06,280,8,1,0,estandar,desayuno,web_intermediaria,ES,no_reembolsable,parcial,69.23,1,0,0,1
5744,2024-11-30,2025-07-07,219,8,1,0,superior,todo_incluido,web_intermediaria,otros,flexible,sin_deposito,109.14,1,0,0,1
5720,2024-11-30,2025-06-01,183,6,2,2,familiar,todo_incluido,web_intermediaria,DE,flexible,parcial,104.05,1,0,0,1
4179,2024-12-01,2024-12-15,14,3,1,2,estandar,todo_incluido,web_intermediaria,DE,flexible,sin_deposito,85.66,1,0,0,1
5472,2024-12-01,2025-02-07,68,5,2,0,suite,todo_incluido,web_intermediaria,UK,flexible,parcial,200.45,0,0,0,0
114,2024-12-01,2025-03-22,111,7,2,2,superior,todo_incluido,directo,ES,flexible,sin_deposito,112.75,0,0,0,1
905,2024-12-01,2025-01-08,38,5,2,0,suite,todo_incluido,directo,UK,no_reembolsable,parcial,217.38,0,0,0,1
3016,2024-12-01,2025-01-22,52,3,2,0,estandar,media_pension,directo,otros,flexible,total,96.49,3,0,0,0
2507,2024-12-01,2025-03-16,105,5,1,0,suite,todo_incluido,agencia,DE,no_reembolsable,sin_deposito,205.92,0,0,0,0
5585,2024-12-01,2025-04-23,143,3,2,2,suite,solo_alojamiento,web_intermediaria,FR,no_reembolsable,sin_deposito,157.9,0,0,0,0
335,2024-12-01,2025-06-16,197,6,2,0,estandar,todo_incluido,agencia,ES,flexible,sin_deposito,77.31,0,0,0,1
3132,2024-12-02,2025-01-08,37,4,2,0,familiar,desayuno,web_intermediaria,ES,flexible,sin_deposito,125.58,0,0,0,1
1213,2024-12-02,2025-02-04,64,1,3,0,estandar,desayuno,web_intermediaria,Nordicos,no_reembolsable,parcial,80.85,1,1,0,0
2274,2024-12-02,2024-12-30,28,6,3,0,familiar,desayuno,web_intermediaria,ES,no_reembolsable,sin_deposito,147.27,0,0,0,0
647,2024-12-02,2025-01-03,32,1,3,0,superior,todo_incluido,web_intermediaria,DE,no_reembolsable,parcial,128.73,0,0,0,0
2020,2024-12-02,2025-08-16,257,3,4,0,superior,desayuno,web_intermediaria,ES,flexible,sin_deposito,120.29,0,0,0,1
1520,2024-12-02,2025-01-09,38,2,2,0,estandar,desayuno,web_intermediaria,UK,flexible,parcial,85.84,1,0,0,0
5666,2024-12-03,2025-01-13,41,4,2,0,familiar,media_pension,agencia,DE,flexible,parcial,128.88,0,0,0,0
73,2024-12-03,2025-05-06,154,4,3,0,suite,solo_alojamiento,directo,ES,flexible,parcial,138.01,2,0,0,1
4323,2024-12-03,2025-03-14,101,9,3,0,suite,media_pension,empresa,NL,no_reembolsable,parcial,200.86,0,0,0,1
612,2024-12-03,2024-12-24,21,10,4,0,estandar,desayuno,directo,UK,flexible,sin_deposito,76.96,2,0,0,1
4742,2024-12-03,2025-01-10,38,6,2,0,estandar,desayuno,web_intermediaria,DE,no_reembolsable,total,84.7,1,0,0,0
939,2024-12-03,2025-01-23,51,8,2,0,estandar,desayuno,web_intermediaria,UK,flexible,sin_deposito,89.0,0,0,0,1
2189,2024-12-03,2025-02-01,60,4,4,0,estandar,todo_incluido,agencia,ES,flexible,total,106.04,0,0,0,0
5213,2024-12-03,2025-02-02,61,6,2,0,estandar,solo_alojamiento,web_intermediaria,UK,no_reembolsable,sin_deposito,86.04,0,0,0,1
485,2024-12-03,2025-10-21,322,4,2,0,superior,desayuno,agencia,UK,flexible,parcial,102.95,0,0,0,1
2730,2024-12-03,2025-04-26,144,7,2,0,estandar,desayuno,web_intermediaria,ES,no_reembolsable,parcial,62.87,0,0,0,0
5022,2024-12-03,2025-09-14,285,5,3,0,superior,desayuno,directo,ES,no_reembolsable,sin_deposito,95.04,3,0,0,1
2582,2024-12-03,2025-01-10,38,5,3,1,estandar,todo_incluido,web_intermediaria,DE,flexible,total,89.18,0,0,0,0
4167,2024-12-03,2025-03-21,108,3,2,0,superior,todo_incluido,web_intermediaria,UK,no_reembolsable,sin_deposito,104.9,1,0,0,1
176,2024-12-03,2025-05-31,179,7,2,0,estandar,desayuno,web_intermediaria,otros,no_reembolsable,parcial,67.71,0,0,0,1
2716,2024-12-04,2025-06-04,182,5,1,0,superior,solo_alojamiento,directo,UK,flexible,sin_deposito,100.3,1,0,0,0
5713,2024-12-04,2025-03-07,93,4,4,1,superior,media_pension,directo,NL,no_reembolsable,parcial,118.45,1,1,1,0
231,2024-12-04,2025-03-28,114,5,2,1,familiar,media_pension,agencia,FR,flexible,sin_deposito,122.74,1,0,0,1
2409,2024-12-04,2025-02-14,72,5,4,0,estandar,solo_alojamiento,web_intermediaria,Nordicos,flexible,sin_deposito,92.46,0,0,0,1
2465,2024-12-04,2024-12-22,18,8,3,1,suite,todo_incluido,web_intermediaria,DE,no_reembolsable,sin_deposito,177.83,0,0,0,1
2077,2024-12-04,2025-01-21,48,7,2,0,superior,todo_incluido,empresa,UK,flexible,parcial,114.02,0,0,0,1
3954,2024-12-04,2024-12-17,13,5,2,0,estandar,todo_incluido,directo,Nordicos,flexible,sin_deposito,92.41,0,0,0,0
3292,2024-12-04,2025-02-09,67,9,3,0,superior,media_pension,directo,ES,no_reembolsable,sin_deposito,122.65,3,0,0,0
3631,2024-12-04,2025-04-10,127,7,2,0,suite,desayuno,web_intermediaria,NL,no_reembolsable,sin_deposito,155.41,0,0,0,1
5118,2024-12-04,2025-07-01,209,4,2,0,familiar,desayuno,web_intermediaria,ES,no_reembolsable,sin_deposito,125.74,0,0,0,1
2354,2024-12-05,2025-02-14,71,6,2,1,superior,solo_alojamiento,directo,ES,no_reembolsable,sin_deposito,122.74,0,0,0,0
1248,2024-12-05,2025-04-28,144,5,2,0,estandar,desayuno,web_intermediaria,IT,flexible,parcial,63.05,1,0,0,1
1954,2024-12-05,2025-02-01,58,3,1,0,suite,desayuno,directo,UK,no_reembolsable,total,218.81,0,0,0,0
5654,2024-12-05,2025-04-24,140,5,2,0,estandar,desayuno,web_intermediaria,ES,no_reembolsable,total,76.47,0,0,0,1
5274,2024-12-05,2025-02-13,70,6,3,0,superior,desayuno,web_intermediaria,UK,flexible,sin_deposito,129.45,0,0,0,1
1075,2024-12-06,2025-04-21,136,4,3,0,estandar,desayuno,directo,ES,no_reembolsable,parcial,65.13,0,0,0,0
2644,2024-12-06,2025-03-05,89,5,2,2,familiar,media_pension,agencia,ES,no_reembolsable,sin_deposito,138.13,0,0,0,1
277,2024-12-06,2025-02-24,80,7,2,2,estandar,solo_alojamiento,directo,DE,flexible,total,90.62,0,0,0,0
54,2024-12-06,2025-02-12,68,4,2,0,superior,media_pension,directo,UK,no_reembolsable,sin_deposito,110.78,3,0,0,0
4180,2024-12-06,2025-05-23,168,5,1,0,superior,todo_incluido,agencia,ES,flexible,parcial,92.67,0,1,1,1
710,2024-12-06,2025-04-20,135,8,2,0,familiar,media_pension,web_intermediaria,otros,no_reembolsable,sin_deposito,96.83,1,1,1,0
1499,2024-12-07,2025-12-10,368,7,2,1,estandar,solo_alojamiento,directo,DE,flexible,parcial,88.88,2,0,0,1
3286,2024-12-07,2025-05-04,148,6,3,0,estandar,todo_incluido,directo,UK,flexible,total,75.83,1,0,0,0
4343,2024-12-07,2025-02-16,71,5,2,1,superior,solo_alojamiento,directo,ES,no_reembolsable,sin_deposito,120.85,0,0,0,1
2527,2024-12-07,2024-12-21,14,4,2,0,estandar,desayuno,directo,UK,no_reembolsable,parcial,89.3,2,0,0,0
5412,2024-12-07,2025-01-26,50,6,2,0,estandar,media_pension,directo,FR,flexible,sin_deposito,85.56,0,0,0,0
4481,2024-12-07,2025-04-14,128,3,1,0,estandar,desayuno,directo,FR,no_reembolsable,sin_deposito,62.66,2,0,0,0
1768,2024-12-07,2025-11-21,349,5,2,0,familiar,media_pension,web_intermediaria,otros,flexible,sin_deposito,106.88,1,0,0,1
4807,2024-12-07,2024-12-14,7,6,2,1,superior,solo_alojamiento,agencia,ES,flexible,total,113.53,1,0,0,0
1802,2024-12-07,2025-01-01,25,9,4,0,estandar,desayuno,empresa,NL,flexible,total,84.98,1,0,0,1
3560,2024-12-07,2025-02-01,56,7,4,2,estandar,media_pension,web_intermediaria,ES,no_reembolsable,sin_deposito,76.12,0,0,0,1
3662,2024-12-07,2025-04-06,120,10,2,0,estandar,media_pension,agencia,ES,no_reembolsable,parcial,67.14,1,0,0,1
5340,2024-12-07,2025-01-31,55,6,3,0,familiar,todo_incluido,web_intermediaria,UK,no_reembolsable,total,134.96,2,0,0,1
474,2024-12-07,2025-02-23,78,7,3,0,estandar,desayuno,agencia,ES,flexible,sin_deposito,88.19,2,1,1,0
4867,2024-12-07,2024-12-30,23,4,2,0,superior,desayuno,empresa,otros,no_reembolsable,sin_deposito,134.58,1,0,0,0
3090,2024-12-07,2025-05-02,146,6,1,0,superior,desayuno,directo,Nordicos,flexible,parcial,97.78,0,0,0,0
4485,2024-12-08,2025-01-20,43,4,2,0,estandar,media_pension,web_intermediaria,UK,no_reembolsable,sin_deposito,91.89,1,0,0,0
1968,2024-12-08,2025-05-21,164,6,2,0,estandar,media_pension,agencia,UK,no_reembolsable,sin_deposito,72.45,1,0,0,0
1712,2024-12-08,2025-07-03,207,1,2,0,estandar,desayuno,web_intermediaria,NL,no_reembolsable,sin_deposito,75.82,0,0,0,1
1697,2024-12-08,2025-03-10,92,4,2,0,familiar,desayuno,agencia,Nordicos,no_reembolsable,sin_deposito,141.48,2,0,0,0
3139,2024-12-08,2025-04-17,130,5,4,0,estandar,solo_alojamiento,directo,ES,no_reembolsable,sin_deposito,69.4,0,0,0,1
5907,2024-12-08,2025-01-21,44,6,2,0,estandar,todo_incluido,web_intermediaria,DE,flexible,sin_deposito,84.65,1,1,2,1
2976,2024-12-08,2025-03-27,109,6,2,0,suite,media_pension,agencia,IT,no_reembolsable,sin_deposito,206.72,1,0,0,0
5942,2024-12-08,2025-02-18,72,3,3,0,estandar,media_pension,web_intermediaria,UK,flexible,sin_deposito,90.93,0,0,0,1
70,2024-12-08,2025-04-16,129,6,1,0,estandar,solo_alojamiento,agencia,UK,flexible,sin_deposito,69.51,0,0,0,1
1102,2024-12-08,2025-02-22,76,2,2,0,estandar,solo_alojamiento,web_intermediaria,ES,flexible,parcial,80.56,1,1,0,1
367,2024-12-08,2025-03-01,83,4,2,0,estandar,media_pension,web_intermediaria,ES,no_reembolsable,sin_deposito,73.34,0,0,0,0
5769,2024-12-08,2025-03-30,112,8,2,0,estandar,todo_incluido,agencia,ES,flexible,sin_deposito,79.11,1,0,0,0
1431,2024-12-09,2025-03-30,111,7,1,0,estandar,solo_alojamiento,directo,NL,no_reembolsable,total,98.74,1,0,0,0
2454,2024-12-09,2025-01-07,29,2,4,2,superior,solo_alojamiento,web_intermediaria,DE,no_reembolsable,total,122.66,0,0,0,0
4417,2024-12-09,2025-02-22,75,7,4,1,estandar,solo_alojamiento,directo,,flexible,parcial,87.61,0,0,0,0
2549,2024-12-09,2025-03-31,112,8,2,1,estandar,todo_incluido,directo,Nordicos,flexible,sin_deposito,88.2,0,0,0,1
124,2024-12-09,2024-12-26,17,4,3,0,superior,todo_incluido,directo,ES,flexible,sin_deposito,129.43,2,0,0,0
4707,2024-12-09,2025-02-07,60,6,1,0,superior,desayuno,directo,Nordicos,flexible,parcial,122.89,0,0,0,0
4606,2024-12-10,2025-03-22,102,2,1,1,superior,media_pension,web_intermediaria,ES,flexible,sin_deposito,118.53,1,0,0,1
109,2024-12-10,2025-01-13,34,4,2,2,estandar,desayuno,directo,UK,flexible,sin_deposito,79.76,1,0,0,0
2913,2024-12-10,2024-12-12,2,5,2,1,superior,solo_alojamiento,empresa,DE,flexible,sin_deposito,111.72,0,0,0,1
3636,2024-12-10,2025-04-10,121,6,2,0,superior,todo_incluido,directo,DE,flexible,total,93.04,2,0,0,0
3938,2024-12-10,2025-03-02,82,6,3,0,estandar,desayuno,directo,NL,no_reembolsable,parcial,84.24,0,0,0,0
5354,2024-12-10,2025-08-08,241,6,4,0,estandar,todo_incluido,agencia,UK,no_reembolsable,parcial,79.85,0,1,0,1
5872,2024-12-10,2025-01-07,28,2,2,0,familiar,desayuno,directo,Nordicos,no_reembolsable,parcial,155.51,0,0,0,0
3123,2024-12-10,2025-01-31,52,6,4,2,superior,todo_incluido,directo,DE,flexible,sin_deposito,117.53,1,0,0,0
5348,2024-12-10,2024-12-23,13,2,2,0,superior,desayuno,web_intermediaria,ES,flexible,sin_deposito,115.09,0,0,0,1
5491,2024-12-11,2025-07-11,212,5,2,0,estandar,desayuno,web_intermediaria,ES,flexible,parcial,84.05,0,0,0,1
2026,2024-12-11,2025-01-28,48,8,1,2,familiar,media_pension,agencia,ES,flexible,sin_deposito,139.77,1,0,0,1
290,2024-12-11,2025-03-19,98,6,2,0,suite,todo_incluido,web_intermediaria,DE,no_reembolsable,parcial,211.48,3,0,0,1
5992,2024-12-11,2025-05-21,161,6,2,1,estandar,media_pension,web_intermediaria,ES,flexible,parcial,78.78,0,0,0,0
1789,2024-12-11,2025-01-23,43,8,3,0,superior,todo_incluido,agencia,DE,no_reembolsable,sin_deposito,111.85,1,0,0,0
3410,2024-12-11,2025-02-13,64,9,3,2,familiar,solo_alojamiento,directo,ES,flexible,parcial,145.41,1,0,0,0
2395,2024-12-11,2025-04-03,113,6,2,0,superior,media_pension,web_intermediaria,otros,flexible,sin_deposito,95.2,1,0,0,0
4116,2024-12-12,2025-09-25,287,6,3,0,estandar,desayuno,directo,NL,flexible,parcial,72.32,0,0,0,1
2463,2024-12-12,2025-04-19,128,4,1,2,estandar,desayuno,web_intermediaria,otros,no_reembolsable,parcial,75.51,1,0,0,1
2459,2024-12-12,2025-02-14,64,3,2,0,estandar,todo_incluido,agencia,otros,flexible,sin_deposito,82.57,0,0,0,1
5857,2024-12-12,2025-04-27,136,3,2,0,estandar,media_pension,web_intermediaria,UK,flexible,sin_deposito,71.32,1,0,0,0
3451,2024-12-12,2025-03-11,89,5,2,1,estandar,desayuno,web_intermediaria,otros,flexible,total,89.32,1,0,0,0
3874,2024-12-12,2025-03-09,87,5,2,0,estandar,desayuno,directo,,no_reembolsable,sin_deposito,97.66,0,0,0,0
974,2024-12-12,2025-01-10,29,8,4,0,superior,desayuno,web_intermediaria,ES,no_reembolsable,parcial,132.88,0,0,0,1
3990,2024-12-12,2025-03-01,79,6,2,0,estandar,desayuno,agencia,IT,flexible,sin_deposito,89.99,0,0,0,0
944,2024-12-12,2025-03-08,86,2,4,2,superior,media_pension,directo,ES,no_reembolsable,parcial,121.84,0,1,1,0
2239,2024-12-13,2025-02-18,67,8,4,0,familiar,solo_alojamiento,directo,IT,no_reembolsable,parcial,130.53,0,0,0,0
5561,2024-12-13,2025-01-31,49,5,2,0,estandar,media_pension,web_intermediaria,Nordicos,no_reembolsable,total,83.98,0,1,1,0
5631,2024-12-13,2025-02-02,51,4,1,0,familiar,desayuno,web_intermediaria,UK,flexible,sin_deposito,144.46,0,0,0,0
2980,2024-12-13,2025-04-09,117,1,1,3,superior,todo_incluido,web_intermediaria,Nordicos,flexible,sin_deposito,86.09,3,1,1,0
519,2024-12-13,2025-04-19,127,4,3,2,estandar,todo_incluido,web_intermediaria,UK,flexible,parcial,67.27,0,0,0,1
1541,2024-12-13,2025-04-21,129,5,2,0,superior,media_pension,web_intermediaria,ES,flexible,total,95.79,1,1,1,0
709,2024-12-13,2025-01-12,30,2,2,0,superior,todo_incluido,web_intermediaria,ES,flexible,sin_deposito,133.08,0,0,0,0
3498,2024-12-13,2025-02-18,67,6,2,0,estandar,todo_incluido,agencia,ES,flexible,sin_deposito,85.26,2,0,0,1
2456,2024-12-13,2025-02-23,72,4,2,0,superior,desayuno,web_intermediaria,ES,flexible,total,141.68,3,0,0,0
5133,2024-12-13,2025-03-12,89,6,3,0,estandar,todo_incluido,directo,ES,flexible,sin_deposito,95.08,0,0,0,0
1420,2024-12-13,2025-02-08,57,2,1,0,familiar,desayuno,web_intermediaria,otros,flexible,total,148.59,0,0,0,1
76,2024-12-13,2025-04-19,127,4,3,0,suite,solo_alojamiento,directo,UK,flexible,parcial,161.92,0,0,0,1
5147,2024-12-13,2025-02-12,61,5,3,0,superior,media_pension,empresa,Nordicos,no_reembolsable,parcial,124.85,1,1,0,0
2960,2024-12-14,2025-01-21,38,8,2,2,suite,todo_incluido,web_intermediaria,ES,flexible,sin_deposito,173.96,1,0,0,1
1795,2024-12-14,2025-05-19,156,2,2,0,superior,desayuno,directo,Nordicos,flexible,total,95.57,0,0,0,1
4726,2024-12-14,2025-02-17,65,7,4,0,estandar,solo_alojamiento,web_intermediaria,UK,no_reembolsable,sin_deposito,83.93,1,0,0,0
1202,2024-12-14,2025-03-24,100,5,1,0,familiar,solo_alojamiento,web_intermediaria,ES,flexible,sin_deposito,130.15,2,0,0,1
622,2024-12-14,2025-10-22,312,9,2,0,familiar,media_pension,directo,ES,no_reembolsable,sin_deposito,96.61,2,0,0,1
3846,2024-12-14,2025-01-06,23,4,2,0,estandar,desayuno,agencia,ES,flexible,parcial,82.64,0,0,0,0
3138,2024-12-14,2025-04-10,117,7,4,0,estandar,desayuno,directo,DE,flexible,total,71.05,1,0,0,0
4453,2024-12-14,2025-05-27,164,7,2,2,estandar,media_pension,web_intermediaria,UK,flexible,parcial,75.64,0,1,1,1
973,2024-12-14,2025-01-04,21,3,1,0,familiar,desayuno,agencia,DE,flexible,parcial,136.89,0,1,0,0
3971,2024-12-14,2025-03-16,92,13,2,0,suite,desayuno,web_intermediaria,Nordicos,flexible,sin_deposito,205.17,0,0,0,0
3056,2024-12-15,2025-01-30,46,3,2,0,superior,desayuno,web_intermediaria,UK,flexible,sin_deposito,130.79,0,0,0,0
1799,2024-12-15,2025-02-12,59,5,2,0,suite,todo_incluido,directo,ES,flexible,parcial,177.9,0,0,0,0
785,2024-12-15,2025-07-15,212,6,2,0,suite,desayuno,web_intermediaria,NL,no_reembolsable,total,223.91,0,0,0,1
2769,2024-12-15,2025-02-06,53,6,2,1,estandar,desayuno,web_intermediaria,otros,no_reembolsable,parcial,88.78,1,0,0,0
3262,2024-12-15,2025-03-07,82,4,4,1,estandar,solo_alojamiento,web_intermediaria,ES,flexible,parcial,90.71,2,1,1,0
768,2024-12-15,2025-01-23,39,5,2,1,familiar,todo_incluido,agencia,DE,flexible,sin_deposito,131.84,1,1,0,0
4281,2024-12-15,2025-03-06,81,9,2,1,estandar,desayuno,agencia,UK,flexible,sin_deposito,88.15,0,1,1,0
1101,2024-12-16,2025-01-18,33,2,2,2,familiar,media_pension,agencia,Nordicos,no_reembolsable,total,144.88,1,0,0,0
4112,2024-12-16,2025-03-05,79,5,2,0,estandar,todo_incluido,web_intermediaria,ES,flexible,parcial,74.08,1,0,0,1
1508,2024-12-16,2024-12-27,11,7,3,1,superior,desayuno,agencia,UK,flexible,sin_deposito,110.76,0,0,0,0
3427,2024-12-16,2025-02-18,64,7,2,0,estandar,todo_incluido,web_intermediaria,Nordicos,flexible,sin_deposito,78.76,0,1,0,1
2178,2024-12-16,2025-02-16,62,6,2,1,suite,media_pension,directo,DE,no_reembolsable,sin_deposito,216.36,2,0,0,0
1808,2024-12-17,2025-03-02,75,2,3,3,familiar,desayuno,directo,IT,flexible,sin_deposito,142.02,0,0,0,1
644,2024-12-17,2025-03-28,101,3,2,0,familiar,todo_incluido,web_intermediaria,ES,no_reembolsable,parcial,126.71,2,0,0,0
4890,2024-12-17,2025-04-21,125,9,1,0,estandar,media_pension,web_intermediaria,otros,no_reembolsable,sin_deposito,84.01,3,0,0,0
3656,2024-12-17,2025-02-13,58,4,2,0,estandar,desayuno,web_intermediaria,UK,flexible,sin_deposito,87.85,1,1,0,1
3855,2024-12-17,2025-01-10,24,6,2,0,estandar,solo_alojamiento,agencia,UK,flexible,total,91.04,1,0,0,1
4895,2024-12-17,2025-03-19,92,8,3,0,familiar,solo_alojamiento,directo,ES,no_reembolsable,sin_deposito,150.33,1,0,0,1
2686,2024-12-17,2025-05-03,137,8,2,0,estandar,desayuno,web_intermediaria,DE,no_reembolsable,parcial,72.5,0,0,0,0
1932,2024-12-17,2025-02-06,51,5,2,0,estandar,todo_incluido,web_intermediaria,ES,no_reembolsable,sin_deposito,80.69,0,1,0,0
3923,2024-12-17,2025-02-01,46,4,2,0,estandar,media_pension,web_intermediaria,DE,flexible,sin_deposito,85.59,1,0,0,1
3072,2024-12-17,2025-04-05,109,5,1,2,estandar,desayuno,directo,FR,flexible,sin_deposito,69.99,0,0,0,0
2844,2024-12-18,2025-02-07,51,5,3,0,estandar,desayuno,web_intermediaria,DE,flexible,sin_deposito,83.37,1,1,0,1
1517,2024-12-18,2025-02-10,54,3,1,0,estandar,solo_alojamiento,directo,ES,no_reembolsable,parcial,93.1,2,0,0,0
1146,2024-12-18,2025-04-13,116,5,2,2,estandar,solo_alojamiento,web_intermediaria,ES,flexible,sin_deposito,76.96,0,1,0,1
276,2024-12-18,2025-04-23,126,4,2,0,estandar,media_pension,agencia,ES,flexible,sin_deposito,71.95,0,0,0,1
5809,2024-12-18,2025-02-20,64,6,2,0,familiar,desayuno,web_intermediaria,ES,flexible,sin_deposito,134.15,2,0,0,1
4428,2024-12-18,2024-12-24,6,6,4,0,familiar,media_pension,directo,DE,flexible,sin_deposito,128.58,3,0,0,1
4355,2024-12-18,2025-02-28,72,5,2,2,estandar,media_pension,directo,ES,no_reembolsable,total,95.94,2,1,0,0
2958,2024-12-20,2025-01-19,30,4,2,0,suite,media_pension,directo,IT,no_reembolsable,sin_deposito,212.52,0,1,0,0
2416,2024-12-20,2025-02-20,62,5,2,2,suite,desayuno,empresa,UK,no_reembolsable,sin_deposito,189.38,1,0,0,0
5379,2024-12-20,2025-06-11,173,5,3,0,estandar,media_pension,directo,UK,flexible,sin_deposito,65.49,1,1,1,1
4608,2024-12-20,2025-02-21,63,7,2,1,familiar,desayuno,directo,ES,flexible,parcial,138.24,1,0,0,0
4830,2024-12-21,2025-02-12,53,4,2,0,estandar,desayuno,directo,DE,no_reembolsable,sin_deposito,87.69,0,0,0,0
282,2024-12-21,2025-02-21,62,7,1,0,suite,todo_incluido,agencia,Nordicos,flexible,sin_deposito,181.68,0,1,2,1
1031,2024-12-21,2025-01-06,16,6,2,0,estandar,todo_incluido,agencia,ES,no_reembolsable,parcial,88.73,2,0,0,0
729,2024-12-22,2025-01-17,26,8,2,0,estandar,solo_alojamiento,directo,NL,no_reembolsable,parcial,84.03,0,0,0,0
4473,2024-12-22,2025-02-26,66,7,2,1,familiar,todo_incluido,empresa,UK,flexible,sin_deposito,133.94,2,0,0,1
4561,2024-12-22,2025-03-05,73,9,3,0,familiar,solo_alojamiento,agencia,,flexible,parcial,140.04,0,0,0,1
4714,2024-12-22,2025-03-20,88,9,2,0,estandar,solo_alojamiento,web_intermediaria,UK,no_reembolsable,sin_deposito,78.0,1,0,0,0
444,2024-12-22,2025-02-17,57,6,2,0,familiar,solo_alojamiento,web_intermediaria,ES,no_reembolsable,parcial,110.07,0,0,0,1
4217,2024-12-22,2025-01-05,14,8,3,0,estandar,desayuno,web_intermediaria,DE,no_reembolsable,sin_deposito,88.36,0,0,0,1
1492,2024-12-23,2025-04-27,125,6,3,0,superior,desayuno,web_intermediaria,DE,no_reembolsable,total,101.44,0,0,0,0
1116,2024-12-23,2025-03-05,72,6,2,0,familiar,todo_incluido,agencia,ES,flexible,sin_deposito,148.44,2,0,0,0
4014,2024-12-23,2025-02-13,52,7,2,0,familiar,desayuno,web_intermediaria,Nordicos,flexible,sin_deposito,144.65,1,0,0,1
2156,2024-12-23,2025-03-02,69,4,4,0,superior,media_pension,web_intermediaria,ES,flexible,sin_deposito,111.99,1,0,0,1
1244,2024-12-23,2025-02-09,48,4,2,0,estandar,desayuno,directo,UK,flexible,sin_deposito,74.56,1,0,0,0
651,2024-12-23,2025-03-10,77,8,3,0,suite,desayuno,web_intermediaria,UK,no_reembolsable,total,174.8,0,0,0,1
3015,2024-12-23,2025-04-28,126,5,2,2,estandar,desayuno,directo,UK,flexible,parcial,71.69,0,0,0,0
1477,2024-12-24,2025-02-11,49,7,2,0,estandar,desayuno,agencia,DE,flexible,parcial,92.91,2,0,0,0
284,2024-12-24,2025-04-21,118,7,2,0,superior,todo_incluido,web_intermediaria,IT,no_reembolsable,sin_deposito,95.11,0,0,0,1
4415,2024-12-24,2025-03-10,76,4,3,0,estandar,media_pension,web_intermediaria,otros,flexible,sin_deposito,74.16,0,0,0,1
5209,2024-12-24,2024-12-30,6,5,2,0,superior,desayuno,web_intermediaria,NL,flexible,total,130.69,1,0,0,0
2298,2024-12-24,2025-02-16,54,5,2,0,suite,solo_alojamiento,web_intermediaria,otros,flexible,sin_deposito,213.77,0,0,0,0
1918,2024-12-24,2025-03-11,77,3,1,0,suite,desayuno,web_intermediaria,ES,flexible,sin_deposito,212.76,0,0,0,1
5330,2024-12-24,2025-02-18,56,5,2,0,estandar,media_pension,directo,UK,no_reembolsable,total,76.46,2,0,0,0
5226,2024-12-25,2025-04-05,101,7,2,3,estandar,solo_alojamiento,web_intermediaria,ES,flexible,parcial,68.03,1,1,1,0
3709,2024-12-25,2025-03-14,79,6,3,0,estandar,media_pension,directo,IT,flexible,total,97.47,0,0,0,0
5604,2024-12-25,2025-04-11,107,4,4,0,estandar,desayuno,web_intermediaria,ES,flexible,parcial,60.96,0,0,0,1
718,2024-12-25,2025-01-20,26,4,2,0,estandar,todo_incluido,empresa,Nordicos,no_reembolsable,sin_deposito,84.72,0,0,0,0
4293,2024-12-25,2025-02-08,45,3,2,3,estandar,desayuno,web_intermediaria,DE,flexible,sin_deposito,87.66,0,0,0,1
563,2024-12-25,2025-01-31,37,5,1,0,superior,desayuno,directo,UK,no_reembolsable,sin_deposito,111.45,2,0,0,0
5775,2024-12-25,2025-03-16,81,8,2,0,superior,solo_alojamiento,empresa,IT,no_reembolsable,sin_deposito,119.79,1,0,0,0
2739,2024-12-25,2025-03-29,94,6,2,0,estandar,desayuno,empresa,UK,no_reembolsable,parcial,81.96,0,0,0,1
3644,2024-12-25,2025-02-23,60,8,3,0,estandar,desayuno,directo,otros,flexible,sin_deposito,95.73,1,0,0,1
3141,2024-12-25,2025-03-01,66,5,3,1,familiar,solo_alojamiento,web_intermediaria,ES,flexible,parcial,133.57,1,1,0,0
235,2024-12-25,2025-01-11,17,5,2,0,estandar,desayuno,directo,Nordicos,flexible,sin_deposito,81.16,1,0,0,0
5675,2024-12-26,2025-03-31,95,11,2,0,estandar,todo_incluido,web_intermediaria,UK,no_reembolsable,sin_deposito,80.0,0,1,0,1
1120,2024-12-26,2025-05-26,151,8,4,1,superior,media_pension,agencia,DE,no_reembolsable,sin_deposito,89.82,0,0,0,0
252,2024-12-26,2025-02-24,60,8,2,0,familiar,todo_incluido,agencia,UK,no_reembolsable,sin_deposito,136.97,0,0,0,0
1018,2024-12-26,2025-02-07,43,7,2,2,superior,desayuno,web_intermediaria,UK,no_reembolsable,parcial,110.53,1,0,0,1
3140,2024-12-26,2025-02-14,50,9,2,0,estandar,solo_alojamiento,web_intermediaria,DE,no_reembolsable,sin_deposito,94.76,0,1,0,0
3660,2024-12-26,2025-02-19,55,8,1,0,estandar,desayuno,web_intermediaria,DE,no_reembolsable,parcial,88.84,1,0,0,0
2977,2024-12-26,2025-03-02,66,4,1,0,superior,media_pension,directo,UK,flexible,sin_deposito,102.19,0,0,0,0
5232,2024-12-26,2025-03-27,91,1,3,0,superior,desayuno,directo,otros,flexible,sin_deposito,106.82,1,0,0,1
3842,2024-12-26,2025-02-10,46,7,4,0,estandar,media_pension,web_intermediaria,UK,no_reembolsable,total,96.18,1,0,0,1
1549,2024-12-26,2025-05-11,136,4,2,2,suite,desayuno,web_intermediaria,otros,no_reembolsable,sin_deposito,167.54,1,0,0,1
2540,2024-12-26,2025-01-10,15,8,2,1,estandar,todo_incluido,web_intermediaria,ES,flexible,sin_deposito,85.36,1,0,0,1
1519,2024-12-27,2025-09-02,249,2,4,1,estandar,desayuno,directo,DE,flexible,total,64.98,3,0,0,0
1814,2024-12-27,2025-04-11,105,3,3,0,suite,desayuno,web_intermediaria,ES,no_reembolsable,total,195.76,1,0,0,0
4196,2024-12-27,2025-01-21,25,7,1,1,suite,solo_alojamiento,agencia,,flexible,sin_deposito,187.24,2,1,0,0
203,2024-12-27,2025-01-11,15,7,2,0,familiar,desayuno,directo,UK,flexible,sin_deposito,137.88,1,0,0,0
3450,2024-12-27,2025-07-16,201,8,2,0,superior,todo_incluido,agencia,Nordicos,flexible,sin_deposito,107.57,0,0,0,1
185,2024-12-27,2025-05-23,147,8,2,0,familiar,media_pension,agencia,UK,flexible,sin_deposito,107.37,1,0,0,1
1353,2024-12-27,2025-04-27,121,4,2,0,estandar,desayuno,agencia,ES,flexible,sin_deposito,64.53,1,0,0,1
4573,2024-12-27,2025-03-17,80,6,2,0,estandar,desayuno,web_intermediaria,ES,no_reembolsable,total,86.66,0,0,0,0
5264,2024-12-28,2025-02-15,49,6,1,1,superior,desayuno,web_intermediaria,IT,flexible,parcial,132.15,0,0,0,1
4363,2024-12-28,2025-03-13,75,3,2,0,estandar,media_pension,web_intermediaria,ES,no_reembolsable,parcial,95.36,1,0,0,1
5389,2024-12-28,2025-02-26,60,6,4,1,superior,desayuno,web_intermediaria,ES,flexible,sin_deposito,103.54,0,0,0,1
2642,2024-12-28,2025-04-08,101,4,2,0,estandar,solo_alojamiento,web_intermediaria,UK,no_reembolsable,parcial,70.55,1,0,0,1
2664,2024-12-28,2025-05-02,125,3,2,0,familiar,media_pension,empresa,NL,flexible,sin_deposito,114.16,0,0,0,0
2011,2024-12-28,2025-02-23,57,8,1,2,estandar,media_pension,agencia,UK,flexible,parcial,93.76,0,0,0,1
4638,2024-12-28,2025-03-09,71,7,2,0,superior,desayuno,agencia,ES,flexible,sin_deposito,122.52,0,0,0,1
5498,2024-12-28,2025-01-20,23,6,1,0,estandar,todo_incluido,directo,UK,flexible,sin_deposito,85.16,0,0,0,1
5193,2024-12-28,2025-01-27,30,4,2,0,familiar,media_pension,web_intermediaria,ES,no_reembolsable,total,143.98,1,0,0,0
1356,2024-12-28,2025-04-11,104,7,2,0,familiar,desayuno,directo,ES,no_reembolsable,total,97.43,2,0,0,0
5973,2024-12-29,2025-01-22,24,3,4,2,suite,desayuno,web_intermediaria,UK,no_reembolsable,sin_deposito,208.97,0,0,0,0
5347,2024-12-29,2025-06-16,169,7,2,0,superior,solo_alojamiento,directo,UK,flexible,total,81.14,1,0,0,0
183,2024-12-29,2025-03-11,72,8,2,1,superior,desayuno,agencia,Nordicos,flexible,sin_deposito,111.32,0,0,0,0
4883,2024-12-29,2025-02-24,57,8,1,0,superior,media_pension,directo,UK,no_reembolsable,total,131.57,0,0,0,0
4660,2024-12-29,2025-04-06,98,7,1,2,estandar,media_pension,web_intermediaria,ES,flexible,sin_deposito,74.28,0,0,0,1
2948,2024-12-29,2025-01-17,19,8,1,0,familiar,desayuno,directo,Nordicos,flexible,sin_deposito,125.43,0,1,1,0
5007,2024-12-29,2025-02-12,45,5,2,0,estandar,desayuno,web_intermediaria,UK,no_reembolsable,sin_deposito,80.62,0,0,0,1
5000,2024-12-29,2025-07-23,206,6,2,1,familiar,todo_incluido,directo,UK,no_reembolsable,sin_deposito,153.86,0,0,0,1
55,2024-12-29,2025-02-17,50,3,2,0,superior,todo_incluido,web_intermediaria,ES,flexible,sin_deposito,125.61,0,0,0,0
3116,2024-12-29,2025-02-26,59,7,2,0,estandar,todo_incluido,web_intermediaria,UK,flexible,total,83.89,0,0,0,0
5104,2024-12-30,2025-03-21,81,8,2,0,superior,desayuno,directo,otros,flexible,sin_deposito,109.9,1,0,0,0
4825,2024-12-30,2025-02-08,40,8,2,0,familiar,desayuno,web_intermediaria,ES,flexible,sin_deposito,154.35,1,0,0,0
453,2024-12-30,2025-04-03,94,7,2,1,superior,desayuno,web_intermediaria,UK,flexible,sin_deposito,106.77,1,0,0,1
1162,2024-12-30,2025-03-10,70,8,4,0,estandar,todo_incluido,web_intermediaria,Nordicos,no_reembolsable,sin_deposito,86.68,2,1,0,1
405,2024-12-30,2025-02-24,56,11,2,0,familiar,desayuno,web_intermediaria,UK,no_reembolsable,total,124.35,4,0,0,0
2538,2024-12-30,2025-04-03,94,5,2,0,superior,media_pension,web_intermediaria,ES,flexible,sin_deposito,85.16,0,0,0,1
3638,2024-12-30,2025-05-29,150,3,1,0,estandar,todo_incluido,web_intermediaria,FR,no_reembolsable,sin_deposito,74.56,0,0,0,0
2597,2024-12-31,2025-06-08,159,5,2,0,superior,todo_incluido,empresa,DE,no_reembolsable,total,91.3,1,0,0,0
2254,2024-12-31,2025-01-27,27,7,2,1,suite,desayuno,web_intermediaria,IT,flexible,sin_deposito,210.98,0,0,0,0
180,2024-12-31,2025-04-02,92,5,2,0,estandar,media_pension,agencia,UK,no_reembolsable,sin_deposito,79.97,0,0,0,0
4716,2024-12-31,2025-02-10,41,10,1,0,suite,desayuno,web_intermediaria,UK,flexible,total,181.23,0,0,0,0
5352,2024-12-31,2025-03-13,72,4,2,0,familiar,solo_alojamiento,web_intermediaria,otros,no_reembolsable,total,143.53,0,0,0,0
21,2024-12-31,2025-03-23,82,7,2,0,estandar,desayuno,web_intermediaria,UK,no_reembolsable,sin_deposito,92.05,2,0,0,0
3706,2024-12-31,2025-04-22,112,4,2,2,superior,desayuno,agencia,DE,flexible,sin_deposito,90.75,0,0,0,1
406,2024-12-31,2025-05-20,140,8,2,0,superior,todo_incluido,web_intermediaria,NL,flexible,sin_deposito,103.41,0,0,0,1
1053,2025-01-01,2025-01-19,18,6,3,0,suite,desayuno,agencia,DE,flexible,total,217.79,0,0,0,0
4340,2025-01-01,2025-02-14,44,5,2,3,familiar,media_pension,agencia,ES,flexible,sin_deposito,135.83,1,1,0,0
4134,2025-01-01,2025-01-25,24,4,3,0,familiar,desayuno,web_intermediaria,DE,flexible,sin_deposito,115.14,0,0,0,1
3927,2025-01-01,2025-03-04,62,3,2,1,estandar,solo_alojamiento,web_intermediaria,IT,flexible,total,81.72,0,0,0,1
4346,2025-01-01,2025-09-28,270,5,1,0,familiar,media_pension,empresa,UK,flexible,parcial,123.48,1,0,0,1
4085,2025-01-01,2025-04-12,101,6,1,1,superior,todo_incluido,web_intermediaria,ES,flexible,parcial,87.7,0,0,0,0
4797,2025-01-02,2025-01-27,25,9,2,2,estandar,todo_incluido,web_intermediaria,UK,flexible,parcial,76.5,0,0,0,1
1091,2025-01-02,2025-03-08,65,4,1,0,estandar,desayuno,directo,FR,flexible,parcial,101.53,1,0,0,0
1008,2025-01-02,2025-03-09,66,8,2,0,estandar,solo_alojamiento,web_intermediaria,Nordicos,no_reembolsable,sin_deposito,97.97,1,0,0,1
667,2025-01-02,2025-01-25,23,3,4,0,suite,media_pension,web_intermediaria,DE,flexible,sin_deposito,199.04,0,0,0,1
1379,2025-01-02,2025-02-26,55,8,2,0,familiar,todo_incluido,web_intermediaria,IT,flexible,sin_deposito,156.62,0,0,0,1
1737,2025-01-02,2025-05-17,135,6,3,0,estandar,solo_alojamiento,web_intermediaria,Nordicos,no_reembolsable,sin_deposito,75.11,1,0,0,1
4126,2025-01-02,2025-01-07,5,7,1,2,superior,solo_alojamiento,directo,ES,no_reembolsable,parcial,107.31,1,0,0,0
3374,2025-01-02,2025-05-15,133,3,1,2,suite,todo_incluido,agencia,Nordicos,flexible,sin_deposito,146.44,2,0,0,1
5434,2025-01-02,2025-04-29,117,5,4,0,superior,todo_incluido,web_intermediaria,UK,flexible,sin_deposito,100.09,0,1,0,0
159,2025-01-03,2025-03-30,86,6,2,2,familiar,media_pension,web_intermediaria,ES,no_reembolsable,sin_deposito,133.07,2,0,0,0
4962,2025-01-03,2025-07-31,209,9,1,0,suite,todo_incluido,directo,ES,flexible,sin_deposito,221.38,0,0,0,1
4140,2025-01-03,2025-06-23,171,4,4,1,superior,media_pension,agencia,UK,no_reembolsable,sin_deposito,96.67,0,0,0,1
3376,2025-01-03,2025-06-24,172,7,4,1,superior,media_pension,web_intermediaria,Nordicos,no_reembolsable,total,96.42,2,0,0,1
629,2025-01-03,2025-01-17,14,6,2,0,suite,media_pension,web_intermediaria,ES,no_reembolsable,sin_deposito,170.46,1,0,0,0
556,2025-01-03,2025-04-14,101,6,4,0,superior,media_pension,web_intermediaria,ES,flexible,sin_deposito,107.59,0,1,0,0
3129,2025-01-03,2025-03-17,73,6,2,0,suite,desayuno,agencia,otros,flexible,sin_deposito,205.47,1,1,0,0
3377,2025-01-03,2025-11-08,309,6,1,0,estandar,media_pension,agencia,DE,no_reembolsable,parcial,71.89,0,0,0,1
1152,2025-01-03,2025-01-18,15,5,2,0,estandar,desayuno,web_intermediaria,ES,no_reembolsable,sin_deposito,95.56,0,1,3,1
1767,2025-01-03,2025-05-04,121,8,1,0,estandar,desayuno,web_intermediaria,otros,flexible,sin_deposito,71.23,0,0,0,1
2350,2025-01-03,2025-06-23,171,2,3,0,superior,media_pension,empresa,ES,no_reembolsable,sin_deposito,93.28,0,0,0,0
876,2025-01-03,2025-02-05,33,4,2,0,superior,desayuno,web_intermediaria,ES,flexible,parcial,112.07,0,0,0,0
2685,2025-01-03,2025-04-03,90,6,2,1,familiar,desayuno,directo,DE,flexible,sin_deposito,123.28,1,0,0,1
4270,2025-01-03,2025-03-13,69,4,2,0,familiar,desayuno,agencia,Nordicos,flexible,total,134.54,2,0,0,0
3762,2025-01-04,2025-06-28,175,7,1,0,estandar,desayuno,empresa,ES,flexible,parcial,65.1,1,1,1,0
5950,2025-01-04,2025-04-09,95,4,2,0,superior,todo_incluido,web_intermediaria,UK,flexible,sin_deposito,101.22,0,0,0,1
115,2025-01-04,2025-05-06,122,5,2,0,familiar,todo_incluido,web_intermediaria,ES,no_reembolsable,sin_deposito,113.39,0,0,0,1
5533,2025-01-04,2025-03-26,81,5,2,0,estandar,todo_incluido,agencia,ES,flexible,total,87.54,1,1,0,1
2251,2025-01-04,2025-06-11,158,3,2,1,superior,desayuno,agencia,DE,flexible,parcial,103.91,1,0,0,0
3012,2025-01-04,2025-04-12,98,5,2,0,estandar,desayuno,agencia,otros,flexible,total,68.23,0,0,0,0
420,2025-01-04,2025-06-11,158,9,3,1,estandar,desayuno,web_intermediaria,UK,flexible,parcial,54.29,0,0,0,1
2715,2025-01-04,2025-07-31,208,11,2,0,superior,solo_alojamiento,empresa,Nordicos,flexible,parcial,118.26,0,0,0,0
4173,2025-01-04,2025-08-24,232,5,3,0,estandar,media_pension,web_intermediaria,FR,no_reembolsable,sin_deposito,87.98,1,0,0,1
1217,2025-01-05,2025-03-29,83,2,3,0,estandar,desayuno,directo,UK,flexible,parcial,82.96,2,0,0,1
4169,2025-01-05,2025-03-14,68,4,2,0,superior,desayuno,agencia,Nordicos,flexible,sin_deposito,130.25,0,0,0,1
2952,2025-01-05,2025-01-31,26,5,2,2,superior,todo_incluido,directo,FR,no_reembolsable,sin_deposito,106.01,0,0,0,0
5413,2025-01-05,2025-04-28,113,6,2,0,superior,todo_incluido,directo,ES,flexible,sin_deposito,97.81,2,0,0,0
2901,2025-01-05,2025-02-16,42,8,3,0,estandar,desayuno,agencia,UK,flexible,parcial,86.23,0,0,0,0
4536,2025-01-05,2025-03-30,84,6,2,0,familiar,todo_incluido,web_intermediaria,IT,flexible,sin_deposito,132.86,1,0,0,0
1618,2025-01-05,2025-08-06,213,6,4,2,superior,desayuno,web_intermediaria,ES,flexible,sin_deposito,122.47,0,0,0,1
1241,2025-01-05,2025-01-20,15,5,2,0,suite,solo_alojamiento,web_intermediaria,IT,flexible,sin_deposito,200.35,0,0,0,1
5082,2025-01-05,2025-06-02,148,3,3,3,estandar,todo_incluido,web_intermediaria,UK,no_reembolsable,sin_deposito,77.66,0,0,0,1
1490,2025-01-05,2025-08-19,226,3,2,0,superior,todo_incluido,web_intermediaria,FR,flexible,sin_deposito,119.29,1,0,0,1
3903,2025-01-06,2025-01-09,3,6,2,0,estandar,desayuno,directo,DE,no_reembolsable,parcial,75.33,0,0,0,0
940,2025-01-06,2025-09-21,258,5,1,0,superior,todo_incluido,directo,DE,no_reembolsable,parcial,98.51,1,0,0,0
5515,2025-01-06,2025-03-22,75,5,2,0,familiar,desayuno,directo,IT,flexible,parcial,141.44,1,0,0,1
445,2025-01-06,2025-05-22,136,5,2,2,estandar,desayuno,web_intermediaria,otros,no_reembolsable,sin_deposito,74.78,0,0,0,1
1051,2025-01-06,2025-05-19,133,5,2,0,estandar,todo_incluido,directo,otros,no_reembolsable,total,77.29,3,0,0,0
4395,2025-01-06,2025-01-26,20,5,2,0,estandar,desayuno,web_intermediaria,ES,flexible,sin_deposito,86.35,2,0,0,1
897,2025-01-06,2025-01-08,2,4,2,0,superior,desayuno,web_intermediaria,DE,flexible,parcial,112.94,1,0,0,0
2066,2025-01-06,2025-06-01,146,4,3,0,familiar,todo_incluido,web_intermediaria,ES,flexible,sin_deposito,118.88,0,0,0,1
2313,2025-01-07,2025-05-06,119,6,2,0,superior,solo_alojamiento,web_intermediaria,NL,flexible,sin_deposito,86.13,1,0,0,0
3940,2025-01-07,2025-04-14,97,5,2,1,estandar,desayuno,directo,DE,flexible,parcial,69.92,2,0,0,0
5080,2025-01-07,2025-01-30,23,6,2,0,estandar,todo_incluido,agencia,otros,no_reembolsable,sin_deposito,86.99,1,0,0,0
5380,2025-01-08,2025-02-10,33,4,1,0,estandar,media_pension,directo,ES,flexible,sin_deposito,83.82,0,0,0,1
4396,2025-01-08,2025-05-06,118,9,2,0,estandar,desayuno,web_intermediaria,ES,flexible,sin_deposito,68.53,0,1,1,1
3995,2025-01-08,2025-09-19,254,4,2,0,estandar,desayuno,agencia,ES,no_reembolsable,total,63.84,0,1,1,1
2743,2025-01-08,2025-07-23,196,8,2,0,superior,desayuno,directo,UK,no_reembolsable,sin_deposito,114.93,0,0,0,1
5442,2025-01-08,2025-03-27,78,5,2,0,superior,desayuno,web_intermediaria,UK,flexible,sin_deposito,122.29,0,0,0,0
3311,2025-01-09,2025-03-20,70,5,3,0,superior,todo_incluido,web_intermediaria,UK,no_reembolsable,parcial,128.12,0,0,0,1
1442,2025-01-09,2025-02-25,47,6,2,1,estandar,media_pension,directo,FR,flexible,sin_deposito,86.25,1,0,0,1
1000,2025-01-09,2025-07-28,200,9,3,0,superior,desayuno,directo,ES,flexible,sin_deposito,114.03,1,0,0,1
17,2025-01-09,2025-07-18,190,4,3,1,superior,desayuno,directo,Nordicos,flexible,sin_deposito,114.37,0,0,0,1
4109,2025-01-09,2025-03-03,53,8,2,0,superior,media_pension,agencia,IT,flexible,sin_deposito,102.27,0,0,0,1
2811,2025-01-09,2025-08-13,216,7,2,0,superior,media_pension,directo,UK,no_reembolsable,total,122.08,3,0,0,0
2959,2025-01-09,2025-01-30,21,2,4,0,familiar,desayuno,agencia,UK,no_reembolsable,sin_deposito,146.92,0,0,0,0
3665,2025-01-09,2025-02-26,48,8,1,0,superior,todo_incluido,agencia,otros,flexible,parcial,120.27,0,0,0,0
5556,2025-01-10,2025-01-28,18,4,2,0,familiar,media_pension,directo,FR,no_reembolsable,parcial,146.14,0,0,0,0
3657,2025-01-10,2025-05-03,113,5,2,0,estandar,todo_incluido,web_intermediaria,UK,flexible,sin_deposito,66.66,2,1,0,1
5065,2025-01-10,2025-04-06,86,5,2,0,estandar,solo_alojamiento,web_intermediaria,UK,flexible,parcial,75.44,0,0,0,0
1680,2025-01-10,2025-03-30,79,2,2,0,superior,desayuno,web_intermediaria,UK,no_reembolsable,total,123.19,1,0,0,0
5861,2025-01-10,2025-05-02,112,5,3,0,superior,solo_alojamiento,empresa,ES,flexible,parcial,97.0,1,0,0,1
344,2025-01-10,2025-06-13,154,7,2,0,estandar,desayuno,empresa,Nordicos,flexible,total,84.64,1,0,0,1
1296,2025-01-10,2025-03-30,79,6,2,0,estandar,solo_alojamiento,web_intermediaria,FR,flexible,sin_deposito,86.54,1,0,0,1
608,2025-01-10,2025-02-26,47,8,2,0,estandar,media_pension,web_intermediaria,Nordicos,flexible,sin_deposito,88.55,2,1,0,0
3654,2025-01-11,2025-07-08,178,7,4,0,superior,todo_incluido,empresa,ES,no_reembolsable,parcial,134.65,1,0,0,0
1207,2025-01-11,2025-04-07,86,5,1,0,estandar,todo_incluido,directo,UK,flexible,sin_deposito,69.42,0,0,0,0
1583,2025-01-11,2025-04-26,105,4,2,0,superior,solo_alojamiento,web_intermediaria,ES,flexible,sin_deposito,110.95,2,0,0,1
549,2025-01-11,2025-02-22,42,5,2,0,estandar,todo_incluido,web_intermediaria,IT,flexible,sin_deposito,87.98,2,0,0,1
4064,2025-01-11,2025-03-25,73,9,2,0,suite,media_pension,directo,ES,flexible,parcial,213.55,0,1,0,0
803,2025-01-11,2025-05-14,123,5,2,1,estandar,desayuno,web_intermediaria,UK,flexible,sin_deposito,76.18,0,1,0,1
1460,2025-01-11,2025-07-24,194,6,2,0,estandar,desayuno,directo,NL,no_reembolsable,sin_deposito,95.66,1,0,0,1
2876,2025-01-11,2025-02-01,21,8,2,1,suite,desayuno,web_intermediaria,UK,flexible,total,186.17,1,0,0,0
5825,2025-01-12,2025-04-12,90,6,2,0,superior,todo_incluido,directo,UK,flexible,sin_deposito,108.74,0,0,0,1
5128,2025-01-12,2025-04-15,93,5,2,0,superior,media_pension,agencia,otros,no_reembolsable,sin_deposito,80.57,0,0,0,0
2264,2025-01-12,2025-04-09,87,6,2,0,estandar,todo_incluido,empresa,DE,flexible,sin_deposito,69.17,1,0,0,1
1165,2025-01-12,2025-04-29,107,6,3,0,suite,desayuno,web_intermediaria,NL,flexible,sin_deposito,160.09,0,0,0,1
4685,2025-01-12,2025-02-01,20,2,1,2,superior,desayuno,web_intermediaria,ES,flexible,total,124.54,0,1,0,1
3421,2025-01-12,2025-02-09,28,5,4,0,suite,desayuno,agencia,ES,flexible,sin_deposito,208.18,0,0,0,1
5459,2025-01-12,2025-09-18,249,3,2,0,superior,todo_incluido,agencia,NL,no_reembolsable,parcial,95.44,1,0,0,1
1720,2025-01-12,2025-10-17,278,9,2,0,superior,desayuno,web_intermediaria,UK,no_reembolsable,parcial,114.12,0,0,0,1
717,2025-01-12,2025-01-28,16,5,2,0,familiar,desayuno,directo,UK,flexible,sin_deposito,99.28,1,0,0,1
1916,2025-01-12,2025-09-01,232,5,2,1,estandar,desayuno,directo,UK,flexible,parcial,79.38,2,0,0,0
5441,2025-01-12,2025-02-22,41,6,2,0,estandar,solo_alojamiento,web_intermediaria,ES,flexible,sin_deposito,96.44,0,1,0,0
3809,2025-01-13,2025-06-20,158,3,2,2,estandar,desayuno,web_intermediaria,ES,no_reembolsable,sin_deposito,73.68,0,0,0,1
366,2025-01-13,2025-02-10,28,2,4,0,superior,desayuno,web_intermediaria,ES,no_reembolsable,sin_deposito,115.9,1,0,0,0
3901,2025-01-13,2025-05-01,108,8,2,0,estandar,solo_alojamiento,web_intermediaria,UK,no_reembolsable,parcial,61.03,2,0,0,0
5910,2025-01-13,2025-07-06,174,5,2,0,familiar,desayuno,web_intermediaria,NL,no_reembolsable,parcial,142.05,1,1,1,0
3244,2025-01-13,2025-05-08,115,3,2,0,estandar,solo_alojamiento,web_intermediaria,IT,no_reembolsable,sin_deposito,67.96,0,0,0,1
4222,2025-01-13,2025-05-05,112,5,2,2,suite,desayuno,web_intermediaria,IT,no_reembolsable,parcial,186.6,1,0,0,0
4000,2025-01-14,2025-04-01,77,6,2,0,estandar,todo_incluido,agencia,UK,flexible,parcial,79.91,0,0,0,1
1015,2025-01-14,2025-05-10,116,4,4,0,superior,desayuno,web_intermediaria,ES,no_reembolsable,sin_deposito,106.55,1,0,0,1
2950,2025-01-14,2025-02-08,25,4,2,0,superior,solo_alojamiento,directo,ES,flexible,sin_deposito,116.64,1,0,0,1
2714,2025-01-14,2025-04-20,96,7,2,0,estandar,desayuno,agencia,otros,flexible,sin_deposito,66.39,1,0,0,0
4311,2025-01-14,2025-02-10,27,8,2,0,familiar,desayuno,web_intermediaria,ES,no_reembolsable,parcial,138.36,0,1,0,0
2133,2025-01-14,2025-02-20,37,7,3,1,suite,desayuno,directo,Nordicos,flexible,parcial,175.81,0,1,1,1
4948,2025-01-14,2025-02-19,36,6,3,0,superior,todo_incluido,empresa,ES,no_reembolsable,sin_deposito,125.2,1,0,0,1
1686,2025-01-14,2025-08-10,208,4,2,0,superior,todo_incluido,web_intermediaria,DE,no_reembolsable,sin_deposito,116.06,1,0,0,1
5085,2025-01-14,2025-02-28,45,7,1,1,estandar,desayuno,directo,UK,no_reembolsable,sin_deposito,82.2,1,0,0,0
1010,2025-01-14,2025-03-29,74,10,2,0,familiar,media_pension,empresa,FR,flexible,parcial,131.03,2,0,0,1
701,2025-01-14,2025-04-01,77,5,2,0,estandar,desayuno,agencia,NL,no_reembolsable,sin_deposito,68.19,0,0,0,0
5633,2025-01-15,2025-07-09,175,8,2,0,estandar,desayuno,web_intermediaria,ES,no_reembolsable,total,94.13,0,1,0,1
2477,2025-01-15,2025-03-17,61,8,2,0,familiar,media_pension,web_intermediaria,Nordicos,flexible,sin_deposito,148.9,1,0,0,0
4614,2025-01-15,2025-03-21,65,3,3,0,familiar,media_pension,agencia,,flexible,sin_deposito,138.11,0,0,0,0
4740,2025-01-15,2025-05-13,118,5,2,0,familiar,media_pension,web_intermediaria,IT,no_reembolsable,parcial,116.26,0,1,0,0
5270,2025-01-15,2025-03-07,51,4,3,0,estandar,media_pension,web_intermediaria,FR,no_reembolsable,parcial,75.55,1,0,0,0
1849,2025-01-15,2025-04-05,80,6,1,0,superior,todo_incluido,web_intermediaria,UK,no_reembolsable,total,101.39,0,0,0,0
3957,2025-01-15,2025-11-03,292,5,2,0,estandar,solo_alojamiento,directo,Nordicos,no_reembolsable,sin_deposito,79.51,2,1,1,1
449,2025-01-15,2025-07-27,193,6,2,1,superior,desayuno,web_intermediaria,UK,flexible,total,128.31,0,0,0,1
296,2025-01-15,2025-04-25,100,5,1,0,superior,solo_alojamiento,web_intermediaria,Nordicos,flexible,sin_deposito,102.92,1,0,0,0
4032,2025-01-15,2025-03-23,67,5,2,0,estandar,desayuno,directo,otros,no_reembolsable,sin_deposito,84.76,0,0,0,0
3867,2025-01-16,2025-06-16,151,5,2,1,estandar,desayuno,agencia,ES,flexible,sin_deposito,83.53,1,1,0,0
2777,2025-01-16,2025-02-10,25,4,4,0,suite,desayuno,web_intermediaria,DE,flexible,parcial,214.84,1,0,0,1
3337,2025-01-16,2025-02-12,27,6,3,1,estandar,desayuno,web_intermediaria,UK,flexible,total,80.36,0,0,0,0
5205,2025-01-16,2025-06-09,144,6,2,2,superior,todo_incluido,web_intermediaria,ES,flexible,sin_deposito,102.35,1,0,0,0
1800,2025-01-16,2025-06-29,164,5,2,3,familiar,desayuno,web_intermediaria,UK,flexible,sin_deposito,120.69,0,1,1,1
893,2025-01-16,2025-06-25,160,5,3,0,estandar,desayuno,web_intermediaria,UK,flexible,sin_deposito,73.24,0,1,0,0
3392,2025-01-16,2025-05-05,109,4,4,0,familiar,media_pension,agencia,ES,no_reembolsable,sin_deposito,89.75,0,0,0,1
712,2025-01-16,2025-04-23,97,4,4,0,estandar,desayuno,web_intermediaria,Nordicos,flexible,parcial,76.28,0,0,0,1
2432,2025-01-16,2025-02-14,29,4,2,0,suite,todo_incluido,agencia,UK,flexible,total,206.3,0,0,0,0
5677,2025-01-16,2025-03-28,71,3,1,3,estandar,media_pension,agencia,otros,flexible,sin_deposito,81.52,1,1,0,0
2732,2025-01-16,2025-04-19,93,2,2,0,familiar,desayuno,agencia,otros,flexible,parcial,121.1,0,1,1,0
4992,2025-01-16,2025-04-15,89,9,3,3,superior,media_pension,web_intermediaria,otros,no_reembolsable,parcial,84.44,0,0,0,0
3552,2025-01-16,2025-03-20,63,4,3,0,estandar,todo_incluido,directo,ES,no_reembolsable,sin_deposito,80.08,0,0,0,0
4512,2025-01-16,2025-02-09,24,6,2,0,estandar,solo_alojamiento,agencia,IT,no_reembolsable,parcial,92.73,1,0,0,0
679,2025-01-16,2025-04-05,79,9,2,0,estandar,todo_incluido,web_intermediaria,DE,no_reembolsable,sin_deposito,69.33,0,0,0,1
5659,2025-01-16,2025-07-17,182,3,3,0,estandar,todo_incluido,web_intermediaria,ES,no_reembolsable,parcial,85.77,0,0,0,1
3937,2025-01-17,2025-02-08,22,9,2,0,suite,media_pension,web_intermediaria,ES,flexible,parcial,174.23,4,0,0,0
5915,2025-01-17,2025-03-06,48,7,4,0,superior,desayuno,agencia,DE,no_reembolsable,sin_deposito,116.74,3,0,0,0
1859,2025-01-17,2025-04-29,102,3,2,0,estandar,desayuno,directo,NL,flexible,parcial,63.17,0,0,0,0
5727,2025-01-17,2025-02-15,29,1,1,0,estandar,todo_incluido,web_intermediaria,Nordicos,no_reembolsable,sin_deposito,98.86,1,0,0,1
578,2025-01-17,2025-05-09,112,5,4,0,estandar,desayuno,web_intermediaria,NL,no_reembolsable,parcial,73.01,1,0,0,0
1311,2025-01-17,2025-08-30,225,3,2,1,estandar,todo_incluido,web_intermediaria,otros,no_reembolsable,sin_deposito,76.79,0,0,0,1
4549,2025-01-18,2025-04-14,86,8,2,1,estandar,desayuno,directo,ES,flexible,sin_deposito,68.78,1,0,0,0
1665,2025-01-18,2025-02-14,27,6,3,2,estandar,desayuno,web_intermediaria,ES,flexible,parcial,75.52,0,0,0,1
5520,2025-01-18,2025-04-14,86,6,2,1,suite,desayuno,directo,Nordicos,flexible,sin_deposito,168.53,0,0,0,1
3469,2025-01-18,2025-02-01,14,6,4,0,superior,media_pension,agencia,DE,no_reembolsable,parcial,135.13,1,0,0,0
5724,2025-01-18,2025-03-02,43,8,2,0,estandar,desayuno,web_intermediaria,IT,no_reembolsable,parcial,82.3,0,0,0,0
1195,2025-01-18,2025-05-26,128,8,3,1,estandar,desayuno,web_intermediaria,ES,flexible,sin_deposito,75.84,0,0,0,1
5517,2025-01-18,2025-03-29,70,5,1,0,superior,desayuno,web_intermediaria,,flexible,sin_deposito,99.2,0,1,0,1
2029,2025-01-18,2025-03-17,58,7,2,2,familiar,desayuno,web_intermediaria,UK,flexible,sin_deposito,126.64,0,0,0,0
2489,2025-01-18,2025-02-27,40,6,2,0,superior,media_pension,web_intermediaria,ES,no_reembolsable,total,122.78,0,0,0,0
5435,2025-01-18,2025-04-23,95,6,3,0,estandar,desayuno,web_intermediaria,DE,no_reembolsable,sin_deposito,65.93,2,1,0,1
1074,2025-01-18,2025-04-30,102,6,2,1,suite,desayuno,directo,UK,no_reembolsable,sin_deposito,150.36,0,0,0,0
4813,2025-01-19,2025-04-15,86,7,2,0,estandar,media_pension,web_intermediaria,otros,flexible,sin_deposito,67.42,0,1,0,1
5067,2025-01-19,2025-07-27,189,3,2,1,estandar,desayuno,agencia,NL,flexible,sin_deposito,96.89,1,0,0,1
2518,2025-01-19,2025-04-24,95,12,2,0,estandar,todo_incluido,empresa,ES,flexible,sin_deposito,66.04,0,0,0,0
2609,2025-01-19,2025-03-02,42,9,2,2,familiar,media_pension,agencia,DE,no_reembolsable,parcial,138.91,0,1,0,1
11,2025-01-19,2025-01-26,7,8,3,0,superior,media_pension,agencia,IT,no_reembolsable,parcial,113.66,0,0,0,0
3728,2025-01-19,2025-02-25,37,3,2,1,superior,desayuno,web_intermediaria,ES,flexible,total,112.69,0,0,0,0
997,2025-01-19,2025-04-15,86,4,2,0,estandar,desayuno,directo,ES,no_reembolsable,sin_deposito,66.09,0,1,0,0
3265,2025-01-19,2025-02-27,39,8,3,1,estandar,solo_alojamiento,web_intermediaria,NL,flexible,sin_deposito,81.74,0,0,0,1
4219,2025-01-19,2025-02-14,26,7,2,2,estandar,desayuno,web_intermediaria,UK,no_reembolsable,sin_deposito,90.15,0,0,0,0
4370,2025-01-19,2025-02-06,18,7,1,0,estandar,desayuno,directo,DE,no_reembolsable,sin_deposito,86.79,0,0,0,0
1957,2025-01-20,2025-03-20,59,1,2,0,superior,desayuno,web_intermediaria,UK,no_reembolsable,sin_deposito,130.1,0,0,0,1
5593,2025-01-20,2025-03-29,68,11,1,0,estandar,desayuno,empresa,ES,flexible,sin_deposito,85.87,1,1,0,0
3773,2025-01-20,2025-06-30,161,5,2,2,estandar,desayuno,agencia,NL,flexible,parcial,72.65,0,0,0,1
3646,2025-01-20,2025-05-18,118,4,4,2,estandar,desayuno,empresa,ES,flexible,total,58.36,0,0,0,1
5559,2025-01-20,2025-02-01,12,6,1,2,estandar,todo_incluido,directo,UK,no_reembolsable,sin_deposito,73.96,0,0,0,0
3360,2025-01-20,2025-05-01,101,6,2,0,superior,solo_alojamiento,directo,IT,flexible,sin_deposito,98.66,2,1,1,1
5225,2025-01-20,2025-03-07,46,9,2,0,estandar,todo_incluido,web_intermediaria,ES,flexible,sin_deposito,86.74,0,0,0,1
4836,2025-01-20,2025-02-15,26,7,3,0,suite,media_pension,web_intermediaria,ES,no_reembolsable,parcial,225.13,2,0,0,0
5090,2025-01-20,2025-04-10,80,4,2,0,estandar,desayuno,web_intermediaria,ES,flexible,sin_deposito,66.89,1,1,2,1
3539,2025-01-20,2025-06-19,150,6,2,0,familiar,solo_alojamiento,directo,UK,flexible,sin_deposito,105.06,1,0,0,0
4920,2025-01-20,2025-02-05,16,6,4,0,familiar,desayuno,directo,UK,flexible,parcial,153.42,1,0,0,0
3738,2025-01-20,2025-06-22,153,8,2,0,estandar,desayuno,directo,ES,flexible,sin_deposito,64.47,0,0,0,0
3044,2025-01-21,2025-02-12,22,6,2,0,estandar,desayuno,agencia,UK,flexible,parcial,99.2,1,0,0,0
1392,2025-01-21,2025-04-16,85,6,2,1,familiar,media_pension,web_intermediaria,UK,flexible,parcial,100.69,0,0,0,1
5476,2025-01-21,2025-05-31,130,6,2,0,superior,desayuno,web_intermediaria,otros,no_reembolsable,total,90.14,1,1,0,0
995,2025-01-21,2025-04-24,93,2,2,1,estandar,solo_alojamiento,directo,UK,no_reembolsable,parcial,56.31,2,0,0,0
5758,2025-01-21,2025-03-28,66,4,3,0,familiar,desayuno,web_intermediaria,DE,flexible,sin_deposito,138.35,1,0,0,0
1501,2025-01-21,2025-03-31,69,8,1,0,estandar,desayuno,agencia,UK,no_reembolsable,sin_deposito,80.86,1,1,0,0
1920,2025-01-21,2025-03-01,39,5,1,0,superior,media_pension,agencia,UK,flexible,sin_deposito,118.24,0,0,0,0
1164,2025-01-22,2025-06-01,130,3,2,0,superior,media_pension,directo,DE,no_reembolsable,sin_deposito,113.5,1,0,0,0
2539,2025-01-22,2025-04-19,87,7,4,0,estandar,desayuno,web_intermediaria,UK,flexible,sin_deposito,58.48,2,1,1,1
1902,2025-01-22,2025-02-11,20,7,4,0,estandar,media_pension,directo,DE,flexible,total,92.22,0,0,0,0
4058,2025-01-22,2025-08-12,202,6,4,0,superior,desayuno,web_intermediaria,UK,flexible,parcial,130.26,1,0,0,0
1991,2025-01-22,2025-03-25,62,5,2,0,familiar,solo_alojamiento,empresa,NL,flexible,sin_deposito,123.34,3,0,0,0
1147,2025-01-22,2025-01-31,9,5,1,0,familiar,desayuno,web_intermediaria,UK,flexible,parcial,147.68,1,0,0,0
3478,2025-01-22,2025-04-22,90,6,2,0,estandar,todo_incluido,web_intermediaria,DE,no_reembolsable,sin_deposito,71.44,0,0,0,0
2949,2025-01-22,2025-06-15,144,6,2,1,estandar,desayuno,directo,ES,flexible,parcial,73.5,1,0,0,0
488,2025-01-22,2025-03-06,43,8,1,0,estandar,desayuno,agencia,ES,flexible,sin_deposito,87.88,2,0,0,1
2048,2025-01-22,2025-03-17,54,8,2,2,estandar,desayuno,web_intermediaria,UK,flexible,parcial,84.41,0,0,0,0
507,2025-01-22,2025-04-09,77,6,2,0,estandar,desayuno,directo,UK,no_reembolsable,sin_deposito,65.17,1,0,0,0
1299,2025-01-22,2025-02-28,37,2,3,0,estandar,desayuno,web_intermediaria,DE,no_reembolsable,total,94.65,1,0,0,1
2411,2025-01-22,2025-06-26,155,4,2,0,estandar,desayuno,web_intermediaria,NL,no_reembolsable,sin_deposito,72.87,0,0,0,1
4152,2025-01-22,2025-03-18,55,6,3,2,suite,media_pension,web_intermediaria,NL,flexible,sin_deposito,217.06,0,0,0,0
5505,2025-01-23,2025-04-14,81,5,4,0,estandar,desayuno,agencia,UK,flexible,parcial,69.31,2,0,0,0
4272,2025-01-23,2025-05-05,102,10,4,0,estandar,todo_incluido,agencia,ES,flexible,sin_deposito,72.56,0,0,0,1
3017,2025-01-23,2025-04-08,75,5,1,0,estandar,desayuno,directo,otros,flexible,parcial,84.14,0,0,0,1
747,2025-01-23,2025-04-05,72,3,1,0,estandar,desayuno,agencia,DE,flexible,sin_deposito,73.3,0,0,0,1
1669,2025-01-23,2025-05-06,103,5,4,0,suite,todo_incluido,web_intermediaria,ES,flexible,parcial,146.79,0,0,0,1
656,2025-01-23,2025-03-08,44,9,2,0,superior,media_pension,web_intermediaria,ES,flexible,parcial,123.42,1,0,0,0
2607,2025-01-23,2025-03-22,58,7,2,1,superior,desayuno,directo,ES,no_reembolsable,total,109.85,0,0,0,0
1958,2025-01-23,2025-04-07,74,3,3,0,familiar,todo_incluido,agencia,,flexible,sin_deposito,117.34,1,0,0,0
3897,2025-01-23,2025-04-06,73,8,2,0,estandar,desayuno,web_intermediaria,ES,flexible,sin_deposito,71.32,1,0,0,0
5018,2025-01-23,2025-04-13,80,10,4,0,familiar,desayuno,directo,DE,flexible,parcial,96.77,2,0,0,0
5404,2025-01-23,2025-05-15,112,6,2,0,familiar,desayuno,directo,UK,flexible,parcial,96.65,0,0,0,1
3496,2025-01-23,2025-07-17,175,4,2,2,estandar,desayuno,empresa,ES,flexible,sin_deposito,84.36,0,0,0,1
2593,2025-01-23,2025-04-01,68,7,2,0,estandar,media_pension,agencia,otros,no_reembolsable,parcial,75.84,0,0,0,0
3777,2025-01-23,2025-02-26,34,4,2,1,estandar,todo_incluido,web_intermediaria,UK,no_reembolsable,parcial,98.99,0,0,0,0
1553,2025-01-24,2025-03-24,59,6,1,0,estandar,todo_incluido,web_intermediaria,UK,flexible,total,83.78,1,0,0,0
1335,2025-01-24,2025-05-09,105,8,2,0,estandar,todo_incluido,web_intermediaria,ES,no_reembolsable,total,72.22,1,0,0,0
1725,2025-01-24,2025-02-27,34,5,2,0,estandar,desayuno,directo,UK,flexible,parcial,89.17,1,0,0,0
1341,2025-01-24,2025-03-28,63,5,2,0,superior,solo_alojamiento,web_intermediaria,otros,no_reembolsable,parcial,117.57,2,0,0,1
2310,2025-01-24,2025-02-11,18,3,3,0,estandar,desayuno,web_intermediaria,ES,flexible,total,90.88,0,1,0,0
5826,2025-01-24,2025-03-02,37,5,2,2,estandar,todo_incluido,web_intermediaria,FR,flexible,sin_deposito,93.27,0,0,0,0
4819,2025-01-24,2025-03-06,41,8,2,1,familiar,todo_incluido,empresa,ES,flexible,sin_deposito,135.61,0,0,0,1
5485,2025-01-24,2025-02-28,35,3,4,0,estandar,desayuno,directo,UK,flexible,sin_deposito,82.12,0,0,0,1
5597,2025-01-24,2025-08-23,211,5,2,0,estandar,media_pension,agencia,UK,flexible,total,96.26,1,0,0,1
351,2025-01-24,2025-07-26,183,3,1,0,estandar,desayuno,web_intermediaria,otros,no_reembolsable,total,89.21,0,0,0,1
4224,2025-01-24,2025-04-25,91,7,2,2,superior,solo_alojamiento,directo,otros,flexible,sin_deposito,89.19,2,0,0,1
4502,2025-01-24,2025-02-16,23,8,3,0,superior,desayuno,web_intermediaria,otros,flexible,sin_deposito,103.68,1,0,0,0
2794,2025-01-25,2025-08-12,199,5,2,0,estandar,media_pension,web_intermediaria,ES,flexible,sin_deposito,95.78,0,0,0,1
2766,2025-01-25,2025-03-08,42,7,1,2,estandar,desayuno,empresa,otros,no_reembolsable,total,83.14,0,0,0,0
648,2025-01-25,2025-07-15,171,4,2,0,superior,desayuno,web_intermediaria,NL,flexible,total,130.97,0,0,0,1
1901,2025-01-25,2025-03-12,46,7,3,0,superior,solo_alojamiento,web_intermediaria,Nordicos,no_reembolsable,parcial,124.11,0,1,0,0
1636,2025-01-26,2025-08-13,199,11,3,1,estandar,desayuno,web_intermediaria,NL,no_reembolsable,sin_deposito,100.52,0,0,0,1
2666,2025-01-26,2025-03-10,43,6,2,0,estandar,media_pension,agencia,DE,no_reembolsable,sin_deposito,88.35,1,0,0,1
4097,2025-01-26,2025-04-14,78,11,1,1,estandar,solo_alojamiento,directo,UK,flexible,sin_deposito,59.64,0,0,0,1
5709,2025-01-26,2025-05-28,122,7,1,0,estandar,media_pension,agencia,otros,flexible,total,68.73,0,0,0,0
561,2025-01-26,2025-03-10,43,8,1,2,estandar,desayuno,web_intermediaria,UK,no_reembolsable,sin_deposito,94.91,1,0,0,1
1922,2025-01-26,2025-07-09,164,6,2,0,suite,solo_alojamiento,empresa,IT,flexible,total,202.23,0,0,0,1
606,2025-01-26,2025-08-09,195,4,2,0,estandar,media_pension,directo,ES,no_reembolsable,sin_deposito,103.45,0,1,0,0
3345,2025-01-27,2025-04-20,83,4,2,1,estandar,desayuno,web_intermediaria,ES,no_reembolsable,sin_deposito,56.35,3,0,0,1
4912,2025-01-27,2025-03-05,37,8,3,0,estandar,desayuno,directo,UK,no_reembolsable,sin_deposito,79.52,1,0,0,0
5759,2025-01-27,2025-02-26,30,7,1,1,estandar,media_pension,web_intermediaria,UK,no_reembolsable,parcial,86.88,0,0,0,0
5061,2025-01-27,2025-03-15,47,5,2,0,superior,todo_incluido,web_intermediaria,UK,flexible,total,128.68,1,1,1,0
5317,2025-01-27,2025-03-19,51,4,3,0,superior,desayuno,web_intermediaria,ES,no_reembolsable,sin_deposito,117.68,1,0,0,1
931,2025-01-27,2025-04-13,76,6,2,0,superior,desayuno,web_intermediaria,DE,flexible,parcial,94.01,2,0,0,0
2896,2025-01-27,2025-02-02,6,5,2,0,suite,todo_incluido,directo,Nordicos,no_reembolsable,sin_deposito,168.25,0,0,0,0
4828,2025-01-27,2025-03-21,53,7,2,1,superior,media_pension,web_intermediaria,Nordicos,flexible,sin_deposito,134.67,0,0,0,1
4480,2025-01-27,2025-04-24,87,7,4,0,estandar,desayuno,agencia,NL,flexible,sin_deposito,76.04,0,0,0,1
3467,2025-01-28,2025-04-28,90,6,2,1,estandar,solo_alojamiento,web_intermediaria,NL,flexible,sin_deposito,69.87,0,0,0,1
2139,2025-01-28,2025-03-24,55,7,2,0,estandar,desayuno,web_intermediaria,DE,no_reembolsable,sin_deposito,92.04,0,0,0,0
2351,2025-01-28,2025-08-03,187,4,2,0,superior,desayuno,directo,FR,no_reembolsable,sin_deposito,131.01,0,0,0,0
4523,2025-01-28,2025-07-03,156,9,1,0,suite,desayuno,web_intermediaria,UK,flexible,parcial,198.0,1,0,0,0
5895,2025-01-28,2025-03-08,39,4,2,3,superior,desayuno,web_intermediaria,Nordicos,flexible,parcial,120.17,0,0,0,1
5581,2025-01-28,2025-02-28,31,5,2,0,estandar,desayuno,directo,UK,flexible,sin_deposito,80.57,0,0,0,1
1140,2025-01-28,2025-02-28,31,4,3,1,familiar,desayuno,web_intermediaria,ES,flexible,sin_deposito,145.68,0,0,0,0
3111,2025-01-28,2025-03-03,34,5,2,0,estandar,desayuno,web_intermediaria,UK,flexible,total,76.54,0,0,0,0
3299,2025-01-28,2025-02-06,9,8,2,0,suite,todo_incluido,agencia,otros,flexible,sin_deposito,200.37,0,0,0,0
3679,2025-01-28,2025-04-21,83,4,2,1,suite,solo_alojamiento,directo,ES,flexible,parcial,145.1,0,0,0,1
4821,2025-01-28,2025-03-07,38,4,3,0,estandar,todo_incluido,web_intermediaria,otros,flexible,sin_deposito,92.68,0,1,0,0
2336,2025-01-28,2025-06-11,134,4,2,1,estandar,solo_alojamiento,web_intermediaria,otros,flexible,sin_deposito,71.24,1,0,0,1
4888,2025-01-28,2025-03-02,33,3,2,0,superior,media_pension,directo,DE,flexible,parcial,104.1,1,0,0,0
5576,2025-01-28,2025-03-12,43,4,2,0,estandar,desayuno,web_intermediaria,Nordicos,flexible,parcial,81.36,3,0,0,0
2821,2025-01-29,2025-04-23,84,6,2,1,familiar,todo_incluido,empresa,ES,flexible,parcial,117.14,0,0,0,1
877,2025-01-29,2025-08-30,213,4,2,2,familiar,media_pension,directo,NL,flexible,sin_deposito,150.44,0,0,0,1
1259,2025-01-29,2025-06-04,126,8,3,0,familiar,desayuno,web_intermediaria,ES,flexible,sin_deposito,110.42,2,0,0,1
2924,2025-01-29,2025-03-31,61,3,1,2,estandar,desayuno,web_intermediaria,ES,flexible,sin_deposito,84.81,3,0,0,0
1380,2025-01-29,2025-03-01,31,8,2,0,estandar,solo_alojamiento,web_intermediaria,otros,flexible,sin_deposito,81.62,1,0,0,0
539,2025-01-29,2025-03-28,58,6,3,0,estandar,media_pension,web_intermediaria,otros,no_reembolsable,total,86.16,1,0,0,0
3637,2025-01-29,2025-03-26,56,3,2,1,superior,todo_incluido,directo,DE,flexible,sin_deposito,126.19,2,0,0,0
4023,2025-01-30,2025-03-22,51,5,1,2,suite,desayuno,web_intermediaria,ES,flexible,sin_deposito,173.84,1,0,0,0
289,2025-01-30,2025-03-15,44,6,2,0,estandar,todo_incluido,web_intermediaria,ES,no_reembolsable,sin_deposito,98.58,1,0,0,0
4031,2025-01-30,2025-04-30,90,9,2,0,estandar,desayuno,web_intermediaria,FR,no_reembolsable,sin_deposito,65.27,1,0,0,0
3341,2025-01-30,2025-04-30,90,4,2,0,estandar,media_pension,agencia,UK,no_reembolsable,parcial,76.7,0,0,0,0
1848,2025-01-30,2025-03-23,52,4,2,0,estandar,todo_incluido,web_intermediaria,UK,flexible,sin_deposito,97.03,0,0,0,0
2118,2025-01-30,2025-08-06,188,7,2,0,estandar,solo_alojamiento,directo,UK,flexible,sin_deposito,82.72,0,0,0,1
3979,2025-01-30,2025-03-20,49,4,2,0,familiar,media_pension,web_intermediaria,Nordicos,flexible,parcial,131.68,0,0,0,0
927,2025-01-30,2025-04-17,77,6,2,0,superior,desayuno,agencia,ES,flexible,sin_deposito,90.01,0,1,1,0
2836,2025-01-31,2025-03-11,39,5,3,1,superior,media_pension,agencia,,flexible,parcial,118.19,0,0,0,1
5102,2025-01-31,2025-03-13,41,5,3,2,familiar,desayuno,directo,Nordicos,flexible,parcial,162.42,0,0,0,0
917,2025-01-31,2025-04-27,86,4,1,0,estandar,desayuno,web_intermediaria,,flexible,sin_deposito,61.5,1,0,0,0
305,2025-01-31,2025-04-02,61,9,2,1,familiar,media_pension,web_intermediaria,otros,no_reembolsable,total,106.51,1,0,0,0
5932,2025-01-31,2025-04-06,65,6,1,0,estandar,solo_alojamiento,web_intermediaria,ES,no_reembolsable,sin_deposito,71.18,0,0,0,1
3861,2025-01-31,2025-03-16,44,6,2,0,suite,media_pension,web_intermediaria,DE,flexible,sin_deposito,183.33,1,0,0,0
5267,2025-01-31,2025-06-16,136,6,1,0,familiar,todo_incluido,web_intermediaria,UK,flexible,parcial,101.2,1,1,0,1
4487,2025-01-31,2025-05-13,102,5,2,0,estandar,media_pension,web_intermediaria,UK,no_reembolsable,parcial,77.19,0,0,0,1
5395,2025-01-31,2025-02-07,7,4,4,0,estandar,solo_alojamiento,empresa,NL,flexible,sin_deposito,78.6,0,0,0,0
5685,2025-02-01,2025-03-01,28,3,2,0,superior,todo_incluido,empresa,UK,flexible,sin_deposito,118.62,0,0,0,1
2137,2025-02-01,2025-03-26,53,8,1,1,superior,solo_alojamiento,directo,ES,flexible,sin_deposito,116.1,1,0,0,0
789,2025-02-01,2025-03-12,39,2,2,0,familiar,solo_alojamiento,web_intermediaria,IT,flexible,parcial,124.99,1,1,2,1
5789,2025-02-01,2025-03-29,56,2,3,1,superior,todo_incluido,agencia,UK,flexible,total,106.71,0,0,0,0
807,2025-02-01,2025-04-01,59,5,2,0,estandar,desayuno,web_intermediaria,otros,flexible,sin_deposito,69.26,1,1,0,1
5150,2025-02-01,2025-07-07,156,4,2,0,familiar,media_pension,agencia,DE,flexible,total,130.89,0,0,0,1
2154,2025-02-01,2025-03-22,49,4,2,0,estandar,desayuno,directo,ES,no_reembolsable,parcial,99.41,1,0,0,0
4703,2025-02-01,2025-05-28,116,10,4,0,suite,solo_alojamiento,agencia,IT,no_reembolsable,parcial,152.72,0,0,0,1
295,2025-02-01,2025-03-06,33,3,3,0,suite,todo_incluido,web_intermediaria,ES,no_reembolsable,parcial,193.74,0,0,0,1
2775,2025-02-01,2025-04-01,59,6,2,2,estandar,media_pension,web_intermediaria,otros,no_reembolsable,sin_deposito,68.74,0,0,0,0
3941,2025-02-01,2025-04-25,83,8,4,0,familiar,media_pension,agencia,UK,no_reembolsable,sin_deposito,117.39,0,0,0,0
2119,2025-02-02,2025-04-12,69,5,1,0,estandar,desayuno,web_intermediaria,FR,no_reembolsable,total,68.48,0,1,3,0
2834,2025-02-02,2025-04-08,65,7,2,2,estandar,desayuno,agencia,otros,flexible,sin_deposito,70.97,1,0,0,0
2343,2025-02-02,2025-02-13,11,6,2,0,estandar,media_pension,empresa,UK,flexible,total,80.8,1,0,0,0
3632,2025-02-02,2025-04-07,64,4,1,2,estandar,todo_incluido,web_intermediaria,UK,no_reembolsable,parcial,70.29,1,0,0,0
29,2025-02-02,2025-08-09,188,5,2,0,estandar,todo_incluido,agencia,DE,flexible,total,88.19,0,0,0,1
57,2025-02-02,2025-05-23,110,5,2,3,estandar,media_pension,web_intermediaria,NL,flexible,total,72.68,0,0,0,0
5665,2025-02-03,2025-04-12,68,8,2,1,estandar,solo_alojamiento,agencia,ES,flexible,total,67.9,1,0,0,0
983,2025-02-03,2025-03-02,27,3,2,0,estandar,todo_incluido,agencia,NL,no_reembolsable,sin_deposito,90.09,2,0,0,1
331,2025-02-03,2025-03-21,46,4,2,0,superior,todo_incluido,directo,IT,flexible,sin_deposito,116.29,0,0,0,1
4129,2025-02-03,2025-02-14,11,3,2,1,familiar,desayuno,agencia,NL,no_reembolsable,parcial,147.95,0,1,0,0
229,2025-02-03,2025-03-03,28,9,4,0,familiar,todo_incluido,agencia,otros,flexible,sin_deposito,142.05,1,0,0,0
3477,2025-02-03,2025-04-05,61,3,2,0,suite,desayuno,web_intermediaria,FR,no_reembolsable,sin_deposito,171.97,1,1,0,0
3758,2025-02-03,2025-05-22,108,5,3,0,superior,media_pension,web_intermediaria,NL,flexible,sin_deposito,92.26,0,0,0,1
4096,2025-02-03,2025-02-21,18,5,2,0,familiar,media_pension,web_intermediaria,UK,flexible,sin_deposito,147.52,2,0,0,1
4708,2025-02-04,2025-03-10,34,5,3,0,estandar,media_pension,web_intermediaria,UK,flexible,sin_deposito,80.38,1,1,1,0
5988,2025-02-04,2025-04-01,56,6,4,0,suite,desayuno,directo,otros,flexible,sin_deposito,162.01,0,0,0,0
5770,2025-02-04,2025-05-24,109,6,2,1,estandar,todo_incluido,web_intermediaria,IT,flexible,parcial,62.63,0,0,0,1
5038,2025-02-04,2025-05-04,89,8,2,0,suite,todo_incluido,directo,DE,no_reembolsable,parcial,162.67,0,0,0,0
1577,2025-02-04,2025-05-13,98,4,2,0,familiar,todo_incluido,web_intermediaria,ES,no_reembolsable,sin_deposito,109.14,2,0,0,0
5111,2025-02-04,2025-02-20,16,7,2,0,superior,solo_alojamiento,web_intermediaria,otros,no_reembolsable,sin_deposito,114.38,1,0,0,1
3823,2025-02-04,2025-03-01,25,5,2,1,estandar,desayuno,agencia,ES,no_reembolsable,parcial,90.64,1,0,0,0
5976,2025-02-04,2025-03-07,31,4,3,0,estandar,media_pension,web_intermediaria,otros,flexible,sin_deposito,90.09,1,0,0,1
879,2025-02-04,2025-03-19,43,8,2,0,estandar,media_pension,web_intermediaria,UK,flexible,sin_deposito,78.43,0,0,0,1
992,2025-02-04,2025-05-13,98,3,2,0,superior,solo_alojamiento,web_intermediaria,UK,no_reembolsable,parcial,93.93,0,0,0,1
3066,2025-02-05,2025-03-24,47,5,2,0,superior,todo_incluido,directo,UK,flexible,parcial,121.61,3,0,0,0
5766,2025-02-05,2025-03-19,42,6,2,1,estandar,media_pension,web_intermediaria,DE,flexible,parcial,69.33,0,1,1,1
3828,2025-02-05,2025-03-07,30,4,2,0,familiar,desayuno,directo,ES,flexible,sin_deposito,157.65,0,0,0,0
3914,2025-02-05,2025-04-02,56,3,1,0,estandar,desayuno,directo,UK,flexible,sin_deposito,75.61,1,0,0,0
1323,2025-02-05,2025-06-22,137,6,2,1,estandar,desayuno,agencia,UK,flexible,sin_deposito,68.31,1,0,0,0
5101,2025-02-05,2025-03-15,38,5,4,1,superior,desayuno,web_intermediaria,otros,flexible,total,118.54,1,0,0,0
1497,2025-02-06,2025-05-21,104,6,2,0,estandar,todo_incluido,agencia,otros,no_reembolsable,total,73.66,2,0,0,0
2404,2025-02-06,2025-05-06,89,9,2,2,superior,desayuno,agencia,ES,flexible,sin_deposito,96.67,0,0,0,1
4449,2025-02-06,2025-09-11,217,3,4,0,superior,todo_incluido,agencia,IT,flexible,parcial,79.88,1,0,0,1
4353,2025-02-06,2025-05-01,84,5,2,0,familiar,solo_alojamiento,web_intermediaria,otros,flexible,parcial,84.65,0,0,0,0
1997,2025-02-07,2025-03-18,39,8,1,0,familiar,desayuno,directo,IT,no_reembolsable,parcial,139.39,0,0,0,0
2335,2025-02-07,2025-03-21,42,6,2,0,superior,media_pension,directo,UK,flexible,parcial,128.2,1,0,0,0
1625,2025-02-07,2025-04-25,77,5,2,1,estandar,desayuno,directo,otros,flexible,sin_deposito,77.55,1,0,0,0
655,2025-02-07,2025-05-06,88,2,3,0,superior,todo_incluido,web_intermediaria,UK,no_reembolsable,sin_deposito,102.88,0,0,0,0
1222,2025-02-07,2025-05-12,94,2,3,0,estandar,media_pension,directo,ES,flexible,parcial,66.41,1,0,0,0
762,2025-02-07,2025-05-06,88,10,2,0,superior,solo_alojamiento,agencia,UK,flexible,parcial,100.41,1,1,0,0
5469,2025-02-07,2025-04-15,67,6,3,0,familiar,todo_incluido,directo,UK,flexible,sin_deposito,116.06,0,0,0,0
4994,2025-02-07,2025-05-20,102,9,1,0,familiar,desayuno,directo,otros,no_reembolsable,sin_deposito,104.27,1,0,0,0
2252,2025-02-07,2025-07-30,173,10,4,0,superior,desayuno,agencia,otros,no_reembolsable,sin_deposito,127.44,0,1,0,0
1840,2025-02-07,2025-04-28,80,9,2,0,superior,todo_incluido,web_intermediaria,UK,no_reembolsable,sin_deposito,86.38,2,0,0,0
3146,2025-02-07,2025-06-19,132,8,2,0,estandar,todo_incluido,directo,UK,no_reembolsable,parcial,58.48,1,1,0,0
1938,2025-02-08,2025-04-27,78,6,2,0,estandar,media_pension,web_intermediaria,ES,flexible,parcial,62.06,1,0,0,1
2586,2025-02-08,2025-04-12,63,14,2,0,estandar,solo_alojamiento,web_intermediaria,ES,flexible,parcial,65.03,3,0,0,1
308,2025-02-08,2025-03-20,40,7,2,0,suite,media_pension,web_intermediaria,IT,flexible,total,188.92,2,0,0,0
34,2025-02-08,2025-04-06,57,3,2,2,estandar,todo_incluido,agencia,UK,flexible,sin_deposito,68.24,1,1,0,0
3786,2025-02-08,2025-05-11,92,5,2,0,estandar,solo_alojamiento,web_intermediaria,ES,no_reembolsable,sin_deposito,73.44,0,1,0,1
132,2025-02-08,2025-04-13,64,9,2,0,estandar,solo_alojamiento,directo,ES,flexible,parcial,68.55,0,0,0,0
5555,2025-02-08,2025-08-06,179,8,2,1,estandar,desayuno,web_intermediaria,otros,no_reembolsable,total,76.26,0,0,0,1
3598,2025-02-08,2025-03-18,38,2,3,2,estandar,desayuno,web_intermediaria,,flexible,parcial,87.85,0,0,0,0
1664,2025-02-08,2025-03-06,26,2,2,0,superior,desayuno,directo,ES,flexible,sin_deposito,125.76,2,0,0,0
5843,2025-02-08,2025-05-15,96,5,1,0,suite,desayuno,agencia,IT,no_reembolsable,parcial,169.92,1,0,0,0
4197,2025-02-08,2025-03-13,33,7,2,0,familiar,media_pension,web_intermediaria,ES,no_reembolsable,total,131.23,0,0,0,0
456,2025-02-09,2025-06-26,137,5,3,0,suite,desayuno,agencia,DE,no_reembolsable,sin_deposito,138.63,0,0,0,0
5466,2025-02-09,2025-05-18,98,3,2,0,estandar,media_pension,web_intermediaria,DE,flexible,sin_deposito,59.51,1,0,0,0
1258,2025-02-09,2025-04-25,75,4,1,1,estandar,solo_alojamiento,directo,UK,flexible,total,75.26,2,1,0,0
755,2025-02-09,2025-03-09,28,7,2,1,familiar,todo_incluido,web_intermediaria,UK,no_reembolsable,sin_deposito,135.43,1,0,0,0
330,2025-02-09,2026-01-08,333,9,2,2,estandar,todo_incluido,web_intermediaria,Nordicos,no_reembolsable,total,80.71,0,0,0,1
4923,2025-02-09,2025-02-20,11,4,4,0,estandar,solo_alojamiento,web_intermediaria,UK,no_reembolsable,sin_deposito,88.33,0,0,0,1
4677,2025-02-09,2025-06-01,112,5,3,0,superior,media_pension,directo,UK,flexible,sin_deposito,94.4,0,1,1,0
4814,2025-02-09,2025-03-02,21,7,2,0,familiar,todo_incluido,directo,ES,no_reembolsable,sin_deposito,138.01,1,0,0,0
1084,2025-02-09,2025-07-15,156,3,2,0,estandar,todo_incluido,web_intermediaria,NL,no_reembolsable,total,108.0,1,0,0,0
113,2025-02-09,2025-03-22,41,3,3,1,estandar,desayuno,web_intermediaria,FR,flexible,sin_deposito,81.49,0,0,0,1
2031,2025-02-09,2025-02-27,18,4,2,0,superior,todo_incluido,web_intermediaria,FR,flexible,sin_deposito,118.03,0,0,0,0
1365,2025-02-09,2025-03-28,47,3,3,2,familiar,desayuno,agencia,ES,no_reembolsable,sin_deposito,137.78,0,0,0,0
4800,2025-02-09,2025-06-27,138,4,4,0,superior,desayuno,directo,UK,flexible,sin_deposito,91.5,0,0,0,0
1565,2025-02-10,2025-03-31,49,4,2,0,familiar,desayuno,agencia,FR,flexible,parcial,136.8,1,0,0,0
5736,2025-02-10,2025-07-01,141,7,4,2,familiar,solo_alojamiento,web_intermediaria,otros,no_reembolsable,sin_deposito,123.77,0,0,0,1
3661,2025-02-10,2025-03-19,37,5,2,0,superior,desayuno,agencia,ES,flexible,sin_deposito,128.08,0,0,0,0
3176,2025-02-10,2025-03-31,49,8,2,0,familiar,solo_alojamiento,web_intermediaria,UK,flexible,sin_deposito,137.16,1,0,0,1
1129,2025-02-10,2025-05-10,89,10,2,0,superior,media_pension,web_intermediaria,ES,no_reembolsable,parcial,96.8,0,0,0,0
5440,2025-02-10,2025-04-03,52,4,2,2,estandar,desayuno,directo,UK,no_reembolsable,parcial,78.4,2,0,0,0
158,2025-02-10,2025-03-03,21,4,3,0,superior,solo_alojamiento,web_intermediaria,ES,flexible,sin_deposito,110.64,0,0,0,1
4554,2025-02-10,2025-04-06,55,9,2,0,estandar,solo_alojamiento,web_intermediaria,UK,flexible,total,61.31,0,1,1,1
5144,2025-02-11,2025-05-15,93,8,4,0,familiar,desayuno,agencia,ES,flexible,sin_deposito,102.8,0,1,0,0
5237,2025-02-11,2025-05-02,80,6,2,0,familiar,solo_alojamiento,web_intermediaria,UK,no_reembolsable,sin_deposito,106.73,1,0,0,0
5632,2025-02-11,2025-03-20,37,4,3,0,superior,desayuno,agencia,otros,flexible,sin_deposito,93.09,0,1,2,1
4371,2025-02-11,2025-05-01,79,8,1,0,estandar,desayuno,agencia,UK,flexible,sin_deposito,64.52,2,0,0,0
5419,2025-02-11,2025-03-18,35,6,2,0,familiar,solo_alojamiento,web_intermediaria,IT,flexible,sin_deposito,134.2,3,0,0,0
1003,2025-02-11,2025-04-07,55,6,2,0,familiar,solo_alojamiento,directo,UK,no_reembolsable,sin_deposito,99.62,2,0,0,1
134,2025-02-12,2025-07-27,165,6,2,0,superior,desayuno,directo,ES,no_reembolsable,sin_deposito,108.84,0,0,0,0
3843,2025-02-12,2025-03-22,38,4,2,1,superior,desayuno,web_intermediaria,NL,flexible,sin_deposito,120.9,1,0,0,0
5409,2025-02-12,2025-06-16,124,7,1,0,estandar,desayuno,web_intermediaria,NL,flexible,parcial,75.29,1,0,0,1
1975,2025-02-12,2025-05-08,85,8,1,0,estandar,desayuno,agencia,ES,no_reembolsable,parcial,61.79,1,1,1,0
4615,2025-02-12,2025-03-17,33,3,2,0,suite,desayuno,web_intermediaria,UK,flexible,sin_deposito,207.34,0,0,0,0
3611,2025-02-12,2025-03-18,34,5,1,0,familiar,desayuno,web_intermediaria,ES,no_reembolsable,parcial,137.47,0,0,0,0
5254,2025-02-13,2025-06-04,111,4,2,0,superior,todo_incluido,web_intermediaria,ES,no_reembolsable,parcial,102.11,1,0,0,1
1387,2025-02-13,2025-03-30,45,7,2,3,familiar,todo_incluido,agencia,ES,flexible,sin_deposito,132.12,1,1,1,1
3760,2025-02-13,2025-06-14,121,7,2,0,familiar,media_pension,directo,Nordicos,flexible,parcial,116.33,1,0,0,1
2426,2025-02-13,2025-03-05,20,3,3,0,superior,desayuno,directo,ES,flexible,total,123.03,0,0,0,0
1412,2025-02-13,2025-03-25,40,5,2,2,estandar,solo_alojamiento,web_intermediaria,UK,flexible,parcial,87.37,0,0,0,0
4787,2025-02-13,2025-11-06,266,4,2,1,estandar,todo_incluido,web_intermediaria,ES,flexible,parcial,68.39,2,0,0,1
4530,2025-02-14,2025-08-06,173,2,2,1,superior,desayuno,web_intermediaria,DE,flexible,parcial,113.31,0,0,0,1
2634,2025-02-14,2025-06-08,114,2,2,0,suite,desayuno,web_intermediaria,UK,no_reembolsable,sin_deposito,176.1,0,0,0,1
2604,2025-02-14,2025-04-28,73,6,2,0,suite,desayuno,agencia,ES,flexible,parcial,158.17,1,0,0,0
5799,2025-02-14,2025-04-29,74,4,4,0,superior,media_pension,directo,otros,flexible,sin_deposito,88.83,0,0,0,0
2062,2025-02-14,2025-03-28,42,6,1,0,familiar,media_pension,directo,otros,flexible,sin_deposito,143.47,0,0,0,0
1434,2025-02-14,2025-04-07,52,2,2,2,superior,solo_alojamiento,web_intermediaria,DE,no_reembolsable,sin_deposito,103.1,1,0,0,0
3215,2025-02-14,2025-07-03,139,9,2,1,familiar,media_pension,web_intermediaria,ES,no_reembolsable,sin_deposito,160.93,2,0,0,0
2883,2025-02-14,2025-07-09,145,7,4,0,estandar,solo_alojamiento,web_intermediaria,ES,flexible,parcial,81.43,4,0,0,1
5990,2025-02-14,2025-03-03,17,6,2,0,estandar,solo_alojamiento,directo,FR,no_reembolsable,total,89.67,1,0,0,0
2436,2025-02-15,2025-05-01,75,12,1,0,familiar,desayuno,directo,NL,no_reembolsable,sin_deposito,106.88,0,0,0,0
3448,2025-02-15,2025-02-27,12,5,2,0,estandar,todo_incluido,directo,otros,no_reembolsable,sin_deposito,89.36,0,0,0,1
4384,2025-02-15,2025-05-23,97,4,2,0,familiar,todo_incluido,web_intermediaria,UK,flexible,sin_deposito,112.19,1,0,0,1
5866,2025-02-15,2025-09-01,198,11,3,0,estandar,media_pension,web_intermediaria,UK,flexible,total,67.29,0,1,0,1
3033,2025-02-15,2025-05-26,100,8,1,2,estandar,media_pension,web_intermediaria,UK,flexible,total,77.04,1,0,0,0
4163,2025-02-15,2025-02-17,2,6,2,1,superior,solo_alojamiento,web_intermediaria,UK,no_reembolsable,sin_deposito,126.23,0,0,0,0
5044,2025-02-15,2025-03-13,26,7,2,1,familiar,solo_alojamiento,web_intermediaria,DE,flexible,sin_deposito,138.34,0,1,0,1
5331,2025-02-15,2025-04-21,65,6,2,0,estandar,todo_incluido,empresa,UK,no_reembolsable,sin_deposito,73.44,1,0,0,0
3259,2025-02-15,2025-03-19,32,5,4,0,superior,solo_alojamiento,web_intermediaria,IT,flexible,parcial,122.52,0,1,0,0
706,2025-02-16,2025-05-28,101,4,2,0,suite,solo_alojamiento,web_intermediaria,NL,no_reembolsable,sin_deposito,144.81,1,0,0,0
79,2025-02-16,2025-03-31,43,6,4,0,superior,media_pension,agencia,UK,flexible,sin_deposito,115.99,0,0,0,0
4195,2025-02-16,2025-04-28,71,12,2,0,estandar,todo_incluido,web_intermediaria,IT,flexible,sin_deposito,78.08,0,0,0,0
5327,2025-02-16,2025-03-17,29,10,2,0,estandar,solo_alojamiento,directo,otros,flexible,sin_deposito,95.95,0,0,0,0
131,2025-02-16,2025-07-21,155,5,2,0,estandar,desayuno,directo,UK,flexible,parcial,93.2,1,0,0,1
2656,2025-02-16,2025-04-14,57,9,3,0,estandar,todo_incluido,directo,ES,flexible,sin_deposito,70.44,1,1,0,0
2688,2025-02-16,2025-09-19,215,7,1,2,familiar,media_pension,agencia,UK,flexible,sin_deposito,112.71,0,1,0,1
126,2025-02-16,2025-03-08,20,7,3,0,familiar,desayuno,web_intermediaria,FR,flexible,parcial,150.29,1,1,0,0
5316,2025-02-16,2025-03-10,22,3,3,0,estandar,todo_incluido,web_intermediaria,ES,flexible,sin_deposito,97.31,2,0,0,0
1029,2025-02-16,2025-05-27,100,8,4,0,estandar,todo_incluido,directo,ES,no_reembolsable,parcial,74.56,0,0,0,0
5343,2025-02-17,2025-03-20,31,9,2,0,superior,desayuno,empresa,FR,flexible,parcial,117.01,0,0,0,1
4352,2025-02-17,2025-04-30,72,2,3,0,familiar,desayuno,web_intermediaria,ES,no_reembolsable,sin_deposito,108.03,0,1,1,1
2402,2025-02-17,2025-05-02,74,1,2,0,estandar,media_pension,web_intermediaria,DE,flexible,sin_deposito,71.63,0,0,0,0
980,2025-02-17,2025-05-17,89,4,3,0,estandar,solo_alojamiento,agencia,DE,flexible,parcial,72.74,1,0,0,0
1672,2025-02-17,2025-06-08,111,4,1,0,estandar,todo_incluido,web_intermediaria,ES,flexible,sin_deposito,62.4,1,0,0,1
5519,2025-02-17,2025-06-26,129,5,1,0,superior,desayuno,web_intermediaria,DE,flexible,sin_deposito,77.49,0,0,0,1
1189,2025-02-17,2025-09-07,202,4,3,0,estandar,desayuno,web_intermediaria,ES,no_reembolsable,total,74.1,2,0,0,0
4678,2025-02-18,2025-03-11,21,3,2,0,familiar,media_pension,web_intermediaria,,flexible,sin_deposito,140.6,0,0,0,1
5509,2025-02-18,2025-06-27,129,9,2,0,familiar,solo_alojamiento,directo,DE,flexible,total,94.83,0,0,0,1
3144,2025-02-18,2025-06-19,121,6,1,0,estandar,desayuno,web_intermediaria,DE,no_reembolsable,sin_deposito,63.59,0,0,0,1
2647,2025-02-18,2025-04-01,42,6,2,2,estandar,desayuno,web_intermediaria,UK,no_reembolsable,total,72.73,1,0,0,0
3891,2025-02-18,2025-05-11,82,4,1,0,familiar,media_pension,web_intermediaria,UK,no_reembolsable,parcial,91.75,1,0,0,1
437,2025-02-18,2025-04-18,59,6,2,1,suite,solo_alojamiento,directo,ES,flexible,total,169.69,0,1,0,0
2798,2025-02-18,2025-04-18,59,3,2,0,superior,media_pension,agencia,UK,flexible,sin_deposito,102.54,1,0,0,1
5820,2025-02-18,2025-08-29,192,6,3,0,superior,desayuno,agencia,UK,flexible,sin_deposito,123.23,0,0,0,1
2857,2025-02-18,2025-07-29,161,4,2,2,estandar,solo_alojamiento,agencia,Nordicos,no_reembolsable,parcial,77.77,0,1,0,1
5199,2025-02-18,2025-06-29,131,3,2,0,estandar,desayuno,agencia,UK,no_reembolsable,sin_deposito,79.64,0,0,0,1
2580,2025-02-18,2025-06-26,128,5,2,0,suite,media_pension,web_intermediaria,Nordicos,flexible,sin_deposito,156.38,1,0,0,1
116,2025-02-19,2025-05-27,97,13,2,0,superior,desayuno,agencia,otros,no_reembolsable,sin_deposito,78.44,0,1,1,1
5785,2025-02-19,2025-06-01,102,5,2,0,suite,desayuno,directo,ES,flexible,sin_deposito,142.3,0,0,0,0
2892,2025-02-19,2025-05-05,75,10,4,0,superior,todo_incluido,agencia,Nordicos,flexible,sin_deposito,92.26,0,0,0,1
3594,2025-02-19,2025-03-23,32,7,2,1,estandar,media_pension,web_intermediaria,otros,flexible,sin_deposito,83.67,1,1,0,0
1544,2025-02-19,2025-07-24,155,4,2,0,superior,media_pension,web_intermediaria,Nordicos,no_reembolsable,parcial,122.43,0,1,1,1
4767,2025-02-20,2025-10-03,225,10,2,0,estandar,desayuno,empresa,DE,no_reembolsable,parcial,55.72,0,0,0,0
3684,2025-02-20,2025-04-26,65,7,2,0,estandar,solo_alojamiento,agencia,NL,flexible,sin_deposito,71.72,1,0,0,0
1728,2025-02-20,2025-03-09,17,1,3,2,estandar,media_pension,directo,UK,flexible,sin_deposito,96.19,1,0,0,0
570,2025-02-20,2025-07-30,160,9,1,0,superior,todo_incluido,empresa,UK,no_reembolsable,sin_deposito,114.63,1,1,0,0
5250,2025-02-20,2025-08-17,178,7,3,0,estandar,media_pension,directo,UK,flexible,sin_deposito,87.65,1,0,0,0
3236,2025-02-20,2025-03-11,19,3,2,0,estandar,desayuno,web_intermediaria,FR,no_reembolsable,total,94.08,0,0,0,0
2303,2025-02-20,2025-06-22,122,5,2,3,familiar,solo_alojamiento,directo,NL,no_reembolsable,parcial,113.83,1,0,0,0
2199,2025-02-20,2025-03-22,30,6,4,0,superior,desayuno,web_intermediaria,ES,no_reembolsable,parcial,120.33,0,0,0,0
3235,2025-02-21,2025-05-20,88,8,1,0,superior,media_pension,directo,UK,flexible,parcial,78.08,0,0,0,0
3926,2025-02-21,2025-04-15,53,5,2,0,superior,solo_alojamiento,web_intermediaria,UK,flexible,total,83.57,2,1,0,0
5615,2025-02-21,2026-01-11,324,5,2,0,estandar,desayuno,agencia,Nordicos,flexible,sin_deposito,94.65,1,0,0,1
4186,2025-02-21,2025-04-25,63,5,3,0,superior,desayuno,empresa,ES,no_reembolsable,parcial,86.87,4,0,0,0
4721,2025-02-21,2025-06-04,103,5,2,0,estandar,media_pension,web_intermediaria,,flexible,sin_deposito,73.01,1,1,1,0
978,2025-02-21,2025-04-06,44,3,2,1,estandar,media_pension,web_intermediaria,otros,flexible,sin_deposito,69.85,1,0,0,1
1455,2025-02-21,2025-04-27,65,6,1,1,estandar,solo_alojamiento,web_intermediaria,otros,flexible,sin_deposito,67.52,1,0,0,1
708,2025-02-21,2025-05-12,80,2,2,0,estandar,desayuno,web_intermediaria,UK,flexible,sin_deposito,77.02,0,0,0,1
288,2025-02-21,2025-06-10,109,7,4,0,suite,solo_alojamiento,web_intermediaria,UK,no_reembolsable,sin_deposito,161.94,2,0,0,0
1759,2025-02-21,2025-07-03,132,5,3,0,estandar,todo_incluido,directo,ES,flexible,sin_deposito,72.89,1,0,0,1
4892,2025-02-21,2025-04-18,56,4,2,2,familiar,media_pension,directo,ES,no_reembolsable,sin_deposito,99.99,0,0,0,1
922,2025-02-21,2025-05-19,87,5,2,0,estandar,todo_incluido,agencia,UK,flexible,sin_deposito,72.3,0,0,0,1
4658,2025-02-22,2025-03-07,13,10,2,0,superior,desayuno,agencia,DE,flexible,sin_deposito,124.74,0,1,1,0
4977,2025-02-22,2025-03-02,8,6,1,1,estandar,todo_incluido,directo,DE,no_reembolsable,sin_deposito,87.82,1,1,1,0
5938,2025-02-22,2025-03-12,18,5,2,0,estandar,desayuno,directo,DE,flexible,sin_deposito,89.08,0,1,0,0
1631,2025-02-22,2025-03-15,21,4,2,0,estandar,solo_alojamiento,web_intermediaria,UK,flexible,total,99.9,1,0,0,1
5480,2025-02-23,2025-04-15,51,7,2,0,estandar,desayuno,agencia,ES,no_reembolsable,total,69.15,1,0,0,0
5286,2025-02-23,2025-11-16,266,7,2,0,familiar,media_pension,agencia,NL,no_reembolsable,total,115.37,0,0,0,1
5338,2025-02-23,2025-10-24,243,1,1,0,superior,desayuno,agencia,otros,no_reembolsable,total,92.5,0,0,0,0
4757,2025-02-23,2025-04-06,42,4,2,0,estandar,desayuno,web_intermediaria,DE,flexible,sin_deposito,70.26,1,0,0,0
2737,2025-02-23,2025-05-14,80,3,2,2,estandar,desayuno,web_intermediaria,Nordicos,flexible,parcial,72.92,1,0,0,1
3883,2025-02-23,2025-05-11,77,4,2,0,familiar,todo_incluido,directo,ES,flexible,sin_deposito,99.37,0,0,0,1
1897,2025-02-23,2025-07-15,142,4,2,0,estandar,media_pension,web_intermediaria,otros,flexible,parcial,79.86,0,0,0,1
129,2025-02-23,2025-04-01,37,3,2,0,familiar,solo_alojamiento,directo,ES,no_reembolsable,sin_deposito,112.16,1,0,0,0
1344,2025-02-23,2025-04-06,42,6,2,0,superior,solo_alojamiento,web_intermediaria,otros,no_reembolsable,total,96.7,0,0,0,1
1765,2025-02-24,2025-04-25,60,7,2,0,superior,media_pension,agencia,DE,flexible,parcial,92.01,1,0,0,1
3763,2025-02-24,2025-04-13,48,9,2,0,estandar,desayuno,web_intermediaria,UK,no_reembolsable,sin_deposito,72.87,0,0,0,0
2247,2025-02-24,2025-05-17,82,8,2,2,estandar,desayuno,web_intermediaria,DE,flexible,sin_deposito,62.46,1,0,0,1
535,2025-02-25,2025-06-03,98,4,2,2,superior,desayuno,directo,NL,no_reembolsable,sin_deposito,94.04,0,0,0,1
5863,2025-02-25,2025-05-23,87,5,4,1,estandar,desayuno,web_intermediaria,ES,no_reembolsable,sin_deposito,72.67,1,0,0,1
2530,2025-02-25,2025-08-08,164,7,2,1,estandar,desayuno,directo,ES,no_reembolsable,total,86.93,1,0,0,0
2561,2025-02-25,2025-09-04,191,7,2,0,estandar,desayuno,web_intermediaria,UK,flexible,parcial,68.89,0,0,0,1
930,2025-02-25,2025-03-13,16,6,2,0,estandar,media_pension,web_intermediaria,DE,no_reembolsable,parcial,89.65,0,1,0,0
1627,2025-02-25,2025-07-25,150,4,2,0,superior,solo_alojamiento,agencia,DE,flexible,sin_deposito,139.4,0,0,0,0
3512,2025-02-26,2025-03-28,30,9,2,0,estandar,media_pension,directo,NL,flexible,total,87.65,1,0,0,0
228,2025-02-26,2025-03-14,16,7,2,0,estandar,desayuno,directo,UK,flexible,parcial,83.59,2,0,0,0
4365,2025-02-26,2025-09-28,214,6,2,0,superior,todo_incluido,empresa,ES,no_reembolsable,sin_deposito,96.32,1,0,0,1
3227,2025-02-26,2025-07-03,127,8,2,2,estandar,desayuno,directo,DE,no_reembolsable,sin_deposito,81.48,1,0,0,0
5577,2025-02-26,2025-06-06,100,6,1,0,familiar,desayuno,agencia,FR,flexible,total,115.33,1,0,0,1
597,2025-02-26,2025-03-27,29,5,2,2,estandar,media_pension,empresa,UK,flexible,sin_deposito,81.84,2,0,0,1
2626,2025-02-26,2025-05-12,75,8,1,0,familiar,desayuno,web_intermediaria,UK,no_reembolsable,sin_deposito,97.82,1,0,0,1
3542,2025-02-27,2025-06-04,97,5,2,0,superior,todo_incluido,web_intermediaria,UK,flexible,total,86.88,1,0,0,1
3137,2025-02-27,2025-05-23,85,9,2,1,familiar,media_pension,web_intermediaria,ES,no_reembolsable,sin_deposito,117.42,1,0,0,1
2719,2025-02-27,2025-04-23,55,4,4,0,estandar,media_pension,directo,ES,flexible,sin_deposito,61.14,0,0,0,0
2679,2025-02-27,2025-04-13,45,7,3,0,estandar,desayuno,directo,UK,flexible,parcial,67.23,1,0,0,0
5592,2025-02-27,2025-05-15,77,8,3,0,estandar,todo_incluido,web_intermediaria,otros,no_reembolsable,total,64.44,0,0,0,0
677,2025-02-27,2025-04-20,52,8,4,1,estandar,solo_alojamiento,directo,UK,no_reembolsable,sin_deposito,67.22,2,0,0,0
4662,2025-02-27,2025-09-27,212,5,3,0,superior,media_pension,web_intermediaria,ES,no_reembolsable,sin_deposito,98.03,0,0,0,1
266,2025-02-28,2025-09-01,185,7,2,2,estandar,desayuno,web_intermediaria,Nordicos,no_reembolsable,sin_deposito,70.99,2,0,0,1
2729,2025-02-28,2025-06-28,120,4,2,0,superior,todo_incluido,web_intermediaria,ES,flexible,total,106.72,0,1,1,0
1760,2025-02-28,2025-04-27,58,5,2,0,suite,todo_incluido,web_intermediaria,UK,no_reembolsable,sin_deposito,149.41,1,0,0,1
3075,2025-02-28,2025-06-14,106,3,1,1,estandar,solo_alojamiento,web_intermediaria,,no_reembolsable,parcial,72.98,0,1,0,0
3751,2025-02-28,2025-05-21,82,7,2,1,estandar,media_pension,agencia,otros,no_reembolsable,sin_deposito,74.81,0,0,0,1
3802,2025-02-28,2025-04-05,36,5,1,0,familiar,media_pension,agencia,UK,no_reembolsable,sin_deposito,96.91,2,0,0,0
424,2025-02-28,2025-04-01,32,3,2,0,estandar,todo_incluido,empresa,NL,flexible,parcial,81.22,1,1,1,0
5350,2025-02-28,2025-05-29,90,4,2,3,estandar,desayuno,web_intermediaria,ES,flexible,sin_deposito,68.58,0,0,0,1
5368,2025-03-01,2025-08-23,175,6,3,0,estandar,desayuno,web_intermediaria,IT,no_reembolsable,parcial,78.4,0,1,0,1
1161,2025-03-01,2025-06-05,96,8,1,0,suite,desayuno,web_intermediaria,ES,flexible,parcial,160.13,1,1,0,0
2123,2025-03-01,2025-06-25,116,7,3,0,estandar,todo_incluido,web_intermediaria,IT,flexible,parcial,75.22,0,0,0,1
5363,2025-03-01,2025-06-03,94,6,1,1,estandar,desayuno,agencia,IT,flexible,sin_deposito,84.23,0,0,0,1
3378,2025-03-01,2025-05-20,80,3,2,2,estandar,todo_incluido,web_intermediaria,DE,no_reembolsable,parcial,68.74,0,1,1,0
3722,2025-03-01,2025-03-28,27,7,2,0,superior,desayuno,web_intermediaria,ES,no_reembolsable,sin_deposito,128.99,0,0,0,0
4898,2025-03-01,2025-04-16,46,4,1,0,estandar,todo_incluido,web_intermediaria,ES,flexible,sin_deposito,72.82,0,0,0,1
2753,2025-03-01,2025-03-22,21,8,1,0,superior,media_pension,web_intermediaria,UK,no_reembolsable,sin_deposito,117.37,0,0,0,1
242,2025-03-02,2025-03-29,27,6,2,0,superior,desayuno,directo,ES,flexible,total,108.87,3,0,0,0
2037,2025-03-02,2025-04-25,54,3,2,0,estandar,solo_alojamiento,web_intermediaria,ES,flexible,sin_deposito,68.2,0,0,0,1
4435,2025-03-02,2025-07-25,145,9,3,0,suite,media_pension,web_intermediaria,UK,no_reembolsable,sin_deposito,228.07,0,0,0,0
4376,2025-03-02,2025-04-02,31,3,1,0,suite,solo_alojamiento,web_intermediaria,UK,no_reembolsable,sin_deposito,151.27,2,0,0,0
2548,2025-03-02,2025-07-19,139,4,1,1,estandar,media_pension,web_intermediaria,UK,flexible,sin_deposito,96.85,0,0,0,0
1858,2025-03-02,2025-04-07,36,7,2,0,superior,todo_incluido,web_intermediaria,FR,flexible,sin_deposito,97.85,1,0,0,1
1628,2025-03-02,2025-05-30,89,4,3,0,suite,desayuno,web_intermediaria,UK,flexible,total,154.14,0,0,0,1
1791,2025-03-02,2025-03-12,10,7,2,0,familiar,media_pension,directo,UK,flexible,sin_deposito,129.46,2,1,0,0
5247,2025-03-02,2025-04-07,36,8,2,0,estandar,desayuno,web_intermediaria,Nordicos,flexible,sin_deposito,71.19,1,0,0,1
2190,2025-03-03,2025-03-30,27,5,1,2,estandar,desayuno,web_intermediaria,ES,no_reembolsable,sin_deposito,91.71,0,1,0,0
5072,2025-03-03,2025-07-13,132,2,2,0,superior,media_pension,empresa,,flexible,sin_deposito,126.21,0,0,0,1
4900,2025-03-03,2025-07-21,140,5,3,0,estandar,todo_incluido,web_intermediaria,ES,no_reembolsable,sin_deposito,91.13,0,0,0,1
1415,2025-03-03,2025-04-07,35,7,2,1,superior,desayuno,web_intermediaria,ES,no_reembolsable,parcial,93.08,1,0,0,0
4866,2025-03-03,2026-02-15,349,7,2,0,estandar,desayuno,web_intermediaria,ES,flexible,parcial,85.79,0,0,0,1
2464,2025-03-03,2025-07-17,136,3,2,0,familiar,media_pension,web_intermediaria,ES,flexible,sin_deposito,123.45,0,0,0,1
3673,2025-03-04,2025-07-16,134,7,2,0,estandar,media_pension,web_intermediaria,UK,no_reembolsable,parcial,90.86,0,0,0,1
4874,2025-03-04,2025-05-22,79,2,3,2,estandar,todo_incluido,directo,DE,no_reembolsable,sin_deposito,78.81,1,0,0,0
1156,2025-03-04,2025-05-08,65,5,2,0,superior,desayuno,web_intermediaria,UK,flexible,parcial,104.84,0,0,0,1
2345,2025-03-04,2025-05-15,72,9,2,0,estandar,desayuno,empresa,UK,flexible,parcial,67.57,1,1,0,0
5527,2025-03-04,2025-04-10,37,4,2,0,superior,todo_incluido,web_intermediaria,Nordicos,flexible,sin_deposito,107.2,1,0,0,0
260,2025-03-04,2025-09-16,196,5,4,0,superior,desayuno,directo,DE,flexible,sin_deposito,92.17,1,0,0,1
4412,2025-03-04,2025-06-15,103,5,2,0,superior,desayuno,agencia,Nordicos,no_reembolsable,total,105.0,0,0,0,0
4585,2025-03-04,2025-04-27,54,6,2,0,superior,todo_incluido,empresa,otros,flexible,sin_deposito,103.72,3,0,0,0
4508,2025-03-04,2025-04-26,53,5,2,0,estandar,desayuno,web_intermediaria,otros,no_reembolsable,sin_deposito,69.07,0,0,0,0
985,2025-03-04,2025-06-29,117,3,2,0,superior,todo_incluido,web_intermediaria,ES,flexible,sin_deposito,92.65,0,0,0,1
5695,2025-03-04,2025-06-21,109,4,2,1,estandar,todo_incluido,empresa,otros,flexible,sin_deposito,79.74,0,0,0,1
1118,2025-03-04,2025-04-07,34,4,2,0,suite,desayuno,web_intermediaria,UK,flexible,sin_deposito,159.53,1,0,0,0
1423,2025-03-05,2025-08-21,169,6,2,0,estandar,desayuno,web_intermediaria,DE,no_reembolsable,sin_deposito,94.18,0,0,0,1
786,2025-03-05,2025-04-04,30,8,2,2,estandar,desayuno,web_intermediaria,otros,no_reembolsable,total,72.31,1,0,0,1
2947,2025-03-05,2025-04-22,48,6,3,0,superior,media_pension,agencia,NL,no_reembolsable,sin_deposito,93.34,1,1,1,0
3667,2025-03-05,2025-05-10,66,4,2,0,superior,media_pension,agencia,DE,no_reembolsable,sin_deposito,85.39,2,0,0,0
966,2025-03-05,2025-04-22,48,4,2,2,superior,desayuno,agencia,DE,flexible,sin_deposito,119.09,0,0,0,0
2235,2025-03-05,2025-04-08,34,6,2,0,superior,desayuno,agencia,UK,flexible,parcial,100.9,0,0,0,1
5856,2025-03-05,2025-04-21,47,6,2,0,familiar,media_pension,empresa,UK,no_reembolsable,parcial,111.05,0,0,0,0
5263,2025-03-05,2025-04-20,46,6,2,0,estandar,media_pension,agencia,FR,flexible,sin_deposito,69.72,0,0,0,0
5692,2025-03-05,2025-04-10,36,9,2,1,estandar,todo_incluido,web_intermediaria,UK,no_reembolsable,sin_deposito,75.57,0,0,0,0
1833,2025-03-05,2025-07-22,139,5,2,0,estandar,desayuno,web_intermediaria,ES,flexible,sin_deposito,78.77,1,0,0,0
4463,2025-03-05,2025-05-14,70,5,2,0,estandar,todo_incluido,agencia,ES,no_reembolsable,sin_deposito,68.23,0,0,0,0
3969,2025-03-06,2025-08-24,171,3,2,0,estandar,desayuno,directo,ES,no_reembolsable,parcial,79.98,0,1,0,0
2065,2025-03-06,2025-06-15,101,4,2,0,estandar,desayuno,web_intermediaria,UK,no_reembolsable,sin_deposito,73.09,2,0,0,1
698,2025-03-06,2025-09-25,203,1,3,1,superior,desayuno,web_intermediaria,NL,no_reembolsable,total,81.9,0,0,0,1
981,2025-03-06,2025-05-10,65,6,1,0,superior,desayuno,web_intermediaria,DE,flexible,parcial,101.63,0,0,0,1
5852,2025-03-06,2025-05-19,74,2,2,1,estandar,desayuno,directo,UK,flexible,parcial,69.29,0,0,0,0
2560,2025-03-06,2025-04-10,35,3,2,0,familiar,desayuno,web_intermediaria,NL,flexible,sin_deposito,117.75,0,0,0,1
1318,2025-03-06,2025-10-07,215,6,4,0,superior,solo_alojamiento,web_intermediaria,Nordicos,flexible,sin_deposito,101.44,2,0,0,0
1546,2025-03-06,2025-05-12,67,8,2,0,superior,desayuno,web_intermediaria,DE,flexible,sin_deposito,92.34,0,0,0,0
1396,2025-03-07,2025-05-21,75,5,1,0,suite,solo_alojamiento,directo,otros,no_reembolsable,parcial,147.9,0,0,0,0
5531,2025-03-07,2025-04-25,49,4,4,0,estandar,media_pension,web_intermediaria,FR,no_reembolsable,parcial,71.6,0,0,0,0
4938,2025-03-07,2025-07-10,125,9,1,0,estandar,todo_incluido,web_intermediaria,DE,flexible,parcial,102.7,0,0,0,1
4457,2025-03-07,2025-08-13,159,7,1,0,estandar,desayuno,web_intermediaria,UK,no_reembolsable,sin_deposito,88.21,0,1,1,1
4547,2025-03-07,2025-03-14,7,4,3,0,estandar,desayuno,web_intermediaria,ES,flexible,sin_deposito,89.78,0,0,0,0
270,2025-03-07,2025-03-29,22,5,2,0,estandar,media_pension,agencia,ES,flexible,sin_deposito,84.86,0,0,0,0
548,2025-03-07,2025-12-21,289,8,2,0,familiar,desayuno,web_intermediaria,UK,no_reembolsable,parcial,139.57,1,0,0,1
5815,2025-03-08,2025-06-22,106,4,4,0,estandar,desayuno,web_intermediaria,ES,no_reembolsable,parcial,71.37,1,0,0,0
915,2025-03-08,2025-06-01,85,9,1,2,estandar,desayuno,directo,otros,flexible,sin_deposito,70.89,0,0,0,1
2966,2025-03-08,2025-07-11,125,9,2,0,estandar,desayuno,web_intermediaria,DE,no_reembolsable,parcial,92.35,0,0,0,1
5928,2025-03-08,2025-07-10,124,8,4,1,superior,desayuno,agencia,ES,no_reembolsable,sin_deposito,120.2,1,1,0,0
3955,2025-03-08,2025-09-12,188,5,3,0,estandar,media_pension,web_intermediaria,UK,no_reembolsable,sin_deposito,71.9,0,0,0,1
4782,2025-03-08,2025-07-23,137,5,1,0,estandar,todo_incluido,web_intermediaria,DE,no_reembolsable,parcial,88.36,1,0,0,0
4928,2025-03-08,2025-04-25,48,3,4,0,estandar,todo_incluido,web_intermediaria,otros,no_reembolsable,parcial,57.92,1,0,0,0
5471,2025-03-09,2025-08-04,148,7,2,0,estandar,media_pension,agencia,ES,flexible,sin_deposito,90.71,0,0,0,0
520,2025-03-09,2025-06-13,96,8,1,0,suite,solo_alojamiento,empresa,FR,flexible,sin_deposito,146.06,0,0,0,0
2676,2025-03-09,2025-04-27,49,5,2,1,estandar,desayuno,web_intermediaria,UK,no_reembolsable,parcial,71.56,0,0,0,0
4060,2025-03-09,2025-05-24,76,8,2,0,superior,desayuno,web_intermediaria,otros,flexible,parcial,96.24,1,0,0,0
1608,2025-03-09,2025-08-01,145,8,2,0,superior,todo_incluido,web_intermediaria,DE,no_reembolsable,parcial,102.64,0,1,0,1
688,2025-03-09,2025-05-26,78,6,2,0,estandar,desayuno,web_intermediaria,NL,flexible,parcial,68.44,0,0,0,1
3825,2025-03-09,2025-06-23,106,3,2,0,estandar,desayuno,web_intermediaria,UK,flexible,sin_deposito,67.63,0,0,0,0
5862,2025-03-09,2025-07-24,137,5,2,0,estandar,desayuno,web_intermediaria,DE,flexible,sin_deposito,84.65,0,0,0,0
4936,2025-03-09,2025-05-30,82,9,2,0,superior,desayuno,web_intermediaria,UK,flexible,parcial,99.59,0,1,0,1
1654,2025-03-10,2025-05-14,65,6,2,0,superior,media_pension,directo,UK,flexible,total,98.09,0,0,0,0
1350,2025-03-10,2025-04-29,50,5,2,0,estandar,solo_alojamiento,web_intermediaria,otros,flexible,sin_deposito,75.17,0,0,0,1
5608,2025-03-10,2025-03-31,21,5,4,0,superior,todo_incluido,agencia,,flexible,sin_deposito,109.82,0,0,0,0
1644,2025-03-10,2025-05-24,75,4,3,0,superior,desayuno,web_intermediaria,UK,flexible,total,103.7,0,0,0,0
4790,2025-03-10,2025-04-22,43,6,1,1,superior,media_pension,web_intermediaria,Nordicos,flexible,total,97.64,1,0,0,0
455,2025-03-11,2025-05-20,70,10,2,0,estandar,solo_alojamiento,agencia,FR,flexible,total,71.3,2,0,0,0
468,2025-03-11,2025-04-03,23,4,1,0,suite,media_pension,web_intermediaria,ES,flexible,parcial,149.27,1,0,0,1
5636,2025-03-11,2025-03-29,18,3,2,2,superior,solo_alojamiento,web_intermediaria,otros,flexible,parcial,123.72,0,0,0,1
4802,2025-03-11,2025-09-14,187,5,2,1,estandar,desayuno,web_intermediaria,otros,no_reembolsable,sin_deposito,63.03,1,1,0,1
2445,2025-03-12,2025-04-20,39,5,2,0,estandar,media_pension,directo,otros,no_reembolsable,parcial,83.13,1,0,0,0
531,2025-03-12,2025-06-12,92,6,1,0,estandar,solo_alojamiento,web_intermediaria,ES,flexible,total,78.12,0,0,0,0
2614,2025-03-12,2025-10-29,231,4,2,0,estandar,desayuno,agencia,ES,no_reembolsable,sin_deposito,71.31,0,0,0,1
1188,2025-03-12,2025-08-07,148,3,2,0,estandar,solo_alojamiento,web_intermediaria,UK,flexible,sin_deposito,103.26,0,0,0,1
4390,2025-03-12,2025-05-21,70,4,3,2,superior,todo_incluido,agencia,Nordicos,flexible,parcial,82.13,0,0,0,0
2973,2025-03-12,2025-06-07,87,3,1,0,superior,solo_alojamiento,directo,NL,flexible,sin_deposito,101.17,1,0,0,0
1505,2025-03-12,2025-03-27,15,3,2,1,superior,todo_incluido,agencia,Nordicos,flexible,sin_deposito,104.95,0,0,0,0
3415,2025-03-12,2025-07-30,140,5,4,0,superior,todo_incluido,agencia,otros,no_reembolsable,sin_deposito,123.62,2,0,0,1
3019,2025-03-12,2025-09-21,193,4,2,0,familiar,solo_alojamiento,directo,DE,no_reembolsable,sin_deposito,115.92,1,0,0,1
665,2025-03-12,2025-04-18,37,7,2,0,suite,solo_alojamiento,web_intermediaria,otros,flexible,total,152.49,0,0,0,0
4618,2025-03-12,2025-05-01,50,3,2,0,superior,desayuno,directo,otros,no_reembolsable,total,103.64,0,0,0,0
4541,2025-03-12,2025-05-16,65,6,1,1,estandar,todo_incluido,web_intermediaria,UK,no_reembolsable,sin_deposito,71.18,0,0,0,1
2024,2025-03-13,2025-04-09,27,6,2,0,superior,solo_alojamiento,directo,DE,flexible,sin_deposito,83.78,0,1,0,1
5013,2025-03-13,2025-07-16,125,4,1,0,superior,desayuno,web_intermediaria,UK,flexible,sin_deposito,114.78,1,1,1,1
3838,2025-03-13,2025-07-02,111,3,4,0,familiar,desayuno,web_intermediaria,DE,flexible,parcial,120.79,0,0,0,1
394,2025-03-13,2025-08-01,141,5,2,2,superior,desayuno,web_intermediaria,ES,flexible,total,129.1,0,0,0,1
3007,2025-03-13,2025-04-09,27,7,2,1,estandar,media_pension,agencia,UK,no_reembolsable,sin_deposito,74.68,1,0,0,0
720,2025-03-13,2025-03-30,17,5,2,0,estandar,solo_alojamiento,web_intermediaria,DE,flexible,sin_deposito,84.28,1,0,0,1
4265,2025-03-13,2025-06-20,99,5,3,0,superior,media_pension,directo,FR,no_reembolsable,sin_deposito,82.69,0,0,0,1
1048,2025-03-14,2025-04-12,29,3,2,3,estandar,media_pension,web_intermediaria,ES,flexible,total,64.81,2,0,0,0
3303,2025-03-14,2025-09-12,182,5,4,1,suite,desayuno,empresa,UK,flexible,parcial,139.17,0,0,0,1
3423,2025-03-14,2025-06-02,80,3,3,0,estandar,desayuno,empresa,UK,flexible,parcial,72.56,0,0,0,0
1580,2025-03-14,2025-11-06,237,5,3,0,familiar,media_pension,agencia,otros,no_reembolsable,sin_deposito,130.89,1,0,0,1
1764,2025-03-15,2025-09-09,178,3,4,0,superior,todo_incluido,web_intermediaria,DE,no_reembolsable,parcial,93.76,1,0,0,1
5551,2025-03-15,2025-11-15,245,5,2,0,superior,desayuno,empresa,IT,flexible,parcial,98.73,2,0,0,0
3648,2025-03-15,2025-08-24,162,4,3,0,familiar,desayuno,web_intermediaria,UK,no_reembolsable,sin_deposito,132.04,1,0,0,0
4310,2025-03-15,2025-04-20,36,7,3,1,familiar,todo_incluido,web_intermediaria,IT,no_reembolsable,sin_deposito,101.64,0,0,0,0
2414,2025-03-15,2025-06-20,97,5,3,0,estandar,solo_alojamiento,web_intermediaria,NL,no_reembolsable,parcial,68.11,0,1,2,0
5171,2025-03-15,2025-05-12,58,9,3,3,estandar,desayuno,agencia,UK,flexible,sin_deposito,54.46,0,0,0,1
967,2025-03-15,2025-03-30,15,5,4,0,suite,desayuno,web_intermediaria,Nordicos,flexible,sin_deposito,222.77,1,0,0,0
4078,2025-03-15,2025-06-24,101,4,2,2,familiar,desayuno,empresa,UK,flexible,sin_deposito,103.38,1,0,0,0
4756,2025-03-15,2025-05-25,71,6,4,1,suite,desayuno,directo,Nordicos,flexible,total,169.97,0,0,0,0
3347,2025-03-15,2025-06-15,92,5,1,0,familiar,desayuno,agencia,UK,flexible,sin_deposito,115.12,0,0,0,0
494,2025-03-16,2025-04-24,39,9,4,0,superior,desayuno,web_intermediaria,DE,flexible,total,87.28,0,1,0,0
5130,2025-03-16,2025-05-12,57,9,2,0,estandar,solo_alojamiento,web_intermediaria,UK,flexible,sin_deposito,69.54,3,0,0,1
1525,2025-03-16,2025-05-09,54,3,2,1,suite,solo_alojamiento,directo,UK,flexible,sin_deposito,165.34,1,0,0,1
5849,2025-03-16,2025-06-02,78,5,1,0,estandar,desayuno,web_intermediaria,,flexible,parcial,77.65,0,0,0,1
1568,2025-03-16,2025-10-19,217,3,2,0,estandar,todo_incluido,directo,UK,flexible,parcial,69.67,1,0,0,1
1873,2025-03-16,2025-04-05,20,6,2,1,estandar,todo_incluido,directo,DE,no_reembolsable,sin_deposito,65.88,0,0,0,0
137,2025-03-16,2025-06-19,95,5,2,1,superior,desayuno,directo,ES,no_reembolsable,sin_deposito,88.42,0,0,0,0
3876,2025-03-16,2025-05-21,66,2,2,1,superior,desayuno,web_intermediaria,IT,no_reembolsable,sin_deposito,87.19,1,1,0,0
5981,2025-03-17,2025-05-27,71,5,3,0,suite,desayuno,directo,otros,no_reembolsable,sin_deposito,155.89,0,1,1,0
625,2025-03-17,2025-12-20,278,3,2,0,familiar,todo_incluido,agencia,otros,no_reembolsable,sin_deposito,131.49,0,0,0,1
4233,2025-03-17,2025-04-17,31,4,4,0,estandar,todo_incluido,web_intermediaria,UK,no_reembolsable,sin_deposito,65.33,1,0,0,1
4259,2025-03-17,2025-06-10,85,7,3,1,estandar,desayuno,directo,DE,no_reembolsable,parcial,74.65,0,0,0,0
2213,2025-03-17,2025-06-30,105,5,1,0,estandar,desayuno,directo,UK,no_reembolsable,parcial,62.62,0,1,0,1
3449,2025-03-17,2025-03-25,8,9,2,2,estandar,todo_incluido,web_intermediaria,FR,flexible,total,91.72,1,0,0,1
3810,2025-03-18,2025-06-15,89,5,2,0,suite,todo_incluido,web_intermediaria,,flexible,parcial,149.05,0,0,0,1
5968,2025-03-18,2025-05-20,63,7,2,0,superior,desayuno,web_intermediaria,DE,flexible,sin_deposito,111.29,0,0,0,0
4210,2025-03-18,2025-05-07,50,1,4,0,suite,media_pension,directo,UK,flexible,sin_deposito,138.21,1,1,0,0
850,2025-03-18,2025-07-27,131,4,2,0,estandar,desayuno,web_intermediaria,UK,no_reembolsable,sin_deposito,86.2,0,0,0,1
2183,2025-03-18,2025-06-10,84,5,2,2,superior,desayuno,web_intermediaria,ES,flexible,parcial,102.7,0,0,0,0
4914,2025-03-18,2025-07-31,135,10,2,0,estandar,todo_incluido,web_intermediaria,IT,no_reembolsable,sin_deposito,94.06,0,0,0,0
4589,2025-03-18,2025-04-27,40,6,1,0,superior,todo_incluido,agencia,UK,flexible,sin_deposito,85.21,1,0,0,0
490,2025-03-18,2025-05-15,58,6,2,2,estandar,media_pension,directo,FR,flexible,sin_deposito,71.57,1,0,0,0
3170,2025-03-18,2025-04-09,22,5,3,0,superior,desayuno,directo,ES,flexible,parcial,91.66,2,0,0,1
3436,2025-03-18,2025-05-15,58,9,3,3,estandar,media_pension,agencia,ES,no_reembolsable,parcial,65.11,0,0,0,0
193,2025-03-19,2025-07-27,130,7,1,0,suite,media_pension,web_intermediaria,ES,no_reembolsable,sin_deposito,202.28,1,0,0,1
2692,2025-03-19,2025-05-31,73,6,2,1,superior,media_pension,agencia,ES,flexible,sin_deposito,96.05,3,0,0,1
1952,2025-03-19,2025-11-06,232,7,2,3,estandar,desayuno,web_intermediaria,otros,flexible,total,69.52,2,0,0,1
5609,2025-03-19,2025-05-23,65,4,1,2,estandar,desayuno,agencia,ES,no_reembolsable,parcial,85.49,2,0,0,0
5335,2025-03-19,2025-04-19,31,5,4,0,suite,todo_incluido,directo,,flexible,sin_deposito,148.54,1,0,0,0
1181,2025-03-19,2025-08-09,143,2,2,2,suite,todo_incluido,web_intermediaria,IT,no_reembolsable,sin_deposito,160.06,2,0,0,1
4980,2025-03-20,2025-06-06,78,4,2,0,estandar,todo_incluido,web_intermediaria,UK,no_reembolsable,sin_deposito,78.81,0,0,0,1
4351,2025-03-20,2025-05-20,61,3,2,1,superior,media_pension,web_intermediaria,DE,flexible,total,102.59,3,1,0,0
1758,2025-03-20,2025-05-11,52,4,3,1,suite,solo_alojamiento,web_intermediaria,ES,no_reembolsable,parcial,161.22,1,0,0,0
3225,2025-03-20,2025-07-03,105,4,2,0,superior,solo_alojamiento,directo,ES,no_reembolsable,sin_deposito,117.76,1,0,0,1
5605,2025-03-20,2025-05-01,42,6,2,0,estandar,todo_incluido,web_intermediaria,otros,flexible,parcial,69.07,1,0,0,0
3613,2025-03-20,2025-03-24,4,6,2,0,estandar,media_pension,web_intermediaria,IT,flexible,parcial,89.31,0,1,0,1
3895,2025-03-20,2025-06-25,97,3,2,0,superior,media_pension,web_intermediaria,DE,flexible,sin_deposito,97.76,1,0,0,1
5645,2025-03-21,2025-05-25,65,6,2,0,estandar,todo_incluido,web_intermediaria,FR,flexible,sin_deposito,67.37,0,0,0,0
3602,2025-03-21,2025-05-29,69,2,3,0,estandar,todo_incluido,web_intermediaria,ES,no_reembolsable,parcial,70.63,1,0,0,0
5788,2025-03-21,2025-05-26,66,7,2,1,estandar,media_pension,directo,otros,flexible,sin_deposito,72.35,0,0,0,1
2494,2025-03-21,2025-04-08,18,7,3,0,estandar,media_pension,agencia,ES,no_reembolsable,sin_deposito,61.89,0,0,0,0
1305,2025-03-21,2025-06-27,98,7,2,0,estandar,desayuno,web_intermediaria,otros,flexible,sin_deposito,70.4,0,0,0,1
2124,2025-03-21,2025-07-23,124,6,2,0,estandar,todo_incluido,empresa,Nordicos,no_reembolsable,sin_deposito,84.7,1,0,0,1
4586,2025-03-21,2025-04-30,40,6,1,0,estandar,desayuno,agencia,DE,flexible,parcial,76.68,0,0,0,1
3864,2025-03-21,2025-03-28,7,5,2,0,familiar,media_pension,agencia,NL,flexible,parcial,134.05,1,0,0,0
5980,2025-03-21,2025-05-06,46,9,2,0,estandar,desayuno,web_intermediaria,ES,flexible,sin_deposito,71.06,0,1,0,1
1662,2025-03-21,2025-08-18,150,6,2,0,estandar,solo_alojamiento,web_intermediaria,UK,flexible,total,85.29,0,0,0,1
3425,2025-03-21,2025-05-15,55,7,2,0,familiar,todo_incluido,web_intermediaria,ES,no_reembolsable,sin_deposito,106.74,0,1,1,0
2144,2025-03-21,2025-07-10,111,4,4,1,superior,desayuno,agencia,,no_reembolsable,parcial,123.65,1,0,0,1
896,2025-03-22,2025-06-23,93,2,4,1,estandar,solo_alojamiento,web_intermediaria,UK,flexible,parcial,73.11,0,0,0,0
5679,2025-03-22,2025-09-02,164,7,1,1,estandar,solo_alojamiento,empresa,ES,flexible,sin_deposito,78.62,0,0,0,1
956,2025-03-22,2025-09-07,169,7,2,0,superior,media_pension,empresa,FR,no_reembolsable,sin_deposito,103.11,0,1,0,1
2971,2025-03-22,2025-04-08,17,10,1,0,suite,todo_incluido,empresa,UK,flexible,sin_deposito,167.38,1,0,0,0
4801,2025-03-22,2025-09-01,163,3,1,0,superior,desayuno,directo,FR,flexible,total,96.58,1,1,0,0
5959,2025-03-22,2025-05-12,51,3,3,0,estandar,todo_incluido,directo,DE,flexible,sin_deposito,69.14,2,0,0,0
2864,2025-03-22,2025-04-13,22,8,2,0,estandar,media_pension,web_intermediaria,ES,flexible,sin_deposito,62.86,2,0,0,0
269,2025-03-23,2025-08-28,158,7,1,0,suite,todo_incluido,agencia,DE,no_reembolsable,sin_deposito,171.31,1,1,0,1
5525,2025-03-23,2025-05-03,41,9,2,2,familiar,desayuno,web_intermediaria,FR,flexible,total,113.22,1,0,0,0
4455,2025-03-23,2025-06-10,79,2,1,3,estandar,desayuno,directo,DE,no_reembolsable,sin_deposito,69.13,0,0,0,0
5962,2025-03-23,2025-06-29,98,5,3,0,superior,todo_incluido,web_intermediaria,DE,no_reembolsable,sin_deposito,101.55,0,0,0,1
767,2025-03-23,2025-04-29,37,5,2,0,estandar,todo_incluido,agencia,UK,flexible,total,82.47,0,0,0,1
5821,2025-03-23,2025-06-27,96,7,2,0,suite,todo_incluido,web_intermediaria,ES,flexible,total,165.14,0,0,0,0
3124,2025-03-23,2025-05-05,43,8,2,0,estandar,desayuno,web_intermediaria,otros,flexible,sin_deposito,72.87,0,0,0,0
4544,2025-03-23,2025-06-03,72,2,1,0,estandar,media_pension,web_intermediaria,UK,no_reembolsable,sin_deposito,83.72,0,1,1,1
4228,2025-03-23,2025-05-16,54,6,2,0,estandar,desayuno,web_intermediaria,ES,flexible,sin_deposito,76.7,1,0,0,1
3920,2025-03-24,2025-05-17,54,7,2,0,superior,desayuno,agencia,otros,no_reembolsable,total,85.22,0,0,0,0
4038,2025-03-24,2025-07-31,129,5,2,0,familiar,solo_alojamiento,web_intermediaria,Nordicos,flexible,parcial,149.68,1,0,0,0
1135,2025-03-24,2025-04-18,25,8,2,0,estandar,todo_incluido,directo,FR,no_reembolsable,sin_deposito,67.36,1,0,0,0
3922,2025-03-24,2025-07-26,124,7,2,1,suite,desayuno,directo,UK,flexible,sin_deposito,169.19,0,0,0,1
1829,2025-03-24,2025-08-02,131,1,3,0,estandar,media_pension,directo,ES,flexible,sin_deposito,87.72,0,1,1,1
3331,2025-03-24,2025-06-07,75,6,3,1,estandar,desayuno,web_intermediaria,ES,no_reembolsable,parcial,69.06,0,0,0,1
672,2025-03-24,2025-09-30,190,5,2,0,superior,media_pension,web_intermediaria,UK,no_reembolsable,total,109.21,0,0,0,0
5214,2025-03-24,2025-05-06,43,8,2,0,estandar,solo_alojamiento,web_intermediaria,Nordicos,flexible,sin_deposito,73.49,1,0,0,1
3177,2025-03-24,2025-10-31,221,9,2,2,estandar,todo_incluido,web_intermediaria,UK,flexible,sin_deposito,71.14,1,0,0,1
2027,2025-03-24,2025-05-23,60,6,3,0,suite,desayuno,web_intermediaria,UK,no_reembolsable,parcial,164.34,1,0,0,1
953,2025-03-24,2025-04-21,28,2,2,1,suite,media_pension,agencia,ES,flexible,total,154.49,0,0,0,0
5342,2025-03-24,2025-09-27,187,8,4,0,estandar,media_pension,web_intermediaria,ES,flexible,sin_deposito,76.2,0,0,0,1
323,2025-03-24,2025-12-18,269,5,2,0,superior,todo_incluido,web_intermediaria,ES,flexible,parcial,132.28,1,0,0,0
3417,2025-03-25,2025-04-11,17,3,2,0,estandar,media_pension,directo,UK,no_reembolsable,sin_deposito,67.85,1,0,0,0
4639,2025-03-25,2025-06-30,97,6,3,0,superior,media_pension,web_intermediaria,DE,no_reembolsable,parcial,87.72,0,0,0,0
900,2025-03-25,2025-05-22,58,5,2,2,estandar,solo_alojamiento,directo,otros,no_reembolsable,sin_deposito,69.78,1,0,0,0
601,2025-03-25,2025-05-27,63,4,2,0,superior,media_pension,directo,UK,flexible,sin_deposito,96.77,0,0,0,0
5275,2025-03-25,2025-05-13,49,5,2,1,estandar,media_pension,web_intermediaria,ES,flexible,sin_deposito,72.18,0,0,0,0
702,2025-03-25,2025-04-02,8,4,2,0,superior,desayuno,agencia,otros,no_reembolsable,parcial,102.4,0,0,0,0
5097,2025-03-25,2025-05-03,39,6,2,0,estandar,solo_alojamiento,web_intermediaria,IT,no_reembolsable,sin_deposito,73.72,1,1,0,1
5123,2025-03-25,2025-04-05,11,4,2,0,estandar,solo_alojamiento,agencia,DE,flexible,sin_deposito,68.66,0,0,0,0
2629,2025-03-26,2025-04-23,28,5,2,0,suite,desayuno,web_intermediaria,ES,no_reembolsable,total,163.64,0,0,0,0
2393,2025-03-26,2025-04-26,31,5,2,0,superior,desayuno,web_intermediaria,otros,flexible,parcial,85.14,0,0,0,0
4595,2025-03-26,2025-06-04,70,8,4,0,estandar,desayuno,web_intermediaria,ES,flexible,total,76.85,1,1,0,0
2904,2025-03-26,2025-06-26,92,8,1,1,estandar,todo_incluido,directo,IT,no_reembolsable,sin_deposito,73.2,1,0,0,0
2927,2025-03-26,2025-07-14,110,5,3,0,estandar,solo_alojamiento,agencia,DE,no_reembolsable,parcial,88.78,0,0,0,0
1846,2025-03-26,2025-05-13,48,3,4,1,estandar,todo_incluido,web_intermediaria,UK,flexible,sin_deposito,72.4,0,1,0,0
987,2025-03-26,2025-06-11,77,5,2,3,estandar,media_pension,directo,DE,flexible,sin_deposito,68.33,0,0,0,0
5786,2025-03-26,2025-08-27,154,5,2,1,estandar,media_pension,web_intermediaria,otros,no_reembolsable,parcial,93.7,1,0,0,1
1885,2025-03-26,2025-05-15,50,3,2,2,superior,media_pension,directo,otros,flexible,total,78.69,0,0,0,0
5122,2025-03-26,2025-09-21,179,6,2,0,estandar,media_pension,agencia,UK,flexible,sin_deposito,61.4,1,0,0,1
4621,2025-03-26,2025-08-29,156,6,3,3,superior,desayuno,directo,DE,no_reembolsable,sin_deposito,104.44,0,1,0,0
3609,2025-03-26,2025-07-14,110,6,2,0,estandar,desayuno,web_intermediaria,ES,no_reembolsable,sin_deposito,70.39,0,0,0,0
5063,2025-03-26,2025-05-28,63,6,1,0,estandar,desayuno,web_intermediaria,NL,no_reembolsable,sin_deposito,64.35,0,0,0,0
3344,2025-03-27,2025-09-16,173,4,2,0,estandar,todo_incluido,directo,ES,flexible,parcial,71.23,0,0,0,1
2825,2025-03-27,2026-01-08,287,2,2,0,estandar,todo_incluido,web_intermediaria,ES,flexible,sin_deposito,88.33,1,0,0,1
3970,2025-03-27,2025-08-20,146,6,2,1,superior,solo_alojamiento,agencia,ES,flexible,sin_deposito,123.79,2,0,0,1
1554,2025-03-27,2025-05-03,37,5,1,0,estandar,media_pension,agencia,,no_reembolsable,sin_deposito,72.25,0,0,0,0
2726,2025-03-27,2025-08-24,150,9,4,0,estandar,media_pension,agencia,UK,flexible,sin_deposito,79.59,0,0,0,1
1661,2025-03-28,2025-05-28,61,4,2,1,familiar,todo_incluido,agencia,UK,no_reembolsable,total,103.4,0,0,0,0
1397,2025-03-28,2025-08-28,153,9,3,3,estandar,solo_alojamiento,web_intermediaria,DE,flexible,parcial,87.9,0,0,0,1
2226,2025-03-28,2025-07-05,99,2,3,1,estandar,todo_incluido,web_intermediaria,UK,flexible,total,105.65,1,1,1,1
2417,2025-03-28,2026-01-04,282,5,1,2,estandar,todo_incluido,web_intermediaria,NL,no_reembolsable,sin_deposito,100.6,0,0,0,1
1540,2025-03-28,2025-04-11,14,6,2,1,estandar,todo_incluido,agencia,ES,flexible,total,70.49,0,0,0,0
1200,2025-03-28,2025-12-18,265,4,2,0,superior,desayuno,web_intermediaria,UK,flexible,total,120.09,2,1,1,1
3640,2025-03-28,2025-12-14,261,5,3,0,familiar,desayuno,directo,ES,flexible,sin_deposito,137.87,0,0,0,1
2508,2025-03-28,2025-07-26,120,4,2,0,estandar,media_pension,web_intermediaria,UK,no_reembolsable,parcial,94.2,0,0,0,0
5152,2025-03-28,2025-04-23,26,7,2,0,suite,desayuno,directo,UK,no_reembolsable,sin_deposito,176.64,2,0,0,0
5062,2025-03-28,2025-06-22,86,3,3,0,superior,todo_incluido,web_intermediaria,NL,no_reembolsable,sin_deposito,98.98,1,0,0,0
675,2025-03-29,2025-05-09,41,8,3,2,suite,desayuno,directo,UK,flexible,total,151.43,0,0,0,0
5742,2025-03-29,2025-07-18,111,5,2,0,estandar,solo_alojamiento,web_intermediaria,ES,flexible,sin_deposito,82.7,0,0,0,1
3367,2025-03-29,2025-05-25,57,6,2,2,superior,todo_incluido,directo,,no_reembolsable,parcial,103.83,0,0,0,0
1638,2025-03-29,2025-06-08,71,3,3,0,estandar,desayuno,web_intermediaria,ES,flexible,parcial,66.5,1,0,0,0
2917,2025-03-29,2025-07-04,97,4,2,1,familiar,solo_alojamiento,web_intermediaria,otros,no_reembolsable,sin_deposito,126.59,0,0,0,1
4903,2025-03-29,2025-10-12,197,3,2,2,superior,desayuno,web_intermediaria,Nordicos,flexible,parcial,86.69,0,0,0,1
343,2025-03-29,2025-05-12,44,5,4,0,estandar,media_pension,directo,UK,no_reembolsable,sin_deposito,77.77,1,0,0,0
1290,2025-03-29,2025-06-16,79,6,3,0,superior,todo_incluido,web_intermediaria,DE,flexible,parcial,104.83,1,0,0,1
3875,2025-03-29,2025-04-25,27,7,4,2,estandar,media_pension,web_intermediaria,UK,flexible,sin_deposito,70.79,0,0,0,1
3600,2025-03-29,2025-05-19,51,5,1,0,superior,desayuno,web_intermediaria,UK,no_reembolsable,parcial,92.75,0,0,0,1
5701,2025-03-30,2025-06-05,67,5,2,0,familiar,desayuno,agencia,ES,flexible,parcial,110.84,0,0,0,1
1982,2025-03-30,2025-04-29,30,4,3,0,familiar,media_pension,directo,otros,flexible,sin_deposito,115.96,1,0,0,0
5798,2025-03-30,2025-07-08,100,4,2,1,estandar,media_pension,web_intermediaria,NL,no_reembolsable,parcial,87.41,2,0,0,0
3121,2025-03-31,2025-05-30,60,7,2,0,superior,desayuno,web_intermediaria,ES,no_reembolsable,sin_deposito,82.14,0,0,0,0
3604,2025-03-31,2025-05-20,50,5,2,0,superior,media_pension,web_intermediaria,otros,no_reembolsable,sin_deposito,90.35,0,0,0,0
825,2025-03-31,2025-05-26,56,8,1,0,suite,desayuno,web_intermediaria,FR,no_reembolsable,total,169.79,1,0,0,0
1211,2025-03-31,2025-07-17,108,3,2,1,estandar,media_pension,directo,otros,flexible,sin_deposito,105.08,1,0,0,0
2128,2025-04-01,2025-09-22,174,4,2,0,estandar,solo_alojamiento,directo,ES,flexible,sin_deposito,75.39,0,0,0,1
2907,2025-04-01,2025-08-25,146,3,3,0,estandar,desayuno,agencia,UK,flexible,parcial,83.93,0,0,0,0
2359,2025-04-01,2025-05-06,35,6,2,0,superior,media_pension,directo,ES,flexible,sin_deposito,105.6,1,0,0,0
4910,2025-04-01,2025-10-16,198,8,3,0,superior,todo_incluido,web_intermediaria,NL,flexible,sin_deposito,84.29,2,0,0,1
2898,2025-04-01,2025-05-12,41,8,2,1,superior,desayuno,web_intermediaria,ES,flexible,sin_deposito,93.33,1,0,0,1
996,2025-04-01,2025-05-28,57,7,1,2,suite,media_pension,web_intermediaria,IT,flexible,sin_deposito,158.72,0,0,0,1
1755,2025-04-02,2025-09-21,172,6,3,0,estandar,desayuno,agencia,ES,flexible,parcial,58.3,0,1,0,1
240,2025-04-02,2025-04-08,6,3,2,0,superior,todo_incluido,directo,FR,flexible,parcial,92.98,0,1,0,0
2829,2025-04-02,2025-06-19,78,3,1,1,superior,media_pension,agencia,ES,flexible,parcial,99.45,0,0,0,1
3026,2025-04-02,2025-10-17,198,8,2,0,estandar,desayuno,web_intermediaria,UK,flexible,parcial,65.39,1,0,0,1
5003,2025-04-02,2025-05-27,55,2,2,1,superior,desayuno,web_intermediaria,DE,flexible,total,93.23,0,0,0,0
3819,2025-04-02,2025-05-18,46,6,2,0,superior,solo_alojamiento,web_intermediaria,DE,flexible,parcial,95.19,0,0,0,0
5048,2025-04-02,2025-05-01,29,3,1,0,familiar,todo_incluido,web_intermediaria,UK,flexible,total,105.19,1,0,0,0
2179,2025-04-02,2025-06-20,79,6,2,0,estandar,desayuno,directo,ES,flexible,sin_deposito,64.0,0,0,0,0
5594,2025-04-02,2025-07-20,109,5,2,0,estandar,desayuno,agencia,UK,no_reembolsable,parcial,76.09,0,0,0,1
2721,2025-04-02,2025-08-09,129,5,2,0,estandar,desayuno,directo,UK,no_reembolsable,total,83.25,0,0,0,0
3692,2025-04-02,2025-04-26,24,3,2,0,estandar,todo_incluido,directo,ES,no_reembolsable,parcial,66.22,1,0,0,0
4496,2025-04-02,2025-06-30,89,6,4,0,superior,todo_incluido,agencia,DE,flexible,sin_deposito,100.13,0,1,0,1
245,2025-04-03,2025-06-17,75,6,2,3,superior,solo_alojamiento,agencia,DE,no_reembolsable,sin_deposito,94.6,1,1,1,0
1753,2025-04-03,2025-08-11,130,4,4,0,superior,solo_alojamiento,web_intermediaria,ES,flexible,sin_deposito,125.54,1,1,1,0
599,2025-04-03,2025-05-03,30,8,2,0,estandar,desayuno,web_intermediaria,Nordicos,flexible,sin_deposito,72.23,1,0,0,1
3117,2025-04-03,2025-11-05,216,4,1,0,superior,todo_incluido,directo,ES,flexible,parcial,93.45,0,1,0,1
1171,2025-04-04,2025-08-09,127,6,2,0,estandar,media_pension,directo,DE,no_reembolsable,parcial,78.19,0,0,0,0
3185,2025-04-04,2025-06-28,85,4,1,0,estandar,desayuno,web_intermediaria,UK,flexible,total,59.16,0,0,0,1
880,2025-04-04,2025-04-26,22,5,3,0,estandar,todo_incluido,web_intermediaria,DE,flexible,parcial,75.56,0,0,0,0
3009,2025-04-04,2025-04-12,8,8,1,2,estandar,media_pension,web_intermediaria,Nordicos,flexible,sin_deposito,68.64,0,0,0,0
85,2025-04-04,2025-09-05,154,7,2,0,estandar,desayuno,agencia,NL,no_reembolsable,sin_deposito,71.15,0,1,1,1
4542,2025-04-04,2025-06-04,61,6,2,0,estandar,desayuno,directo,DE,flexible,sin_deposito,66.41,1,0,0,0
3171,2025-04-04,2025-05-11,37,4,4,0,estandar,solo_alojamiento,directo,Nordicos,no_reembolsable,sin_deposito,67.83,3,0,0,0
5060,2025-04-05,2025-05-26,51,7,1,1,estandar,desayuno,web_intermediaria,ES,no_reembolsable,sin_deposito,74.09,0,0,0,0
192,2025-04-05,2025-05-17,42,5,2,0,superior,todo_incluido,web_intermediaria,UK,flexible,sin_deposito,83.36,3,0,0,1
2996,2025-04-05,2025-08-20,137,8,3,0,superior,desayuno,agencia,DE,no_reembolsable,sin_deposito,121.94,0,1,0,0
3546,2025-04-05,2025-05-06,31,4,2,0,familiar,todo_incluido,web_intermediaria,otros,no_reembolsable,sin_deposito,101.41,2,0,0,0
5268,2025-04-05,2025-06-10,66,8,2,0,suite,desayuno,agencia,ES,flexible,sin_deposito,175.35,2,0,0,0
1172,2025-04-05,2025-08-21,138,7,2,0,suite,desayuno,web_intermediaria,ES,flexible,parcial,187.93,0,0,0,0
2010,2025-04-06,2025-06-09,64,5,2,0,suite,desayuno,agencia,ES,flexible,parcial,165.48,1,0,0,1
1111,2025-04-06,2025-11-07,215,3,2,0,superior,media_pension,web_intermediaria,NL,flexible,parcial,82.59,1,0,0,0
4086,2025-04-06,2025-06-24,79,6,2,2,familiar,desayuno,agencia,otros,flexible,sin_deposito,96.97,0,0,0,0
40,2025-04-06,2025-06-01,56,4,2,0,familiar,todo_incluido,web_intermediaria,UK,flexible,sin_deposito,111.74,1,0,0,0
3317,2025-04-06,2025-09-01,148,4,2,0,estandar,todo_incluido,web_intermediaria,ES,no_reembolsable,total,64.19,0,0,0,0
4063,2025-04-06,2025-09-28,175,5,1,2,superior,media_pension,empresa,otros,no_reembolsable,sin_deposito,83.62,0,0,0,1
3865,2025-04-06,2025-07-27,112,6,1,0,suite,todo_incluido,web_intermediaria,UK,flexible,sin_deposito,187.49,0,0,0,1
4858,2025-04-06,2025-05-07,31,3,2,0,superior,desayuno,web_intermediaria,,no_reembolsable,sin_deposito,97.46,0,1,1,0
2158,2025-04-06,2025-05-16,40,4,4,0,familiar,todo_incluido,directo,DE,no_reembolsable,sin_deposito,114.24,0,0,0,0
2231,2025-04-06,2025-05-10,34,10,3,0,estandar,desayuno,empresa,UK,flexible,total,62.91,0,0,0,0
1196,2025-04-07,2025-04-16,9,8,3,0,superior,solo_alojamiento,agencia,UK,no_reembolsable,sin_deposito,92.95,1,0,0,0
2758,2025-04-07,2025-07-10,94,9,4,0,estandar,desayuno,directo,DE,flexible,sin_deposito,83.98,0,0,0,1
458,2025-04-07,2025-04-28,21,4,2,1,estandar,todo_incluido,web_intermediaria,otros,no_reembolsable,parcial,73.38,0,0,0,0
658,2025-04-07,2025-07-23,107,6,4,0,estandar,desayuno,web_intermediaria,UK,flexible,parcial,95.15,0,0,0,1
2568,2025-04-07,2025-05-21,44,6,2,1,superior,todo_incluido,directo,UK,flexible,parcial,98.19,1,0,0,0
2185,2025-04-07,2025-11-08,215,5,2,2,superior,solo_alojamiento,directo,UK,no_reembolsable,parcial,92.73,1,0,0,0
4619,2025-04-07,2025-06-18,72,3,2,0,suite,todo_incluido,directo,FR,flexible,sin_deposito,165.14,1,0,0,0
475,2025-04-08,2025-05-31,53,5,4,0,familiar,desayuno,agencia,UK,no_reembolsable,sin_deposito,113.95,0,0,0,0
1370,2025-04-08,2025-09-05,150,3,4,1,familiar,todo_incluido,empresa,IT,flexible,sin_deposito,80.66,3,0,0,0
1467,2025-04-08,2025-09-17,162,2,4,0,estandar,desayuno,directo,ES,flexible,parcial,66.24,1,0,0,0
958,2025-04-08,2025-04-24,16,8,2,3,familiar,desayuno,web_intermediaria,UK,no_reembolsable,sin_deposito,111.74,0,0,0,0
341,2025-04-08,2025-05-19,41,7,2,0,superior,todo_incluido,web_intermediaria,ES,flexible,sin_deposito,104.8,0,0,0,0
3492,2025-04-08,2025-08-06,120,6,2,0,familiar,desayuno,directo,ES,no_reembolsable,sin_deposito,118.76,0,0,0,0
130,2025-04-08,2025-05-03,25,5,2,0,estandar,desayuno,web_intermediaria,DE,flexible,sin_deposito,72.8,0,0,0,0
1417,2025-04-08,2025-07-12,95,5,3,0,estandar,media_pension,agencia,UK,flexible,sin_deposito,75.83,0,0,0,1
743,2025-04-08,2025-04-27,19,8,2,2,estandar,todo_incluido,agencia,UK,flexible,sin_deposito,60.87,0,0,0,1
3301,2025-04-09,2025-08-08,121,4,2,0,estandar,todo_incluido,agencia,ES,flexible,sin_deposito,86.98,0,0,0,1
99,2025-04-09,2025-05-21,42,4,2,1,familiar,media_pension,web_intermediaria,ES,no_reembolsable,sin_deposito,119.36,0,0,0,0
920,2025-04-09,2025-05-10,31,7,2,0,estandar,solo_alojamiento,agencia,Nordicos,flexible,sin_deposito,65.17,1,0,0,0
673,2025-04-09,2025-08-19,132,4,2,3,familiar,desayuno,web_intermediaria,FR,no_reembolsable,sin_deposito,120.73,0,0,0,1
1585,2025-04-09,2025-09-05,149,9,2,1,familiar,todo_incluido,directo,UK,no_reembolsable,sin_deposito,98.83,0,0,0,0
3757,2025-04-09,2026-01-11,277,5,2,2,familiar,desayuno,web_intermediaria,ES,no_reembolsable,sin_deposito,125.96,0,0,0,1
3764,2025-04-09,2025-07-26,108,8,3,0,estandar,desayuno,web_intermediaria,UK,flexible,sin_deposito,97.53,0,0,0,1
2970,2025-04-10,2025-05-15,35,2,2,1,estandar,media_pension,web_intermediaria,ES,no_reembolsable,sin_deposito,73.95,1,0,0,0
3408,2025-04-10,2025-08-14,126,5,2,0,suite,todo_incluido,web_intermediaria,DE,flexible,sin_deposito,200.15,0,0,0,1
2689,2025-04-10,2025-06-19,70,1,3,0,estandar,media_pension,web_intermediaria,DE,flexible,sin_deposito,66.18,0,0,0,1
1985,2025-04-10,2025-05-16,36,6,2,0,estandar,desayuno,web_intermediaria,UK,no_reembolsable,parcial,70.38,0,0,0,0
2992,2025-04-10,2025-11-26,230,8,2,2,superior,todo_incluido,directo,ES,flexible,parcial,122.87,1,0,0,1
1128,2025-04-10,2025-07-19,100,6,2,0,superior,todo_incluido,web_intermediaria,IT,flexible,sin_deposito,120.46,1,1,2,1
782,2025-04-10,2025-05-30,50,6,1,0,superior,desayuno,agencia,Nordicos,no_reembolsable,sin_deposito,95.48,0,0,0,0
5183,2025-04-10,2025-05-03,23,7,2,0,estandar,desayuno,web_intermediaria,ES,flexible,sin_deposito,71.12,0,1,0,1
1337,2025-04-10,2025-07-12,93,6,2,2,familiar,desayuno,web_intermediaria,DE,flexible,sin_deposito,142.85,1,1,0,1
3925,2025-04-10,2025-05-08,28,5,2,0,superior,media_pension,web_intermediaria,NL,flexible,sin_deposito,89.45,0,0,0,0
1235,2025-04-10,2025-07-22,103,2,1,2,superior,todo_incluido,web_intermediaria,ES,no_reembolsable,sin_deposito,123.21,1,0,0,1
5566,2025-04-10,2025-07-20,101,3,4,3,familiar,media_pension,web_intermediaria,ES,flexible,sin_deposito,135.81,0,1,1,0
616,2025-04-11,2025-08-05,116,8,1,2,familiar,todo_incluido,directo,ES,flexible,sin_deposito,153.1,0,0,0,0
3721,2025-04-11,2025-05-08,27,4,1,1,superior,desayuno,web_intermediaria,DE,flexible,parcial,92.42,1,0,0,1
3550,2025-04-11,2025-10-31,203,8,3,0,estandar,todo_incluido,web_intermediaria,ES,flexible,total,65.24,0,0,0,1
2437,2025-04-11,2025-06-14,64,4,3,1,familiar,solo_alojamiento,web_intermediaria,ES,no_reembolsable,sin_deposito,119.81,1,0,0,0
3730,2025-04-11,2025-08-06,117,8,3,0,superior,desayuno,web_intermediaria,ES,flexible,sin_deposito,117.19,1,0,0,1
1994,2025-04-11,2025-06-14,64,8,3,1,estandar,solo_alojamiento,agencia,IT,no_reembolsable,sin_deposito,66.66,0,0,0,0
5064,2025-04-11,2025-08-01,112,5,2,1,estandar,desayuno,directo,Nordicos,flexible,sin_deposito,81.74,1,0,0,0
3324,2025-04-11,2025-07-08,88,7,2,0,estandar,todo_incluido,empresa,ES,flexible,sin_deposito,84.3,0,0,0,0
1068,2025-04-12,2025-06-10,59,5,3,0,familiar,media_pension,web_intermediaria,Nordicos,no_reembolsable,sin_deposito,115.69,1,0,0,0
3502,2025-04-12,2025-05-14,32,5,4,2,suite,desayuno,web_intermediaria,ES,no_reembolsable,sin_deposito,158.7,0,0,0,0
5145,2025-04-12,2025-07-13,92,8,2,0,estandar,todo_incluido,directo,FR,no_reembolsable,parcial,88.78,0,1,0,0
5613,2025-04-12,2025-08-28,138,5,2,0,estandar,todo_incluido,web_intermediaria,DE,flexible,sin_deposito,75.38,0,1,1,1
4906,2025-04-13,2025-07-28,106,3,3,0,familiar,todo_incluido,directo,Nordicos,flexible,sin_deposito,141.37,1,0,0,1
5020,2025-04-13,2025-05-22,39,3,2,0,estandar,desayuno,web_intermediaria,otros,flexible,parcial,62.63,1,1,1,1
3647,2025-04-13,2025-06-05,53,5,2,1,familiar,todo_incluido,directo,NL,flexible,total,105.84,0,0,0,0
3266,2025-04-13,2025-12-08,239,7,2,0,estandar,media_pension,directo,UK,flexible,total,86.43,0,0,0,1
4995,2025-04-13,2025-06-21,69,5,3,0,familiar,desayuno,empresa,otros,no_reembolsable,sin_deposito,112.3,0,0,0,0
3696,2025-04-13,2025-05-03,20,6,2,1,familiar,desayuno,agencia,UK,flexible,total,112.14,0,0,0,1
5672,2025-04-14,2025-06-03,50,3,1,0,superior,todo_incluido,directo,UK,flexible,parcial,96.68,0,0,0,0
3118,2025-04-14,2025-05-13,29,2,2,2,estandar,todo_incluido,directo,ES,no_reembolsable,parcial,63.48,3,1,0,0
5420,2025-04-14,2025-05-16,32,9,1,0,estandar,todo_incluido,agencia,DE,flexible,parcial,76.61,0,0,0,0
600,2025-04-14,2025-06-20,67,8,2,2,familiar,solo_alojamiento,agencia,NL,flexible,sin_deposito,109.85,0,0,0,0
3147,2025-04-14,2025-05-24,40,6,4,0,estandar,media_pension,agencia,NL,no_reembolsable,sin_deposito,71.92,1,0,0,0
5106,2025-04-14,2025-05-07,23,4,3,0,estandar,desayuno,directo,IT,flexible,parcial,72.47,1,1,1,0
569,2025-04-14,2025-06-07,54,6,1,0,superior,todo_incluido,web_intermediaria,ES,flexible,parcial,105.37,0,0,0,1
26,2025-04-15,2025-05-06,21,5,2,0,estandar,todo_incluido,web_intermediaria,UK,flexible,sin_deposito,66.09,0,0,0,0
3862,2025-04-15,2025-05-15,30,8,3,0,estandar,desayuno,directo,DE,flexible,parcial,65.91,0,0,0,0
2184,2025-04-15,2025-06-14,60,5,3,0,suite,desayuno,directo,DE,no_reembolsable,parcial,149.31,1,0,0,0
3977,2025-04-15,2025-05-03,18,6,2,0,familiar,media_pension,directo,ES,flexible,total,109.08,0,1,0,0
1715,2025-04-15,2025-07-21,97,4,2,0,familiar,desayuno,web_intermediaria,UK,flexible,total,160.95,1,1,0,1
3675,2025-04-16,2025-10-12,179,8,3,0,estandar,desayuno,web_intermediaria,ES,flexible,parcial,80.19,2,0,0,1
1717,2025-04-16,2025-06-12,57,7,1,0,familiar,todo_incluido,directo,NL,flexible,total,123.95,2,0,0,0
2448,2025-04-16,2025-08-09,115,5,3,0,superior,desayuno,agencia,Nordicos,flexible,sin_deposito,135.64,1,0,0,1
3577,2025-04-16,2025-06-25,70,5,2,0,superior,media_pension,web_intermediaria,IT,flexible,parcial,109.09,2,0,0,0
5787,2025-04-16,2025-07-20,95,5,2,0,estandar,desayuno,web_intermediaria,ES,flexible,sin_deposito,95.56,0,0,0,1
2072,2025-04-17,2025-09-02,138,3,2,0,estandar,solo_alojamiento,web_intermediaria,Nordicos,no_reembolsable,parcial,73.77,1,0,0,1
2015,2025-04-17,2025-10-28,194,5,2,0,estandar,desayuno,web_intermediaria,UK,no_reembolsable,sin_deposito,71.93,0,0,0,1
1130,2025-04-18,2025-07-02,75,5,2,0,superior,media_pension,directo,NL,no_reembolsable,sin_deposito,112.68,0,0,0,1
934,2025-04-18,2025-05-23,35,4,1,0,estandar,media_pension,web_intermediaria,ES,flexible,sin_deposito,70.07,0,0,0,1
4991,2025-04-18,2025-07-21,94,7,2,0,suite,desayuno,agencia,otros,flexible,parcial,210.06,0,1,1,1
4560,2025-04-18,2025-05-26,38,9,2,0,estandar,media_pension,web_intermediaria,Nordicos,flexible,sin_deposito,79.78,0,0,0,1
2986,2025-04-18,2025-06-14,57,9,2,0,superior,todo_incluido,directo,DE,flexible,parcial,96.81,2,0,0,0
5554,2025-04-18,2025-05-01,13,5,3,0,estandar,desayuno,agencia,UK,flexible,sin_deposito,76.51,0,1,0,0
5812,2025-04-18,2025-09-13,148,4,2,0,suite,solo_alojamiento,web_intermediaria,Nordicos,flexible,total,171.58,0,1,0,0
2361,2025-04-18,2025-05-29,41,4,3,2,familiar,todo_incluido,web_intermediaria,ES,flexible,sin_deposito,112.99,0,0,0,1
984,2025-04-18,2025-05-23,35,4,1,0,superior,todo_incluido,agencia,Nordicos,no_reembolsable,total,89.35,1,1,1,0
1255,2025-04-19,2025-05-22,33,7,1,0,superior,desayuno,web_intermediaria,UK,no_reembolsable,parcial,95.56,0,1,0,0
824,2025-04-19,2025-06-09,51,6,3,0,suite,media_pension,web_intermediaria,otros,flexible,parcial,155.4,0,1,0,0
5899,2025-04-19,2025-06-02,44,9,4,2,superior,desayuno,agencia,ES,no_reembolsable,sin_deposito,98.13,0,0,0,1
244,2025-04-19,2025-07-11,83,10,2,1,superior,solo_alojamiento,web_intermediaria,UK,flexible,sin_deposito,114.12,0,0,0,1
5674,2025-04-19,2025-11-09,204,6,2,0,superior,media_pension,directo,DE,flexible,parcial,107.4,0,1,0,0
1221,2025-04-19,2025-12-08,233,1,3,2,estandar,todo_incluido,web_intermediaria,UK,no_reembolsable,sin_deposito,83.63,0,0,0,1
3589,2025-04-19,2025-09-19,153,5,2,1,superior,desayuno,empresa,ES,flexible,sin_deposito,91.73,1,0,0,1
4042,2025-04-20,2025-07-30,101,4,2,0,estandar,desayuno,web_intermediaria,UK,flexible,sin_deposito,90.75,1,0,0,1
771,2025-04-20,2025-06-08,49,5,1,2,familiar,desayuno,directo,UK,flexible,parcial,125.64,1,1,0,1
1887,2025-04-20,2025-10-05,168,3,2,0,estandar,media_pension,directo,UK,flexible,parcial,73.27,0,1,0,1
1205,2025-04-20,2025-08-29,131,7,4,1,estandar,solo_alojamiento,empresa,ES,flexible,total,98.1,0,0,0,1
5735,2025-04-20,2025-07-26,97,3,2,0,suite,desayuno,directo,UK,flexible,sin_deposito,196.49,0,0,0,0
1089,2025-04-20,2025-09-06,139,6,2,3,estandar,desayuno,directo,DE,no_reembolsable,total,75.45,3,0,0,0
2754,2025-04-20,2025-08-23,125,3,4,1,estandar,desayuno,web_intermediaria,DE,flexible,sin_deposito,87.69,0,0,0,1
2481,2025-04-20,2026-02-13,299,4,1,0,estandar,desayuno,agencia,ES,flexible,total,94.38,1,0,0,1
4008,2025-04-20,2025-08-08,110,5,2,0,familiar,solo_alojamiento,web_intermediaria,DE,no_reembolsable,sin_deposito,143.57,0,0,0,1
502,2025-04-20,2025-10-09,172,3,2,2,estandar,desayuno,agencia,FR,no_reembolsable,sin_deposito,70.53,0,0,0,0
5944,2025-04-20,2025-05-01,11,4,2,0,familiar,desayuno,directo,DE,flexible,sin_deposito,115.69,0,0,0,0
2905,2025-04-20,2025-07-12,83,4,3,1,superior,desayuno,agencia,ES,no_reembolsable,sin_deposito,103.47,1,0,0,0
3273,2025-04-21,2025-06-14,54,4,2,0,estandar,desayuno,empresa,ES,no_reembolsable,total,71.0,0,0,0,0
1723,2025-04-21,2025-08-21,122,5,2,0,superior,desayuno,empresa,ES,no_reembolsable,total,129.39,0,0,0,1
5522,2025-04-21,2025-05-20,29,8,3,1,familiar,desayuno,agencia,IT,flexible,total,98.81,0,0,0,1
2324,2025-04-21,2025-06-13,53,6,2,0,estandar,desayuno,web_intermediaria,DE,flexible,sin_deposito,68.72,2,0,0,0
1438,2025-04-21,2025-06-11,51,8,2,3,suite,media_pension,web_intermediaria,NL,flexible,sin_deposito,161.44,1,0,0,1
652,2025-04-21,2025-05-18,27,6,2,0,superior,desayuno,agencia,DE,no_reembolsable,total,98.88,1,1,1,0
2258,2025-04-21,2025-07-02,72,4,2,1,familiar,desayuno,web_intermediaria,DE,flexible,parcial,123.88,0,0,0,0
2930,2025-04-21,2025-05-08,17,3,2,1,familiar,desayuno,agencia,ES,flexible,total,126.75,0,0,0,0
5186,2025-04-21,2025-09-13,145,8,4,0,familiar,todo_incluido,directo,Nordicos,flexible,sin_deposito,101.17,0,0,0,1
4181,2025-04-21,2025-07-22,92,7,2,0,familiar,desayuno,directo,NL,no_reembolsable,sin_deposito,121.48,0,0,0,0
1812,2025-04-21,2025-06-12,52,6,2,0,estandar,todo_incluido,directo,ES,no_reembolsable,parcial,57.69,1,0,0,0
986,2025-04-21,2025-07-24,94,2,2,0,suite,solo_alojamiento,web_intermediaria,UK,no_reembolsable,parcial,183.36,0,0,0,0
1224,2025-04-22,2025-09-09,140,6,3,0,suite,todo_incluido,web_intermediaria,IT,no_reembolsable,parcial,180.2,0,0,0,1
5954,2025-04-22,2025-05-25,33,4,4,0,estandar,media_pension,agencia,ES,no_reembolsable,sin_deposito,69.0,0,0,0,1
123,2025-04-22,2025-07-30,99,3,2,0,estandar,desayuno,web_intermediaria,DE,no_reembolsable,sin_deposito,83.77,0,0,0,0
2380,2025-04-22,2025-06-15,54,4,2,0,estandar,media_pension,directo,UK,no_reembolsable,sin_deposito,68.62,0,0,0,0
5361,2025-04-22,2025-09-24,155,4,4,0,suite,todo_incluido,agencia,NL,no_reembolsable,sin_deposito,129.37,0,0,0,1
4679,2025-04-22,2025-06-26,65,5,4,2,estandar,desayuno,agencia,Nordicos,flexible,sin_deposito,74.02,0,0,0,0
1398,2025-04-22,2025-07-15,84,2,4,0,familiar,desayuno,directo,UK,no_reembolsable,parcial,133.75,0,0,0,0
4460,2025-04-22,2025-09-28,159,7,2,1,familiar,todo_incluido,web_intermediaria,UK,no_reembolsable,total,115.73,0,0,0,0
2551,2025-04-22,2025-10-14,175,8,2,0,familiar,todo_incluido,web_intermediaria,UK,flexible,sin_deposito,118.95,0,0,0,1
3,2025-04-22,2025-05-31,39,5,2,0,estandar,solo_alojamiento,directo,FR,no_reembolsable,parcial,75.33,0,1,1,0
2396,2025-04-23,2025-08-14,113,6,2,0,estandar,solo_alojamiento,web_intermediaria,FR,flexible,total,82.06,2,0,0,1
4464,2025-04-23,2025-06-19,57,6,1,2,superior,todo_incluido,web_intermediaria,ES,no_reembolsable,sin_deposito,103.16,0,0,0,1
2086,2025-04-23,2025-09-18,148,2,2,0,estandar,media_pension,directo,ES,flexible,parcial,65.76,1,0,0,1
5138,2025-04-23,2025-08-28,127,8,2,0,superior,desayuno,empresa,DE,no_reembolsable,sin_deposito,130.61,1,0,0,0
3794,2025-04-23,2025-09-25,155,2,1,0,estandar,media_pension,directo,ES,no_reembolsable,parcial,70.45,0,0,0,1
5553,2025-04-23,2025-07-07,75,9,1,0,estandar,desayuno,web_intermediaria,UK,flexible,sin_deposito,91.93,1,1,0,0
5923,2025-04-23,2026-02-20,303,3,4,0,estandar,todo_incluido,directo,ES,flexible,sin_deposito,88.34,0,0,0,1
4437,2025-04-23,2025-07-24,92,10,2,0,estandar,todo_incluido,directo,DE,flexible,sin_deposito,79.98,0,1,0,1
5994,2025-04-23,2025-12-20,241,13,4,0,estandar,desayuno,directo,Nordicos,no_reembolsable,sin_deposito,106.91,0,1,2,1
4302,2025-04-24,2025-06-17,54,5,2,0,estandar,media_pension,web_intermediaria,ES,flexible,total,71.22,1,0,0,0
842,2025-04-24,2026-01-09,260,2,3,0,estandar,media_pension,agencia,DE,flexible,parcial,85.05,2,0,0,1
2619,2025-04-24,2025-07-18,85,4,2,0,estandar,desayuno,agencia,IT,no_reembolsable,parcial,82.4,0,0,0,0
1693,2025-04-24,2025-07-04,71,5,3,0,estandar,desayuno,directo,DE,no_reembolsable,sin_deposito,95.15,0,1,1,1
1277,2025-04-24,2025-09-10,139,5,1,0,superior,media_pension,directo,Nordicos,flexible,parcial,88.68,1,1,0,0
2195,2025-04-24,2026-03-23,333,5,2,1,estandar,media_pension,empresa,NL,flexible,total,79.65,0,0,0,0
5879,2025-04-24,2025-07-15,82,6,2,0,estandar,todo_incluido,directo,ES,no_reembolsable,parcial,92.42,0,1,1,0
3963,2025-04-24,2025-05-31,37,2,3,2,estandar,desayuno,web_intermediaria,DE,flexible,parcial,67.59,0,0,0,1
4902,2025-04-24,2025-05-09,15,2,2,0,estandar,media_pension,web_intermediaria,FR,no_reembolsable,sin_deposito,68.78,0,0,0,0
1981,2025-04-25,2025-06-19,55,9,3,0,superior,desayuno,web_intermediaria,IT,no_reembolsable,sin_deposito,109.48,1,0,0,0
2023,2025-04-25,2025-05-23,28,5,3,0,superior,todo_incluido,empresa,ES,no_reembolsable,parcial,109.46,0,0,0,0
730,2025-04-25,2025-07-13,79,4,1,0,superior,media_pension,directo,DE,no_reembolsable,total,126.96,0,0,0,0
2584,2025-04-25,2025-10-23,181,10,3,3,suite,media_pension,web_intermediaria,,no_reembolsable,sin_deposito,167.77,1,0,0,1
3438,2025-04-25,2025-06-21,57,4,3,0,estandar,desayuno,web_intermediaria,ES,no_reembolsable,sin_deposito,73.17,0,0,0,0
5143,2025-04-25,2025-05-15,20,3,2,1,superior,desayuno,web_intermediaria,ES,no_reembolsable,parcial,82.73,0,0,0,0
2022,2025-04-26,2025-06-17,52,7,2,0,estandar,desayuno,web_intermediaria,ES,flexible,parcial,61.54,0,0,0,0
1597,2025-04-26,2025-09-17,144,5,2,0,estandar,todo_incluido,web_intermediaria,ES,flexible,sin_deposito,71.88,0,0,0,0
2050,2025-04-26,2025-06-02,37,7,2,0,suite,desayuno,web_intermediaria,FR,flexible,sin_deposito,148.98,1,0,0,1
2897,2025-04-26,2025-07-10,75,3,2,0,estandar,media_pension,directo,Nordicos,flexible,sin_deposito,98.0,0,0,0,0
316,2025-04-26,2025-08-29,125,6,2,0,estandar,solo_alojamiento,web_intermediaria,otros,flexible,parcial,83.77,0,1,0,1
5015,2025-04-26,2025-05-17,21,6,2,0,superior,todo_incluido,directo,IT,flexible,sin_deposito,95.13,1,0,0,0
3834,2025-04-26,2025-07-14,79,2,2,1,superior,todo_incluido,directo,ES,flexible,total,124.9,2,0,0,0
3409,2025-04-26,2025-05-08,12,10,3,0,familiar,media_pension,web_intermediaria,DE,flexible,parcial,130.84,1,0,0,0
4321,2025-04-26,2025-07-16,81,5,2,0,superior,todo_incluido,web_intermediaria,DE,no_reembolsable,total,125.12,0,0,0,0
1959,2025-04-27,2025-06-19,53,3,2,0,estandar,media_pension,empresa,UK,flexible,sin_deposito,70.23,0,0,0,0
2771,2025-04-27,2025-11-12,199,6,3,0,estandar,desayuno,directo,ES,flexible,parcial,72.86,0,1,0,1
255,2025-04-27,2025-10-03,159,10,1,0,superior,todo_incluido,web_intermediaria,ES,flexible,sin_deposito,90.31,0,0,0,1
5714,2025-04-27,2025-07-04,68,5,2,0,estandar,media_pension,directo,ES,no_reembolsable,sin_deposito,93.2,0,0,0,0
4400,2025-04-28,2025-05-24,26,8,3,0,estandar,media_pension,web_intermediaria,ES,no_reembolsable,parcial,64.06,0,0,0,0
156,2025-04-28,2025-07-28,91,4,2,0,suite,desayuno,agencia,UK,flexible,sin_deposito,234.4,1,0,0,0
3000,2025-04-28,2025-07-01,64,6,2,0,estandar,todo_incluido,agencia,IT,flexible,sin_deposito,75.82,0,0,0,1
446,2025-04-28,2025-07-27,90,6,2,0,estandar,todo_incluido,web_intermediaria,UK,flexible,parcial,94.96,0,0,0,0
372,2025-04-28,2025-07-17,80,4,3,2,estandar,media_pension,web_intermediaria,DE,flexible,sin_deposito,87.37,1,0,0,1
2088,2025-04-28,2025-07-06,69,4,1,3,estandar,desayuno,directo,otros,flexible,parcial,95.66,2,0,0,1
3929,2025-04-28,2025-08-08,102,6,2,0,estandar,todo_incluido,directo,UK,no_reembolsable,parcial,88.66,1,1,0,0
2242,2025-04-29,2025-06-25,57,5,2,3,estandar,desayuno,web_intermediaria,ES,no_reembolsable,total,77.46,0,0,0,1
1648,2025-04-29,2025-07-14,76,4,2,0,superior,desayuno,web_intermediaria,ES,flexible,parcial,121.74,2,0,0,1
237,2025-04-29,2025-06-24,56,4,2,0,superior,desayuno,agencia,ES,flexible,parcial,95.7,0,0,0,0
4876,2025-04-29,2025-07-12,74,5,1,0,estandar,desayuno,directo,DE,flexible,sin_deposito,90.49,0,0,0,1
162,2025-04-29,2025-08-04,97,6,4,0,superior,desayuno,web_intermediaria,DE,flexible,sin_deposito,108.6,3,0,0,1
2877,2025-04-29,2025-10-12,166,4,2,0,estandar,todo_incluido,web_intermediaria,UK,flexible,total,66.44,0,1,1,0
479,2025-04-29,2025-08-02,95,3,2,0,familiar,todo_incluido,directo,UK,flexible,sin_deposito,135.01,0,0,0,1
5889,2025-04-29,2025-10-05,159,6,4,0,superior,desayuno,directo,Nordicos,flexible,sin_deposito,105.66,0,0,0,1
822,2025-04-30,2025-10-01,154,7,2,0,familiar,desayuno,web_intermediaria,ES,flexible,sin_deposito,119.64,1,0,0,1
108,2025-04-30,2025-07-29,90,4,2,2,superior,desayuno,web_intermediaria,ES,flexible,sin_deposito,106.24,0,0,0,1
5369,2025-04-30,2025-07-13,74,3,1,0,estandar,todo_incluido,web_intermediaria,ES,flexible,parcial,78.84,0,0,0,1
4730,2025-04-30,2025-06-16,47,4,2,0,suite,todo_incluido,web_intermediaria,UK,flexible,total,143.06,0,0,0,0
4489,2025-04-30,2025-07-24,85,7,2,0,suite,media_pension,directo,DE,flexible,sin_deposito,185.41,1,0,0,1
5298,2025-04-30,2025-08-25,117,3,2,2,estandar,todo_incluido,web_intermediaria,IT,no_reembolsable,sin_deposito,79.03,1,0,0,0
819,2025-04-30,2025-06-03,34,5,2,0,superior,desayuno,directo,ES,no_reembolsable,sin_deposito,86.54,1,0,0,0
311,2025-05-01,2025-07-03,63,5,3,0,estandar,todo_incluido,agencia,ES,flexible,total,92.1,3,0,0,0
2563,2025-05-01,2025-05-26,25,6,1,0,superior,desayuno,directo,UK,flexible,sin_deposito,101.24,1,0,0,0
5870,2025-05-01,2025-07-10,70,4,1,2,estandar,desayuno,agencia,UK,no_reembolsable,sin_deposito,87.69,3,0,0,0
5218,2025-05-01,2025-05-30,29,4,2,2,superior,solo_alojamiento,directo,UK,flexible,sin_deposito,113.62,1,0,0,1
5811,2025-05-01,2025-09-03,125,7,2,0,estandar,todo_incluido,agencia,,flexible,total,72.77,1,0,0,0
122,2025-05-02,2025-07-27,86,6,2,0,familiar,solo_alojamiento,web_intermediaria,UK,flexible,sin_deposito,129.21,0,0,0,1
2722,2025-05-02,2025-10-14,165,3,2,0,familiar,media_pension,agencia,FR,flexible,sin_deposito,103.06,2,0,0,1
3739,2025-05-02,2025-08-15,105,4,2,0,estandar,todo_incluido,web_intermediaria,UK,flexible,parcial,91.77,3,0,0,0
1049,2025-05-02,2025-07-07,66,3,2,1,estandar,media_pension,web_intermediaria,UK,no_reembolsable,parcial,88.44,0,0,0,0
5447,2025-05-02,2025-07-29,88,5,2,0,estandar,desayuno,web_intermediaria,ES,flexible,total,96.11,1,0,0,1
3159,2025-05-02,2025-06-01,30,7,1,0,superior,desayuno,web_intermediaria,Nordicos,flexible,parcial,101.7,0,0,0,0
2084,2025-05-02,2025-08-07,97,11,1,0,estandar,todo_incluido,agencia,otros,flexible,sin_deposito,90.98,0,0,0,1
2102,2025-05-02,2025-09-20,141,10,2,0,estandar,todo_incluido,web_intermediaria,UK,no_reembolsable,sin_deposito,68.63,1,0,0,1
5204,2025-05-02,2025-06-16,45,4,1,1,familiar,desayuno,directo,UK,flexible,parcial,93.51,0,0,0,0
80,2025-05-03,2025-06-10,38,3,2,2,superior,todo_incluido,web_intermediaria,Nordicos,flexible,parcial,88.23,0,0,0,0
859,2025-05-03,2025-06-08,36,1,2,1,estandar,solo_alojamiento,agencia,IT,flexible,total,72.85,1,0,0,0
4359,2025-05-03,2025-08-24,113,6,2,0,estandar,todo_incluido,agencia,UK,flexible,sin_deposito,91.44,0,0,0,1
3655,2025-05-03,2025-10-27,177,5,2,3,estandar,solo_alojamiento,directo,UK,no_reembolsable,sin_deposito,64.63,0,0,0,0
2616,2025-05-03,2025-08-27,116,7,2,2,superior,desayuno,directo,ES,no_reembolsable,sin_deposito,116.43,1,1,0,0
4305,2025-05-03,2025-12-19,230,6,4,1,familiar,desayuno,web_intermediaria,UK,no_reembolsable,parcial,109.11,2,0,0,0
5259,2025-05-03,2025-07-30,88,5,2,0,estandar,todo_incluido,web_intermediaria,UK,flexible,sin_deposito,82.13,1,0,0,0
3193,2025-05-04,2025-05-27,23,9,2,0,familiar,solo_alojamiento,web_intermediaria,UK,flexible,sin_deposito,105.12,1,0,0,0
1613,2025-05-04,2025-12-21,231,6,1,1,estandar,todo_incluido,agencia,ES,flexible,sin_deposito,86.94,1,1,1,0
1132,2025-05-04,2025-08-21,109,8,3,1,estandar,desayuno,web_intermediaria,IT,flexible,sin_deposito,81.84,0,0,0,1
641,2025-05-04,2025-12-04,214,1,3,0,estandar,todo_incluido,web_intermediaria,ES,no_reembolsable,parcial,86.85,0,1,1,1
283,2025-05-04,2025-07-05,62,5,2,0,superior,todo_incluido,directo,NL,flexible,sin_deposito,114.66,2,0,0,1
3983,2025-05-04,2025-09-30,149,8,4,0,superior,media_pension,web_intermediaria,DE,flexible,sin_deposito,97.85,1,0,0,1
736,2025-05-04,2025-07-15,72,4,2,0,superior,desayuno,agencia,FR,flexible,total,126.11,0,0,0,0
1306,2025-05-05,2025-06-08,34,8,3,0,estandar,todo_incluido,agencia,ES,flexible,parcial,69.27,1,0,0,0
4879,2025-05-05,2026-01-15,255,4,2,0,estandar,desayuno,web_intermediaria,otros,flexible,total,84.37,1,0,0,0
2280,2025-05-05,2025-06-14,40,7,4,0,superior,media_pension,web_intermediaria,ES,flexible,sin_deposito,94.91,1,0,0,1
312,2025-05-05,2025-08-27,114,9,1,0,estandar,todo_incluido,web_intermediaria,UK,no_reembolsable,parcial,79.12,0,0,0,1
5376,2025-05-05,2025-06-18,44,8,4,0,estandar,desayuno,directo,ES,no_reembolsable,parcial,65.17,2,0,0,0
1427,2025-05-05,2025-11-01,180,4,4,0,estandar,todo_incluido,agencia,UK,no_reembolsable,sin_deposito,74.67,1,0,0,1
3002,2025-05-05,2026-01-07,247,6,2,0,superior,media_pension,directo,ES,flexible,sin_deposito,114.07,0,0,0,0
2659,2025-05-05,2025-10-14,162,5,3,0,suite,desayuno,directo,NL,flexible,sin_deposito,154.47,0,0,0,1
3375,2025-05-05,2025-05-17,12,4,2,0,estandar,solo_alojamiento,web_intermediaria,ES,flexible,sin_deposito,61.22,1,0,0,1
2817,2025-05-06,2025-06-14,39,3,2,0,superior,media_pension,directo,ES,flexible,parcial,82.54,1,0,0,0
5403,2025-05-06,2025-08-24,110,7,2,1,estandar,desayuno,directo,UK,flexible,parcial,90.33,1,0,0,1
1813,2025-05-06,2025-07-20,75,6,2,1,estandar,solo_alojamiento,empresa,ES,no_reembolsable,sin_deposito,82.97,0,0,0,0
2932,2025-05-06,2025-07-14,69,7,2,0,estandar,media_pension,web_intermediaria,ES,flexible,sin_deposito,93.98,0,0,0,1
5828,2025-05-06,2025-07-13,68,3,2,0,estandar,media_pension,web_intermediaria,DE,flexible,sin_deposito,82.45,0,1,0,1
1424,2025-05-07,2025-07-18,72,4,2,0,estandar,desayuno,directo,ES,no_reembolsable,sin_deposito,84.63,1,1,0,0
3984,2025-05-07,2025-07-17,71,7,2,0,estandar,solo_alojamiento,web_intermediaria,ES,no_reembolsable,parcial,98.25,0,0,0,0
1274,2025-05-07,2025-08-21,106,5,2,1,estandar,desayuno,directo,DE,no_reembolsable,total,88.64,0,0,0,0
2112,2025-05-07,2025-08-11,96,7,4,0,superior,solo_alojamiento,web_intermediaria,ES,no_reembolsable,parcial,117.94,0,0,0,1
1329,2025-05-07,2025-11-23,200,3,1,0,estandar,desayuno,web_intermediaria,UK,no_reembolsable,sin_deposito,62.04,1,1,2,1
5518,2025-05-07,2025-06-18,42,5,2,0,estandar,desayuno,web_intermediaria,UK,no_reembolsable,parcial,82.16,2,0,0,0
4170,2025-05-07,2025-05-23,16,8,2,0,superior,desayuno,web_intermediaria,UK,flexible,parcial,79.97,1,0,0,0
5643,2025-05-07,2025-05-31,24,4,2,0,familiar,todo_incluido,web_intermediaria,ES,flexible,sin_deposito,120.6,2,0,0,0
3813,2025-05-07,2025-08-18,103,7,3,0,superior,solo_alojamiento,directo,NL,flexible,sin_deposito,119.21,1,0,0,0
1071,2025-05-07,2025-06-27,51,9,1,0,estandar,media_pension,web_intermediaria,UK,no_reembolsable,sin_deposito,70.25,0,0,0,0
5848,2025-05-07,2025-06-14,38,5,1,0,estandar,solo_alojamiento,web_intermediaria,NL,no_reembolsable,parcial,59.86,0,0,0,1
3610,2025-05-07,2025-06-22,46,4,3,0,superior,desayuno,directo,ES,flexible,sin_deposito,88.39,0,1,0,1
5536,2025-05-08,2025-07-25,78,8,3,0,superior,desayuno,web_intermediaria,ES,flexible,parcial,114.2,1,0,0,0
3233,2025-05-08,2025-06-15,38,6,2,3,estandar,solo_alojamiento,web_intermediaria,ES,flexible,parcial,71.96,1,0,0,1
2438,2025-05-08,2025-06-30,53,5,2,0,estandar,media_pension,agencia,IT,flexible,sin_deposito,72.38,0,1,0,0
5129,2025-05-09,2025-12-02,207,4,2,0,suite,solo_alojamiento,directo,otros,no_reembolsable,parcial,211.95,0,1,0,0
1298,2025-05-09,2025-09-08,122,3,2,2,superior,solo_alojamiento,web_intermediaria,DE,no_reembolsable,sin_deposito,92.83,2,1,0,1
257,2025-05-09,2025-06-26,48,3,1,0,familiar,todo_incluido,web_intermediaria,ES,no_reembolsable,sin_deposito,120.71,0,0,0,1
49,2025-05-09,2025-08-30,113,3,1,0,superior,todo_incluido,agencia,FR,no_reembolsable,parcial,115.6,0,0,0,1
3519,2025-05-09,2025-06-15,37,9,3,0,estandar,desayuno,web_intermediaria,UK,flexible,parcial,70.73,1,0,0,0
1668,2025-05-09,2025-07-26,78,5,1,0,estandar,desayuno,agencia,DE,no_reembolsable,sin_deposito,84.81,1,0,0,0
3206,2025-05-09,2025-07-29,81,5,2,0,estandar,todo_incluido,directo,UK,flexible,parcial,88.39,0,0,0,0
3390,2025-05-09,2025-12-18,223,8,4,1,estandar,desayuno,web_intermediaria,ES,flexible,sin_deposito,99.82,1,0,0,1
416,2025-05-09,2025-09-29,143,1,4,0,superior,todo_incluido,web_intermediaria,DE,no_reembolsable,parcial,95.27,1,0,0,1
3767,2025-05-10,2025-06-04,25,5,2,2,suite,todo_incluido,agencia,UK,no_reembolsable,sin_deposito,151.38,2,0,0,0
1327,2025-05-10,2025-06-15,36,6,2,0,estandar,solo_alojamiento,web_intermediaria,UK,flexible,parcial,57.18,1,0,0,0
4201,2025-05-10,2025-11-26,200,4,2,0,superior,media_pension,web_intermediaria,UK,no_reembolsable,sin_deposito,103.88,1,0,0,1
5124,2025-05-10,2025-06-02,23,3,4,1,estandar,todo_incluido,web_intermediaria,otros,flexible,sin_deposito,70.33,0,0,0,0
2034,2025-05-10,2025-05-25,15,5,2,0,superior,desayuno,web_intermediaria,UK,no_reembolsable,sin_deposito,95.17,1,0,0,0
5644,2025-05-10,2025-07-07,58,3,4,0,superior,media_pension,agencia,ES,flexible,sin_deposito,120.37,0,0,0,1
4924,2025-05-10,2025-12-13,217,3,2,2,estandar,media_pension,agencia,ES,no_reembolsable,parcial,97.03,2,0,0,1
4999,2025-05-10,2025-08-05,87,9,2,0,superior,todo_incluido,agencia,UK,no_reembolsable,parcial,112.02,1,0,0,0
711,2025-05-10,2025-07-01,52,12,2,0,familiar,todo_incluido,empresa,Nordicos,flexible,parcial,129.24,1,0,0,0
2468,2025-05-11,2025-06-30,50,7,4,0,estandar,desayuno,web_intermediaria,ES,flexible,parcial,73.8,0,0,0,1
827,2025-05-11,2025-07-09,59,9,2,0,superior,todo_incluido,web_intermediaria,NL,flexible,parcial,108.43,0,0,0,1
5598,2025-05-11,2025-06-24,44,7,4,0,suite,desayuno,empresa,UK,no_reembolsable,sin_deposito,150.07,0,0,0,0
550,2025-05-11,2025-07-30,80,4,1,0,estandar,desayuno,web_intermediaria,DE,no_reembolsable,parcial,83.59,0,0,0,0
4166,2025-05-11,2025-10-03,145,5,2,2,estandar,desayuno,directo,otros,flexible,parcial,79.23,1,0,0,0
2632,2025-05-11,2025-06-14,34,5,2,0,familiar,desayuno,directo,ES,no_reembolsable,parcial,116.28,0,0,0,0
5955,2025-05-11,2025-06-20,40,5,3,0,suite,todo_incluido,agencia,UK,no_reembolsable,parcial,164.45,1,0,0,0
1703,2025-05-12,2025-08-19,99,10,4,0,estandar,solo_alojamiento,web_intermediaria,DE,flexible,sin_deposito,83.02,0,0,0,1
3829,2025-05-12,2025-09-25,136,7,2,0,estandar,todo_incluido,directo,UK,flexible,parcial,70.78,2,0,0,0
1973,2025-05-12,2025-07-13,62,3,2,1,estandar,solo_alojamiento,web_intermediaria,UK,no_reembolsable,sin_deposito,93.51,1,0,0,0
2285,2025-05-12,2025-07-19,68,7,3,0,estandar,desayuno,agencia,ES,flexible,parcial,77.0,1,1,2,1
4822,2025-05-12,2025-05-25,13,7,1,0,superior,media_pension,empresa,UK,flexible,parcial,109.66,0,0,0,1
3192,2025-05-12,2025-07-03,52,6,2,2,estandar,desayuno,empresa,otros,no_reembolsable,parcial,98.4,0,0,0,1
5919,2025-05-12,2025-11-16,188,4,2,2,suite,desayuno,agencia,ES,flexible,sin_deposito,161.6,0,1,0,1
60,2025-05-13,2025-07-23,71,7,2,1,estandar,desayuno,empresa,IT,flexible,total,83.4,2,1,1,0
3612,2025-05-13,2025-10-13,153,3,1,0,superior,desayuno,agencia,DE,flexible,sin_deposito,82.49,2,0,0,1
5023,2025-05-13,2025-06-13,31,5,2,0,estandar,desayuno,directo,ES,flexible,parcial,69.77,0,0,0,0
5004,2025-05-13,2025-08-17,96,3,4,0,estandar,desayuno,empresa,UK,no_reembolsable,parcial,88.29,1,1,3,1
1510,2025-05-13,2025-10-31,171,6,4,0,superior,media_pension,web_intermediaria,ES,flexible,sin_deposito,101.79,0,1,0,1
2267,2025-05-13,2025-06-12,30,3,2,0,estandar,media_pension,web_intermediaria,ES,flexible,sin_deposito,64.38,1,0,0,1
98,2025-05-13,2025-08-20,99,8,2,0,familiar,desayuno,directo,NL,no_reembolsable,sin_deposito,130.22,1,0,0,0
3719,2025-05-13,2025-05-18,5,3,4,3,superior,media_pension,directo,IT,no_reembolsable,parcial,96.96,0,0,0,0
4443,2025-05-13,2025-05-26,13,5,2,1,estandar,desayuno,web_intermediaria,,flexible,parcial,76.23,1,0,0,0
1696,2025-05-13,2025-08-02,81,4,2,0,familiar,desayuno,directo,IT,flexible,total,139.72,0,0,0,0
1780,2025-05-14,2025-06-11,28,5,2,2,suite,desayuno,web_intermediaria,ES,flexible,sin_deposito,175.91,1,0,0,0
5723,2025-05-14,2025-07-21,68,3,2,0,estandar,todo_incluido,directo,ES,flexible,total,80.31,0,0,0,0
5670,2025-05-14,2025-10-21,160,7,2,0,estandar,media_pension,web_intermediaria,ES,no_reembolsable,total,74.37,1,1,1,1
5854,2025-05-14,2025-08-10,88,5,1,0,suite,todo_incluido,web_intermediaria,DE,flexible,sin_deposito,202.44,4,0,0,1
813,2025-05-14,2025-09-22,131,7,3,0,familiar,desayuno,web_intermediaria,IT,no_reembolsable,parcial,108.23,0,0,0,1
191,2025-05-14,2025-09-28,137,5,2,0,familiar,desayuno,directo,IT,no_reembolsable,parcial,105.37,1,0,0,0
2256,2025-05-15,2025-08-19,96,5,2,0,familiar,todo_incluido,agencia,otros,flexible,parcial,138.69,0,0,0,1
4037,2025-05-15,2026-01-03,233,5,4,0,estandar,todo_incluido,directo,UK,flexible,parcial,97.36,1,1,0,0
3576,2025-05-15,2025-11-18,187,4,4,0,estandar,desayuno,agencia,Nordicos,flexible,sin_deposito,71.61,0,0,0,0
636,2025-05-15,2025-08-17,94,8,3,0,estandar,todo_incluido,agencia,DE,flexible,sin_deposito,95.89,1,1,0,0
4215,2025-05-15,2025-05-29,14,7,2,0,estandar,desayuno,web_intermediaria,ES,flexible,sin_deposito,78.2,0,0,0,0
2136,2025-05-15,2025-06-11,27,3,1,0,estandar,solo_alojamiento,web_intermediaria,UK,flexible,sin_deposito,71.93,0,0,0,1
4732,2025-05-15,2025-08-30,107,5,2,0,estandar,media_pension,directo,UK,flexible,sin_deposito,93.71,1,1,1,0
615,2025-05-15,2025-08-31,108,3,2,0,estandar,desayuno,web_intermediaria,Nordicos,no_reembolsable,parcial,86.16,0,1,1,1
788,2025-05-15,2025-07-20,66,3,1,0,familiar,todo_incluido,web_intermediaria,DE,flexible,sin_deposito,135.23,0,0,0,1
1062,2025-05-16,2025-10-21,158,7,1,0,estandar,desayuno,agencia,ES,flexible,parcial,75.93,0,0,0,0
4020,2025-05-16,2025-10-29,166,7,2,0,familiar,desayuno,directo,otros,flexible,sin_deposito,118.32,1,0,0,1
3797,2025-05-16,2025-11-08,176,4,2,2,familiar,media_pension,web_intermediaria,UK,no_reembolsable,total,113.92,1,0,0,0
5574,2025-05-16,2025-07-31,76,9,2,0,familiar,todo_incluido,agencia,otros,flexible,parcial,130.09,0,0,0,1
75,2025-05-16,2025-07-04,49,9,2,0,estandar,desayuno,directo,Nordicos,no_reembolsable,total,93.99,1,0,0,0
1547,2025-05-16,2025-06-06,21,5,2,0,familiar,solo_alojamiento,web_intermediaria,ES,flexible,parcial,117.81,0,0,0,0
3588,2025-05-17,2025-09-23,129,6,2,0,superior,todo_incluido,web_intermediaria,Nordicos,flexible,sin_deposito,93.72,0,0,0,1
5402,2025-05-17,2025-05-31,14,5,4,1,familiar,todo_incluido,web_intermediaria,ES,flexible,total,104.0,0,0,0,0
5913,2025-05-17,2025-11-29,196,8,2,0,superior,desayuno,directo,ES,flexible,sin_deposito,83.46,0,0,0,0
4013,2025-05-18,2025-06-22,35,6,2,0,suite,desayuno,web_intermediaria,DE,no_reembolsable,total,184.57,0,0,0,0
3268,2025-05-18,2025-07-22,65,6,2,0,superior,media_pension,web_intermediaria,DE,flexible,sin_deposito,118.29,0,0,0,1
4029,2025-05-18,2025-08-01,75,5,2,0,estandar,solo_alojamiento,empresa,ES,flexible,parcial,81.42,1,0,0,0
1149,2025-05-18,2025-08-26,100,5,2,0,estandar,todo_incluido,directo,ES,flexible,sin_deposito,95.25,0,0,0,0
2718,2025-05-18,2025-06-13,26,5,2,0,estandar,desayuno,web_intermediaria,DE,flexible,parcial,76.99,0,0,0,0
4672,2025-05-18,2025-09-14,119,6,3,0,estandar,desayuno,web_intermediaria,otros,no_reembolsable,sin_deposito,66.87,2,0,0,1
3573,2025-05-18,2025-09-27,132,6,2,0,familiar,desayuno,directo,Nordicos,flexible,sin_deposito,106.54,1,0,0,0
587,2025-05-18,2025-06-24,37,4,3,2,superior,solo_alojamiento,web_intermediaria,ES,flexible,parcial,94.73,0,1,0,1
5323,2025-05-18,2025-06-27,40,7,2,1,estandar,desayuno,web_intermediaria,ES,no_reembolsable,sin_deposito,61.7,1,0,0,1
4887,2025-05-19,2025-07-22,64,2,1,3,estandar,todo_incluido,directo,UK,no_reembolsable,sin_deposito,93.25,0,0,0,0
5066,2025-05-19,2025-06-23,35,3,2,0,superior,media_pension,agencia,Nordicos,flexible,parcial,91.19,1,0,0,0
4571,2025-05-19,2025-08-15,88,5,2,0,estandar,desayuno,web_intermediaria,ES,no_reembolsable,parcial,88.78,0,0,0,1
4805,2025-05-19,2025-10-02,136,7,1,0,suite,media_pension,web_intermediaria,NL,no_reembolsable,sin_deposito,147.21,0,0,0,1
941,2025-05-19,2025-07-05,47,6,2,1,estandar,todo_incluido,web_intermediaria,UK,flexible,total,83.35,1,0,0,0
1183,2025-05-19,2025-08-23,96,2,2,2,superior,solo_alojamiento,directo,UK,flexible,total,103.95,0,0,0,0
2517,2025-05-20,2025-07-02,43,4,2,0,familiar,todo_incluido,web_intermediaria,,flexible,total,124.23,0,0,0,0
3976,2025-05-20,2025-09-23,126,5,1,2,estandar,solo_alojamiento,web_intermediaria,UK,no_reembolsable,sin_deposito,68.57,0,0,0,1
4501,2025-05-20,2025-10-09,142,5,2,1,familiar,media_pension,directo,otros,flexible,sin_deposito,103.63,1,0,0,1
5572,2025-05-20,2025-07-24,65,3,1,0,estandar,solo_alojamiento,directo,NL,flexible,sin_deposito,98.71,0,0,0,0
4856,2025-05-20,2025-10-10,143,8,2,1,superior,todo_incluido,agencia,DE,flexible,sin_deposito,90.83,1,0,0,1
5112,2025-05-20,2025-07-14,55,4,2,0,estandar,desayuno,directo,UK,flexible,sin_deposito,89.64,0,0,0,0
1614,2025-05-20,2025-06-03,14,5,2,0,estandar,desayuno,web_intermediaria,DE,no_reembolsable,sin_deposito,64.4,1,0,0,0
3608,2025-05-21,2025-09-02,104,3,2,0,superior,media_pension,web_intermediaria,ES,flexible,sin_deposito,95.59,0,0,0,1
422,2025-05-21,2025-07-31,71,3,2,0,estandar,desayuno,directo,NL,no_reembolsable,sin_deposito,88.38,1,1,0,0
4591,2025-05-21,2025-08-12,83,7,4,0,estandar,media_pension,directo,DE,flexible,sin_deposito,86.25,1,0,0,1
4760,2025-05-21,2025-07-16,56,4,2,1,estandar,desayuno,directo,otros,no_reembolsable,parcial,95.18,1,0,0,0
5626,2025-05-21,2025-09-01,103,3,2,0,familiar,desayuno,directo,,no_reembolsable,sin_deposito,94.36,0,0,0,0
5357,2025-05-22,2025-06-10,19,5,1,2,superior,desayuno,directo,ES,no_reembolsable,sin_deposito,81.97,0,0,0,0
666,2025-05-22,2025-11-02,164,6,2,1,familiar,todo_incluido,empresa,ES,flexible,sin_deposito,96.41,1,0,0,0
3877,2025-05-22,2026-03-25,307,7,2,0,familiar,solo_alojamiento,web_intermediaria,ES,flexible,sin_deposito,148.27,2,0,0,1
184,2025-05-23,2025-08-15,84,6,4,0,familiar,solo_alojamiento,empresa,otros,flexible,parcial,124.38,1,0,0,0
4745,2025-05-23,2025-06-13,21,7,2,0,superior,solo_alojamiento,agencia,UK,no_reembolsable,sin_deposito,84.59,0,0,0,0
175,2025-05-23,2025-09-29,129,7,2,0,superior,desayuno,web_intermediaria,ES,no_reembolsable,sin_deposito,88.96,1,0,0,1
2075,2025-05-23,2025-08-04,73,3,4,0,estandar,desayuno,web_intermediaria,UK,no_reembolsable,sin_deposito,84.25,1,0,0,0
5154,2025-05-23,2025-08-11,80,2,2,1,superior,solo_alojamiento,web_intermediaria,DE,flexible,parcial,115.47,0,0,0,1
4493,2025-05-23,2025-06-30,38,4,2,1,superior,media_pension,directo,ES,flexible,parcial,99.13,0,0,0,0
5860,2025-05-24,2025-05-28,4,4,1,0,familiar,media_pension,empresa,DE,no_reembolsable,parcial,110.33,1,0,0,0
5516,2025-05-24,2025-09-08,107,9,2,1,estandar,todo_incluido,agencia,UK,no_reembolsable,sin_deposito,69.44,1,1,2,0
4683,2025-05-24,2025-10-12,141,6,2,0,estandar,media_pension,web_intermediaria,IT,flexible,sin_deposito,69.18,0,0,0,1
4870,2025-05-24,2025-06-27,34,5,2,0,superior,desayuno,directo,IT,flexible,parcial,95.04,1,0,0,0
1472,2025-05-24,2025-07-23,60,6,3,2,estandar,desayuno,web_intermediaria,UK,no_reembolsable,parcial,85.64,2,0,0,0
4522,2025-05-24,2025-08-06,74,2,2,3,superior,todo_incluido,web_intermediaria,DE,flexible,parcial,108.02,0,0,0,0
875,2025-05-24,2025-08-31,99,3,2,0,estandar,desayuno,agencia,DE,flexible,total,78.67,0,1,0,1
866,2025-05-24,2025-06-25,32,7,2,1,superior,todo_incluido,web_intermediaria,Nordicos,flexible,sin_deposito,91.68,1,0,0,0
8,2025-05-24,2025-11-06,166,5,4,0,superior,media_pension,directo,UK,flexible,parcial,105.99,0,0,0,0
932,2025-05-25,2025-09-16,114,9,1,2,superior,desayuno,agencia,NL,no_reembolsable,sin_deposito,92.49,0,0,0,1
1733,2025-05-25,2025-06-17,23,10,4,0,familiar,desayuno,web_intermediaria,UK,flexible,total,115.54,0,0,0,0
2181,2025-05-25,2025-08-01,68,4,4,1,estandar,media_pension,web_intermediaria,otros,flexible,total,97.44,0,0,0,1
204,2025-05-25,2025-10-01,129,5,2,0,superior,desayuno,directo,DE,flexible,total,95.87,0,0,0,0
2501,2025-05-25,2025-07-28,64,4,1,0,familiar,todo_incluido,directo,ES,no_reembolsable,parcial,140.26,0,1,1,0
2375,2025-05-25,2025-10-17,145,4,2,0,superior,solo_alojamiento,web_intermediaria,UK,flexible,total,86.6,2,0,0,1
5269,2025-05-25,2025-08-07,74,6,2,0,estandar,desayuno,directo,UK,flexible,total,88.7,0,0,0,0
1303,2025-05-25,2025-07-05,41,7,2,0,estandar,media_pension,agencia,ES,flexible,sin_deposito,72.46,1,0,0,1
3221,2025-05-25,2025-06-11,17,5,4,0,superior,desayuno,web_intermediaria,UK,no_reembolsable,parcial,92.74,0,0,0,1
2211,2025-05-25,2025-11-13,172,6,3,0,familiar,desayuno,directo,UK,flexible,sin_deposito,112.06,0,0,0,1
3105,2025-05-26,2025-07-14,49,3,2,0,estandar,solo_alojamiento,web_intermediaria,ES,no_reembolsable,parcial,82.23,0,0,0,1
43,2025-05-26,2025-10-28,155,5,2,1,superior,media_pension,directo,Nordicos,flexible,sin_deposito,103.62,1,1,1,0
1348,2025-05-26,2026-05-01,340,5,2,0,superior,desayuno,web_intermediaria,otros,no_reembolsable,sin_deposito,87.88,0,0,0,1
2141,2025-05-26,2025-08-05,71,5,3,0,superior,desayuno,web_intermediaria,Nordicos,no_reembolsable,sin_deposito,93.13,2,0,0,0
86,2025-05-26,2025-08-12,78,7,2,0,estandar,desayuno,agencia,UK,flexible,parcial,72.58,0,0,0,1
5029,2025-05-27,2025-07-27,61,4,4,0,suite,todo_incluido,web_intermediaria,ES,no_reembolsable,sin_deposito,203.4,0,1,2,0
982,2025-05-27,2025-09-16,112,6,2,0,superior,desayuno,directo,IT,flexible,sin_deposito,99.12,1,1,0,0
2120,2025-05-27,2025-08-14,79,2,2,1,superior,todo_incluido,web_intermediaria,FR,flexible,sin_deposito,92.49,1,0,0,0
1595,2025-05-27,2025-07-16,50,5,2,0,superior,media_pension,directo,FR,flexible,sin_deposito,107.49,0,0,0,1
4568,2025-05-28,2025-07-05,38,4,2,2,superior,todo_incluido,directo,ES,no_reembolsable,total,127.18,0,0,0,0
1194,2025-05-28,2025-08-09,73,4,2,1,estandar,solo_alojamiento,directo,ES,flexible,parcial,96.43,0,0,0,0
223,2025-05-28,2025-06-29,32,11,2,0,estandar,desayuno,web_intermediaria,ES,no_reembolsable,total,68.16,1,0,0,0
3933,2025-05-28,2025-06-15,18,3,2,0,estandar,solo_alojamiento,web_intermediaria,DE,flexible,sin_deposito,73.75,0,0,0,0
3068,2025-05-29,2025-07-20,52,4,3,0,superior,desayuno,web_intermediaria,NL,flexible,parcial,124.14,0,0,0,1
2155,2025-05-29,2025-07-19,51,5,2,0,estandar,media_pension,web_intermediaria,UK,flexible,sin_deposito,85.25,1,1,0,0
3557,2025-05-29,2025-08-05,68,7,2,0,estandar,desayuno,directo,UK,flexible,sin_deposito,92.79,0,0,0,0
4567,2025-05-29,2025-07-18,50,6,1,1,familiar,desayuno,agencia,otros,no_reembolsable,sin_deposito,144.61,1,0,0,0
4533,2025-05-29,2025-09-04,98,5,2,2,estandar,solo_alojamiento,web_intermediaria,,no_reembolsable,parcial,62.83,1,0,0,0
4454,2025-05-29,2025-08-26,89,6,1,1,estandar,todo_incluido,directo,,flexible,sin_deposito,88.2,0,1,0,1
110,2025-05-29,2025-08-04,67,4,2,0,estandar,todo_incluido,agencia,ES,flexible,sin_deposito,84.43,2,0,0,1
2842,2025-05-29,2025-09-14,108,3,2,2,familiar,todo_incluido,empresa,NL,flexible,parcial,117.82,0,0,0,0
3005,2025-05-29,2025-09-01,95,7,3,0,estandar,media_pension,web_intermediaria,,flexible,total,76.1,2,1,0,0
5822,2025-05-29,2026-01-16,232,4,3,1,estandar,desayuno,agencia,ES,no_reembolsable,parcial,88.91,0,0,0,1
1064,2025-05-29,2025-07-28,60,10,2,0,superior,desayuno,web_intermediaria,IT,flexible,parcial,114.24,0,1,2,1
5478,2025-05-30,2025-08-07,69,7,4,0,estandar,solo_alojamiento,web_intermediaria,UK,flexible,parcial,97.61,1,0,0,0
1539,2025-05-30,2025-08-03,65,7,2,0,estandar,desayuno,web_intermediaria,NL,flexible,sin_deposito,93.31,0,0,0,1
4157,2025-05-30,2025-06-15,16,3,4,0,estandar,media_pension,directo,ES,flexible,sin_deposito,53.59,0,0,0,0
5207,2025-05-30,2025-07-25,56,5,2,0,suite,media_pension,web_intermediaria,ES,flexible,sin_deposito,194.26,0,0,0,0
2707,2025-05-30,2025-07-20,51,6,2,0,estandar,desayuno,web_intermediaria,UK,flexible,total,78.77,1,0,0,1
2774,2025-05-30,2025-06-26,27,4,3,2,suite,media_pension,web_intermediaria,DE,no_reembolsable,sin_deposito,155.98,0,0,0,0
1041,2025-05-30,2025-10-07,130,9,2,1,estandar,desayuno,empresa,DE,flexible,total,61.43,0,0,0,1
3050,2025-05-31,2025-09-11,103,2,2,0,estandar,desayuno,web_intermediaria,UK,no_reembolsable,sin_deposito,67.8,1,0,0,0
2820,2025-05-31,2025-08-15,76,5,2,0,estandar,desayuno,web_intermediaria,UK,flexible,sin_deposito,87.45,0,1,1,1
4584,2025-05-31,2025-06-05,5,8,4,2,estandar,solo_alojamiento,web_intermediaria,DE,flexible,parcial,61.96,0,1,0,0
4695,2025-05-31,2025-10-05,127,6,1,0,superior,desayuno,agencia,UK,flexible,parcial,102.96,1,0,0,0
1600,2025-05-31,2025-11-24,177,6,3,0,estandar,todo_incluido,empresa,otros,flexible,sin_deposito,69.82,3,0,0,1
5779,2025-05-31,2025-07-10,40,6,3,0,estandar,todo_incluido,directo,UK,no_reembolsable,parcial,76.64,2,0,0,0
3065,2025-05-31,2025-11-04,157,10,2,1,estandar,desayuno,web_intermediaria,DE,no_reembolsable,total,67.8,0,0,0,1
5463,2025-05-31,2025-07-02,32,5,2,0,estandar,media_pension,web_intermediaria,otros,flexible,sin_deposito,81.87,0,0,0,1
2799,2025-05-31,2025-12-02,185,5,2,0,estandar,todo_incluido,agencia,UK,no_reembolsable,sin_deposito,86.99,0,1,2,1
5840,2025-06-01,2025-07-01,30,7,1,1,familiar,desayuno,agencia,ES,flexible,parcial,148.01,1,0,0,0
541,2025-06-01,2025-06-22,21,9,2,2,estandar,desayuno,web_intermediaria,Nordicos,flexible,parcial,61.32,0,0,0,1
3931,2025-06-01,2025-12-17,199,14,3,0,estandar,todo_incluido,agencia,DE,flexible,sin_deposito,88.37,0,0,0,1
5410,2025-06-01,2025-07-12,41,4,1,0,estandar,todo_incluido,web_intermediaria,ES,no_reembolsable,parcial,80.34,0,0,0,0
906,2025-06-01,2025-10-12,133,2,3,3,superior,media_pension,web_intermediaria,IT,no_reembolsable,parcial,96.83,0,0,0,0
1045,2025-06-01,2025-07-20,49,4,2,2,estandar,desayuno,agencia,UK,flexible,total,83.16,0,0,0,0
4555,2025-06-01,2025-06-16,15,5,3,0,suite,desayuno,web_intermediaria,NL,flexible,sin_deposito,137.4,1,0,0,0
5583,2025-06-01,2025-08-09,69,9,2,0,estandar,solo_alojamiento,empresa,otros,flexible,total,89.59,1,1,1,0
3681,2025-06-01,2025-08-10,70,9,2,0,superior,solo_alojamiento,web_intermediaria,ES,flexible,parcial,116.72,2,0,0,1
3490,2025-06-02,2025-07-10,38,1,2,0,familiar,media_pension,agencia,Nordicos,flexible,sin_deposito,130.98,1,0,0,0
1317,2025-06-02,2025-07-18,46,6,3,0,estandar,desayuno,web_intermediaria,ES,flexible,total,80.41,0,0,0,1
4212,2025-06-02,2025-11-06,157,6,2,0,superior,media_pension,agencia,Nordicos,flexible,sin_deposito,101.33,0,0,0,1
2408,2025-06-02,2025-06-20,18,4,2,0,superior,desayuno,directo,IT,flexible,sin_deposito,104.02,1,0,0,0
3135,2025-06-02,2025-08-16,75,5,2,0,superior,media_pension,agencia,Nordicos,flexible,parcial,120.99,0,0,0,1
1894,2025-06-02,2025-09-15,105,7,2,0,suite,media_pension,directo,ES,flexible,parcial,177.05,0,0,0,0
892,2025-06-02,2025-09-13,103,4,2,0,familiar,solo_alojamiento,directo,DE,flexible,sin_deposito,101.64,0,0,0,1
2245,2025-06-02,2025-10-08,128,6,2,0,estandar,desayuno,web_intermediaria,UK,flexible,sin_deposito,68.18,2,1,1,1
5956,2025-06-02,2025-08-29,88,4,2,0,superior,desayuno,web_intermediaria,UK,flexible,parcial,128.64,1,0,0,0
4575,2025-06-03,2025-08-23,81,9,4,2,estandar,desayuno,web_intermediaria,DE,flexible,sin_deposito,87.44,0,0,0,1
3870,2025-06-03,2025-07-06,33,5,2,0,estandar,desayuno,agencia,NL,flexible,sin_deposito,92.06,0,0,0,0
4519,2025-06-03,2025-08-10,68,6,2,3,superior,todo_incluido,web_intermediaria,FR,flexible,sin_deposito,110.52,2,0,0,1
1077,2025-06-03,2025-08-23,81,4,2,2,familiar,solo_alojamiento,web_intermediaria,otros,no_reembolsable,sin_deposito,119.55,0,0,0,0
1522,2025-06-03,2025-09-14,103,3,2,0,familiar,desayuno,agencia,ES,no_reembolsable,sin_deposito,94.44,3,0,0,0
3856,2025-06-03,2025-11-24,174,7,2,0,superior,solo_alojamiento,directo,otros,no_reembolsable,parcial,79.31,0,0,0,0
3446,2025-06-03,2025-08-31,89,5,2,0,familiar,desayuno,web_intermediaria,ES,flexible,sin_deposito,142.27,0,0,0,0
5875,2025-06-03,2025-07-03,30,12,2,1,estandar,media_pension,web_intermediaria,otros,no_reembolsable,parcial,92.97,2,0,0,1
5281,2025-06-04,2025-09-05,93,7,2,0,superior,desayuno,web_intermediaria,ES,flexible,sin_deposito,95.08,2,0,0,1
3554,2025-06-04,2025-06-16,12,6,2,0,superior,solo_alojamiento,web_intermediaria,otros,flexible,parcial,103.69,0,0,0,0
1276,2025-06-04,2025-07-09,35,10,2,0,superior,desayuno,web_intermediaria,ES,no_reembolsable,total,102.0,1,0,0,0
3151,2025-06-04,2025-08-16,73,9,4,1,familiar,desayuno,web_intermediaria,UK,no_reembolsable,parcial,157.34,0,0,0,1
5575,2025-06-04,2025-10-09,127,5,2,2,estandar,media_pension,web_intermediaria,otros,flexible,total,70.05,0,0,0,0
4419,2025-06-04,2026-06-28,389,5,2,0,superior,todo_incluido,agencia,NL,no_reembolsable,parcial,88.86,0,0,0,1
4214,2025-06-04,2025-09-17,105,6,1,0,estandar,todo_incluido,agencia,otros,no_reembolsable,sin_deposito,63.21,0,0,0,0
1197,2025-06-04,2025-10-05,123,6,4,0,superior,media_pension,empresa,UK,flexible,sin_deposito,96.28,1,1,1,1
2295,2025-06-05,2025-09-18,105,5,2,0,familiar,media_pension,directo,ES,flexible,sin_deposito,114.02,0,0,0,1
4165,2025-06-05,2025-07-22,47,7,2,1,estandar,desayuno,web_intermediaria,IT,flexible,sin_deposito,78.87,0,0,0,1
4287,2025-06-05,2025-07-15,40,2,3,0,estandar,todo_incluido,agencia,UK,flexible,parcial,89.38,1,1,2,1
5253,2025-06-05,2025-09-11,98,5,2,0,suite,desayuno,web_intermediaria,DE,flexible,parcial,167.74,0,0,0,1
2055,2025-06-05,2025-10-09,126,2,3,0,estandar,desayuno,web_intermediaria,DE,flexible,sin_deposito,57.92,1,0,0,1
2353,2025-06-05,2025-06-22,17,8,3,1,estandar,desayuno,web_intermediaria,UK,no_reembolsable,sin_deposito,57.79,0,0,0,1
3907,2025-06-06,2025-08-24,79,1,2,0,superior,desayuno,empresa,DE,no_reembolsable,parcial,128.2,2,0,0,0
2941,2025-06-06,2025-07-05,29,5,1,0,superior,solo_alojamiento,directo,otros,no_reembolsable,total,106.61,2,0,0,0
5009,2025-06-06,2025-10-15,131,10,2,0,estandar,solo_alojamiento,agencia,UK,no_reembolsable,sin_deposito,68.88,0,0,0,1
430,2025-06-06,2025-07-05,29,7,3,0,superior,solo_alojamiento,agencia,UK,no_reembolsable,sin_deposito,99.43,1,0,0,0
5958,2025-06-06,2025-09-10,96,5,2,1,superior,solo_alojamiento,agencia,Nordicos,no_reembolsable,sin_deposito,79.54,1,0,0,1
212,2025-06-07,2025-11-29,175,4,2,0,estandar,todo_incluido,directo,Nordicos,no_reembolsable,sin_deposito,74.5,0,1,1,1
5282,2025-06-07,2025-09-13,98,6,3,0,estandar,desayuno,empresa,otros,no_reembolsable,parcial,65.22,1,0,0,0
1332,2025-06-07,2025-08-11,65,6,2,0,familiar,solo_alojamiento,web_intermediaria,NL,flexible,sin_deposito,134.1,0,0,0,0
774,2025-06-07,2025-09-04,89,7,1,0,superior,solo_alojamiento,web_intermediaria,NL,no_reembolsable,parcial,83.94,0,0,0,1
1675,2025-06-07,2025-11-01,147,10,2,0,estandar,media_pension,web_intermediaria,FR,no_reembolsable,total,62.66,0,0,0,1
15,2025-06-07,2025-09-09,94,6,2,0,estandar,todo_incluido,directo,UK,flexible,parcial,67.5,0,1,0,0
4178,2025-06-07,2025-08-23,77,6,2,0,familiar,media_pension,web_intermediaria,UK,flexible,sin_deposito,144.61,0,0,0,0
177,2025-06-07,2025-11-04,150,3,2,0,estandar,todo_incluido,directo,otros,no_reembolsable,sin_deposito,68.32,0,0,0,0
2981,2025-06-07,2025-09-10,95,3,1,0,familiar,solo_alojamiento,web_intermediaria,UK,no_reembolsable,sin_deposito,106.57,2,0,0,1
2131,2025-06-08,2025-10-13,127,3,1,0,familiar,desayuno,directo,otros,no_reembolsable,parcial,103.82,1,0,0,0
4864,2025-06-08,2025-07-14,36,5,2,0,superior,solo_alojamiento,directo,ES,flexible,sin_deposito,115.73,0,0,0,0
5867,2025-06-08,2025-09-15,99,5,2,0,estandar,desayuno,web_intermediaria,IT,flexible,total,60.72,0,0,0,0
5699,2025-06-08,2025-08-19,72,8,2,0,superior,todo_incluido,web_intermediaria,Nordicos,no_reembolsable,parcial,111.22,2,1,2,1
5967,2025-06-08,2025-07-17,39,7,1,1,superior,desayuno,web_intermediaria,Nordicos,no_reembolsable,sin_deposito,122.56,3,1,0,0
3093,2025-06-08,2025-07-10,32,3,2,1,superior,desayuno,web_intermediaria,DE,no_reembolsable,total,127.82,2,0,0,0
4414,2025-06-08,2025-08-06,59,7,2,0,familiar,solo_alojamiento,web_intermediaria,IT,no_reembolsable,parcial,131.7,0,0,0,0
2969,2025-06-09,2025-12-05,179,7,2,2,suite,media_pension,web_intermediaria,UK,no_reembolsable,sin_deposito,172.08,1,0,0,1
236,2025-06-09,2025-10-11,124,5,2,0,suite,desayuno,web_intermediaria,DE,flexible,sin_deposito,134.94,1,0,0,1
1750,2025-06-09,2025-08-12,64,3,3,0,estandar,todo_incluido,web_intermediaria,UK,no_reembolsable,parcial,76.32,0,0,0,1
395,2025-06-09,2025-12-14,188,7,1,0,familiar,solo_alojamiento,web_intermediaria,ES,flexible,parcial,130.01,0,0,0,1
1903,2025-06-09,2025-07-17,38,8,1,0,suite,solo_alojamiento,agencia,,flexible,parcial,213.31,0,1,2,1
2019,2025-06-09,2025-09-29,112,11,2,1,familiar,todo_incluido,web_intermediaria,otros,flexible,sin_deposito,99.69,1,0,0,0
2985,2025-06-09,2025-06-28,19,2,1,0,estandar,solo_alojamiento,web_intermediaria,Nordicos,no_reembolsable,sin_deposito,76.61,2,0,0,0
4904,2025-06-09,2025-09-02,85,6,1,0,estandar,media_pension,directo,UK,no_reembolsable,sin_deposito,75.43,0,0,0,0
2064,2025-06-09,2025-09-20,103,5,2,0,estandar,desayuno,web_intermediaria,NL,flexible,sin_deposito,71.49,0,0,0,1
697,2025-06-10,2026-02-05,240,4,3,2,superior,media_pension,web_intermediaria,ES,no_reembolsable,parcial,114.6,2,0,0,1
3400,2025-06-10,2025-09-08,90,7,2,0,superior,media_pension,web_intermediaria,FR,no_reembolsable,parcial,96.92,0,1,1,1
3731,2025-06-10,2025-07-18,38,3,4,0,superior,desayuno,web_intermediaria,UK,flexible,total,131.57,0,0,0,1
4421,2025-06-10,2025-12-30,203,6,2,0,superior,todo_incluido,web_intermediaria,otros,no_reembolsable,sin_deposito,132.2,0,1,1,1
225,2025-06-10,2026-02-11,246,2,2,0,estandar,desayuno,directo,ES,no_reembolsable,parcial,85.53,2,0,0,0
1208,2025-06-10,2025-08-31,82,4,1,1,superior,media_pension,agencia,DE,no_reembolsable,parcial,116.96,0,0,0,0
1641,2025-06-10,2025-07-24,44,10,2,0,estandar,desayuno,agencia,DE,flexible,sin_deposito,82.65,1,0,0,1
2938,2025-06-10,2025-06-24,14,6,2,0,suite,media_pension,directo,ES,no_reembolsable,sin_deposito,171.98,0,0,0,0
727,2025-06-10,2025-09-04,86,4,1,1,estandar,desayuno,web_intermediaria,Nordicos,no_reembolsable,sin_deposito,71.47,0,0,0,1
4386,2025-06-10,2025-06-25,15,9,1,0,suite,solo_alojamiento,empresa,,flexible,total,176.53,0,0,0,0
3641,2025-06-10,2025-07-19,39,5,2,0,superior,desayuno,web_intermediaria,ES,flexible,parcial,105.9,0,0,0,0
1119,2025-06-11,2025-06-21,10,3,2,0,estandar,todo_incluido,web_intermediaria,UK,flexible,sin_deposito,61.17,0,1,2,0
5167,2025-06-11,2025-07-06,25,5,2,0,estandar,solo_alojamiento,web_intermediaria,UK,no_reembolsable,parcial,98.55,0,0,0,1
3939,2025-06-11,2025-09-09,90,6,2,0,estandar,solo_alojamiento,web_intermediaria,UK,no_reembolsable,parcial,87.39,2,0,0,1
174,2025-06-11,2025-08-04,54,4,2,1,superior,desayuno,web_intermediaria,otros,flexible,sin_deposito,116.95,0,0,0,1
2793,2025-06-11,2025-08-11,61,8,2,0,estandar,desayuno,web_intermediaria,DE,no_reembolsable,sin_deposito,88.68,1,0,0,1
793,2025-06-11,2025-10-20,131,6,1,3,estandar,solo_alojamiento,web_intermediaria,otros,flexible,parcial,68.98,0,0,0,1
2598,2025-06-11,2025-07-11,30,5,2,0,suite,todo_incluido,directo,Nordicos,no_reembolsable,sin_deposito,186.4,1,0,0,0
4946,2025-06-12,2026-01-05,207,11,2,0,estandar,todo_incluido,web_intermediaria,ES,flexible,sin_deposito,103.83,1,0,0,1
4690,2025-06-12,2025-08-08,57,5,2,0,estandar,media_pension,web_intermediaria,UK,flexible,total,86.93,0,0,0,1
461,2025-06-12,2025-08-05,54,6,2,2,superior,solo_alojamiento,web_intermediaria,ES,no_reembolsable,total,127.94,1,1,1,0
5504,2025-06-12,2025-09-12,92,5,2,0,estandar,desayuno,empresa,UK,no_reembolsable,sin_deposito,73.66,1,0,0,0
2859,2025-06-12,2025-10-09,119,9,2,1,superior,desayuno,directo,otros,flexible,sin_deposito,85.59,0,0,0,0
4538,2025-06-12,2026-01-15,217,1,2,2,superior,desayuno,empresa,DE,flexible,sin_deposito,132.79,1,0,0,1
681,2025-06-12,2026-01-19,221,6,1,0,estandar,desayuno,empresa,FR,flexible,sin_deposito,75.78,1,0,0,1
2855,2025-06-12,2025-08-28,77,6,2,2,estandar,desayuno,web_intermediaria,DE,no_reembolsable,total,82.61,0,0,0,0
4852,2025-06-13,2025-12-14,184,7,2,0,estandar,solo_alojamiento,web_intermediaria,Nordicos,no_reembolsable,sin_deposito,95.21,0,0,0,1
1137,2025-06-13,2025-08-03,51,5,2,1,suite,solo_alojamiento,agencia,otros,flexible,parcial,214.58,0,0,0,0
676,2025-06-13,2025-08-20,68,8,1,0,familiar,solo_alojamiento,agencia,ES,flexible,parcial,132.23,0,0,0,0
3836,2025-06-13,2025-08-07,55,6,2,0,estandar,todo_incluido,agencia,,no_reembolsable,sin_deposito,85.54,1,0,0,0
1670,2025-06-13,2025-08-22,70,6,4,0,estandar,desayuno,agencia,ES,no_reembolsable,parcial,94.93,0,0,0,0
2067,2025-06-13,2025-08-30,78,5,2,1,suite,todo_incluido,web_intermediaria,ES,no_reembolsable,parcial,202.54,0,0,0,0
4121,2025-06-13,2025-07-05,22,4,2,0,familiar,desayuno,directo,NL,no_reembolsable,sin_deposito,135.11,0,0,0,0
3715,2025-06-13,2025-07-31,48,9,2,1,suite,desayuno,web_intermediaria,otros,flexible,parcial,210.9,0,0,0,0
1598,2025-06-13,2025-08-12,60,3,3,0,superior,todo_incluido,directo,ES,no_reembolsable,parcial,112.88,0,0,0,0
4941,2025-06-14,2025-06-21,7,6,1,0,superior,solo_alojamiento,agencia,IT,flexible,parcial,93.32,0,1,1,1
4141,2025-06-14,2025-09-13,91,3,2,0,estandar,desayuno,directo,DE,flexible,sin_deposito,60.3,1,0,0,1
318,2025-06-14,2025-10-18,126,11,1,0,estandar,media_pension,directo,ES,flexible,parcial,74.9,1,1,0,1
5135,2025-06-14,2025-11-02,141,2,2,0,superior,desayuno,web_intermediaria,ES,flexible,total,85.97,1,0,0,0
1785,2025-06-14,2026-07-03,384,8,2,0,superior,desayuno,web_intermediaria,DE,no_reembolsable,parcial,114.25,0,1,0,1
2018,2025-06-14,2025-07-10,26,5,3,0,estandar,desayuno,web_intermediaria,IT,flexible,parcial,84.04,0,0,0,1
1879,2025-06-14,2025-08-03,50,7,2,1,estandar,solo_alojamiento,directo,ES,no_reembolsable,total,81.24,1,1,0,0
3953,2025-06-15,2025-08-16,62,9,2,0,superior,media_pension,web_intermediaria,UK,flexible,sin_deposito,120.08,2,1,2,1
3047,2025-06-15,2026-03-02,260,4,2,0,superior,desayuno,agencia,UK,no_reembolsable,sin_deposito,138.81,0,0,0,1
4594,2025-06-15,2025-09-13,90,1,2,0,superior,desayuno,web_intermediaria,ES,flexible,parcial,95.88,1,0,0,0
2268,2025-06-15,2025-11-08,146,5,2,0,estandar,media_pension,web_intermediaria,ES,flexible,sin_deposito,80.11,0,0,0,1
713,2025-06-15,2025-08-10,56,4,2,3,familiar,media_pension,agencia,otros,flexible,sin_deposito,132.19,2,0,0,1
4686,2025-06-15,2025-08-14,60,9,2,0,estandar,desayuno,web_intermediaria,UK,flexible,sin_deposito,83.5,1,0,0,0
3354,2025-06-15,2025-12-18,186,4,2,0,suite,todo_incluido,web_intermediaria,UK,no_reembolsable,sin_deposito,204.79,0,1,0,0
2691,2025-06-16,2026-01-03,201,6,2,0,familiar,desayuno,web_intermediaria,UK,flexible,sin_deposito,142.22,2,1,0,1
760,2025-06-16,2026-05-11,329,1,2,0,estandar,desayuno,web_intermediaria,UK,flexible,sin_deposito,69.53,1,0,0,1
731,2025-06-16,2025-07-16,30,6,1,0,familiar,media_pension,web_intermediaria,UK,flexible,sin_deposito,135.9,1,0,0,1
3245,2025-06-16,2026-01-17,215,5,3,0,estandar,solo_alojamiento,directo,Nordicos,flexible,parcial,89.27,1,0,0,1
3934,2025-06-16,2025-09-11,87,8,2,0,superior,todo_incluido,web_intermediaria,FR,flexible,sin_deposito,91.48,0,0,0,1
3280,2025-06-16,2025-06-24,8,5,2,0,estandar,media_pension,agencia,DE,flexible,sin_deposito,64.08,1,0,0,0
4600,2025-06-16,2025-11-05,142,4,2,0,estandar,todo_incluido,web_intermediaria,DE,no_reembolsable,sin_deposito,66.08,1,0,0,0
5294,2025-06-16,2025-06-26,10,7,2,0,estandar,desayuno,web_intermediaria,ES,flexible,sin_deposito,71.35,3,0,0,1
4133,2025-06-17,2025-06-24,7,4,4,1,estandar,todo_incluido,agencia,ES,no_reembolsable,parcial,61.43,0,1,1,1
3999,2025-06-17,2025-09-03,78,5,3,0,estandar,solo_alojamiento,web_intermediaria,ES,no_reembolsable,sin_deposito,75.08,0,0,0,1
2573,2025-06-17,2025-06-30,13,6,2,0,superior,desayuno,directo,FR,no_reembolsable,sin_deposito,99.39,0,0,0,0
1033,2025-06-17,2025-09-28,103,4,2,1,estandar,desayuno,directo,otros,flexible,sin_deposito,72.58,0,1,1,1
737,2025-06-17,2025-12-26,192,6,2,0,estandar,desayuno,web_intermediaria,IT,flexible,parcial,94.42,0,0,0,1
5616,2025-06-17,2025-12-12,178,9,2,2,estandar,media_pension,web_intermediaria,NL,flexible,total,80.86,1,0,0,0
317,2025-06-17,2025-10-02,107,4,4,0,estandar,media_pension,web_intermediaria,ES,no_reembolsable,sin_deposito,69.82,0,0,0,0
5407,2025-06-17,2025-06-23,6,4,2,0,familiar,desayuno,web_intermediaria,otros,flexible,parcial,102.56,0,1,0,1
1724,2025-06-17,2025-08-28,72,3,4,1,estandar,todo_incluido,web_intermediaria,ES,no_reembolsable,parcial,89.99,0,0,0,0
2709,2025-06-17,2025-11-06,142,7,2,0,estandar,todo_incluido,web_intermediaria,UK,flexible,total,76.37,1,0,0,0
3031,2025-06-18,2025-11-29,164,7,3,0,suite,todo_incluido,directo,DE,flexible,sin_deposito,153.18,0,0,0,1
1218,2025-06-18,2025-08-15,58,5,2,0,suite,desayuno,web_intermediaria,UK,no_reembolsable,sin_deposito,213.98,0,0,0,0
3958,2025-06-19,2025-11-24,158,6,4,0,familiar,media_pension,web_intermediaria,ES,flexible,parcial,113.56,0,0,0,0
5191,2025-06-19,2026-04-07,292,6,2,0,estandar,solo_alojamiento,agencia,ES,flexible,parcial,72.51,0,1,0,1
3946,2025-06-19,2025-07-11,22,12,2,0,suite,media_pension,agencia,UK,no_reembolsable,sin_deposito,217.47,2,1,1,0
4279,2025-06-19,2025-12-18,182,2,2,1,estandar,todo_incluido,directo,NL,flexible,sin_deposito,84.59,0,0,0,1
2087,2025-06-19,2025-09-13,86,7,2,2,estandar,desayuno,agencia,otros,no_reembolsable,parcial,76.53,1,0,0,0
3851,2025-06-19,2025-08-13,55,10,2,0,superior,todo_incluido,web_intermediaria,DE,flexible,total,114.28,0,1,0,0
1009,2025-06-19,2025-12-24,188,7,2,0,familiar,todo_incluido,web_intermediaria,NL,no_reembolsable,total,132.3,0,0,0,1
4932,2025-06-19,2025-11-15,149,8,1,0,estandar,solo_alojamiento,web_intermediaria,UK,flexible,parcial,67.53,1,0,0,1
1714,2025-06-19,2025-11-29,163,6,2,0,estandar,desayuno,agencia,UK,no_reembolsable,parcial,69.96,1,0,0,1
5791,2025-06-19,2025-09-26,99,3,1,0,superior,desayuno,agencia,ES,no_reembolsable,parcial,100.06,0,0,0,0
1232,2025-06-19,2025-07-08,19,5,2,0,estandar,desayuno,agencia,UK,flexible,sin_deposito,78.56,1,0,0,1
3680,2025-06-19,2025-07-30,41,4,2,1,estandar,desayuno,directo,,no_reembolsable,sin_deposito,88.6,1,0,0,0
2965,2025-06-19,2025-08-04,46,3,2,0,estandar,desayuno,agencia,ES,no_reembolsable,sin_deposito,89.41,1,0,0,1
1573,2025-06-19,2025-09-07,80,4,2,1,superior,desayuno,directo,NL,no_reembolsable,parcial,94.88,1,1,0,0
1860,2025-06-20,2025-08-13,54,6,2,0,estandar,desayuno,web_intermediaria,FR,flexible,sin_deposito,86.57,1,0,0,1
1349,2025-06-20,2025-10-18,120,3,2,2,superior,desayuno,agencia,IT,flexible,parcial,95.54,1,1,0,0
4705,2025-06-20,2025-07-31,41,7,2,0,superior,media_pension,agencia,Nordicos,no_reembolsable,parcial,107.02,1,0,0,0
3473,2025-06-20,2025-11-05,138,7,4,0,estandar,todo_incluido,directo,DE,flexible,sin_deposito,71.96,0,0,0,1
662,2025-06-20,2025-09-21,93,6,2,0,estandar,desayuno,web_intermediaria,ES,no_reembolsable,total,72.12,0,0,0,1
2057,2025-06-20,2026-02-06,231,5,2,0,familiar,solo_alojamiento,web_intermediaria,,no_reembolsable,parcial,125.57,3,0,0,0
3541,2025-06-20,2025-07-27,37,4,2,0,estandar,desayuno,agencia,DE,flexible,parcial,76.98,0,0,0,0
2400,2025-06-20,2025-07-16,26,6,2,0,estandar,desayuno,web_intermediaria,,no_reembolsable,total,80.82,2,0,0,0
886,2025-06-20,2025-11-24,157,3,2,2,estandar,todo_incluido,web_intermediaria,UK,no_reembolsable,sin_deposito,66.99,0,0,0,1
557,2025-06-21,2025-10-12,113,7,2,0,estandar,solo_alojamiento,directo,UK,no_reembolsable,total,74.63,0,0,0,0
13,2025-06-21,2025-09-15,86,8,4,2,familiar,desayuno,web_intermediaria,ES,flexible,parcial,104.23,0,1,1,1
631,2025-06-21,2025-06-30,9,5,3,0,suite,media_pension,web_intermediaria,UK,no_reembolsable,total,183.47,1,0,0,0
215,2025-06-21,2025-09-17,88,3,3,0,suite,desayuno,web_intermediaria,Nordicos,flexible,sin_deposito,160.07,2,0,0,1
3388,2025-06-21,2026-01-09,202,4,2,0,estandar,solo_alojamiento,web_intermediaria,ES,no_reembolsable,total,91.64,0,1,1,0
5660,2025-06-21,2026-06-21,365,10,4,0,estandar,todo_incluido,web_intermediaria,DE,no_reembolsable,sin_deposito,62.73,1,0,0,1
1002,2025-06-21,2026-02-03,227,4,2,0,familiar,desayuno,web_intermediaria,UK,flexible,sin_deposito,140.94,0,0,0,1
4669,2025-06-21,2025-08-25,65,2,2,0,superior,todo_incluido,web_intermediaria,ES,no_reembolsable,total,135.86,1,1,0,0
1591,2025-06-21,2025-08-20,60,3,2,0,superior,desayuno,directo,ES,flexible,parcial,121.26,0,0,0,0
3014,2025-06-21,2025-07-22,31,7,4,0,estandar,desayuno,web_intermediaria,DE,no_reembolsable,total,83.96,0,0,0,0
377,2025-06-21,2025-12-22,184,9,2,0,superior,solo_alojamiento,web_intermediaria,ES,flexible,total,113.14,0,0,0,1
4445,2025-06-22,2025-10-16,116,3,2,1,superior,desayuno,directo,UK,flexible,parcial,85.94,1,0,0,0
739,2025-06-22,2025-08-27,66,5,2,0,familiar,todo_incluido,agencia,UK,flexible,total,122.74,2,0,0,0
3229,2025-06-22,2025-09-04,74,5,2,2,estandar,media_pension,web_intermediaria,UK,no_reembolsable,parcial,75.51,0,0,0,1
5873,2025-06-22,2025-07-18,26,6,2,0,superior,desayuno,empresa,ES,no_reembolsable,sin_deposito,114.82,0,0,0,0
757,2025-06-22,2025-09-05,75,6,4,0,estandar,desayuno,web_intermediaria,IT,no_reembolsable,sin_deposito,70.72,0,0,0,1
2344,2025-06-22,2025-08-11,50,4,1,0,suite,desayuno,web_intermediaria,UK,flexible,sin_deposito,205.69,1,0,0,0
4069,2025-06-22,2025-10-03,103,9,2,0,estandar,desayuno,agencia,IT,no_reembolsable,total,73.65,0,1,0,0
805,2025-06-22,2025-07-24,32,10,2,0,suite,media_pension,directo,UK,flexible,sin_deposito,216.86,0,1,0,0
4091,2025-06-22,2025-07-09,17,5,1,0,suite,todo_incluido,agencia,Nordicos,flexible,sin_deposito,162.09,0,0,0,0
3650,2025-06-22,2025-08-01,40,3,2,0,suite,solo_alojamiento,agencia,otros,flexible,sin_deposito,183.65,0,0,0,0
471,2025-06-22,2025-09-24,94,3,2,2,estandar,todo_incluido,web_intermediaria,UK,no_reembolsable,sin_deposito,69.28,0,0,0,0
603,2025-06-23,2025-07-04,11,6,2,0,estandar,desayuno,web_intermediaria,NL,no_reembolsable,parcial,79.84,0,0,0,1
4307,2025-06-23,2025-07-31,38,2,2,0,estandar,media_pension,web_intermediaria,FR,flexible,parcial,82.7,2,1,2,0
2058,2025-06-23,2026-03-07,257,8,2,0,estandar,desayuno,web_intermediaria,UK,flexible,parcial,97.41,0,0,0,1
5652,2025-06-23,2026-03-04,254,6,2,3,familiar,media_pension,web_intermediaria,UK,flexible,sin_deposito,128.4,1,0,0,1
1282,2025-06-23,2025-07-24,31,8,1,2,familiar,desayuno,web_intermediaria,UK,no_reembolsable,sin_deposito,131.32,0,0,0,0
432,2025-06-23,2025-08-01,39,3,3,1,suite,desayuno,directo,UK,no_reembolsable,sin_deposito,218.34,1,0,0,1
1602,2025-06-23,2025-11-10,140,3,2,0,estandar,solo_alojamiento,directo,UK,no_reembolsable,total,64.71,0,0,0,0
3267,2025-06-23,2025-11-13,143,4,3,0,estandar,solo_alojamiento,directo,ES,flexible,sin_deposito,74.81,0,0,0,1
5337,2025-06-23,2025-09-05,74,8,4,0,suite,todo_incluido,directo,NL,no_reembolsable,parcial,146.17,0,0,0,0
5372,2025-06-23,2025-09-11,80,5,1,2,suite,todo_incluido,web_intermediaria,DE,flexible,parcial,156.77,0,0,0,1
1449,2025-06-23,2025-09-15,84,2,4,2,superior,desayuno,agencia,ES,no_reembolsable,sin_deposito,88.25,0,0,0,1
3930,2025-06-24,2025-08-14,51,1,2,0,estandar,desayuno,web_intermediaria,NL,no_reembolsable,sin_deposito,86.64,2,0,0,1
1281,2025-06-24,2026-03-01,250,5,3,0,estandar,desayuno,web_intermediaria,NL,flexible,total,83.62,0,1,2,1
3849,2025-06-24,2025-11-17,146,4,2,0,suite,todo_incluido,web_intermediaria,otros,flexible,parcial,167.99,1,0,0,1
4339,2025-06-24,2025-10-11,109,5,3,0,superior,media_pension,web_intermediaria,,flexible,parcial,101.59,0,0,0,1
5452,2025-06-24,2025-12-17,176,7,2,0,estandar,desayuno,directo,ES,flexible,sin_deposito,80.15,0,0,0,1
3263,2025-06-24,2025-10-25,123,5,2,0,estandar,desayuno,web_intermediaria,otros,flexible,sin_deposito,73.64,1,0,0,1
3195,2025-06-24,2025-08-10,47,5,1,2,suite,media_pension,agencia,Nordicos,flexible,sin_deposito,201.06,0,0,0,0
5586,2025-06-24,2025-09-25,93,10,3,1,estandar,desayuno,directo,DE,flexible,parcial,70.58,0,0,0,0
1861,2025-06-24,2025-11-27,156,11,2,1,estandar,media_pension,web_intermediaria,ES,no_reembolsable,total,70.38,1,0,0,0
1722,2025-06-25,2025-09-17,84,7,2,1,superior,todo_incluido,directo,UK,flexible,parcial,99.4,0,0,0,0
2115,2025-06-25,2026-02-15,235,2,1,0,estandar,desayuno,web_intermediaria,IT,flexible,parcial,90.19,0,0,0,1
1966,2025-06-25,2025-10-23,120,5,1,0,superior,todo_incluido,empresa,ES,no_reembolsable,total,105.57,1,0,0,0
5375,2025-06-25,2025-11-27,155,6,2,2,superior,todo_incluido,directo,UK,no_reembolsable,sin_deposito,93.35,0,0,0,1
1394,2025-06-25,2025-10-03,100,8,2,0,estandar,solo_alojamiento,empresa,IT,no_reembolsable,parcial,65.03,0,1,0,0
4193,2025-06-25,2025-09-14,81,4,3,1,superior,desayuno,empresa,UK,flexible,parcial,85.97,2,0,0,1
1036,2025-06-26,2025-08-26,61,3,2,1,estandar,desayuno,directo,UK,flexible,sin_deposito,86.77,0,0,0,1
1845,2025-06-26,2025-10-13,109,3,1,0,superior,solo_alojamiento,web_intermediaria,Nordicos,no_reembolsable,parcial,107.22,1,0,0,0
5965,2025-06-26,2026-02-15,234,10,2,0,estandar,todo_incluido,directo,ES,flexible,sin_deposito,95.36,1,0,0,1
5927,2025-06-26,2025-11-05,132,9,3,3,estandar,desayuno,empresa,ES,flexible,sin_deposito,66.07,0,0,0,1
1742,2025-06-26,2025-07-11,15,8,4,0,estandar,desayuno,web_intermediaria,ES,flexible,parcial,89.73,0,0,0,0
59,2025-06-26,2025-07-29,33,6,3,0,superior,todo_incluido,directo,UK,no_reembolsable,sin_deposito,122.23,0,0,0,0
2638,2025-06-26,2025-08-31,66,6,2,2,familiar,desayuno,directo,ES,no_reembolsable,sin_deposito,145.58,0,0,0,0
1139,2025-06-26,2025-08-27,62,9,2,0,estandar,desayuno,web_intermediaria,ES,no_reembolsable,parcial,96.34,0,0,0,0
3626,2025-06-26,2025-09-25,91,4,3,0,superior,desayuno,web_intermediaria,UK,flexible,sin_deposito,99.32,0,0,0,1
5308,2025-06-27,2025-08-05,39,5,2,0,estandar,desayuno,directo,ES,flexible,sin_deposito,104.02,0,1,0,1
3362,2025-06-27,2026-02-08,226,9,2,0,suite,todo_incluido,web_intermediaria,FR,no_reembolsable,parcial,187.75,0,1,1,1
2172,2025-06-27,2025-10-16,111,7,2,2,familiar,media_pension,agencia,ES,flexible,parcial,101.66,1,0,0,1
3494,2025-06-27,2025-10-15,110,9,2,0,superior,desayuno,web_intermediaria,NL,flexible,total,99.6,0,0,0,0
1513,2025-06-27,2025-07-08,11,4,2,0,superior,desayuno,agencia,otros,no_reembolsable,parcial,107.07,0,0,0,0
62,2025-06-27,2025-08-17,51,7,2,0,estandar,solo_alojamiento,directo,ES,no_reembolsable,sin_deposito,82.57,2,0,0,0
878,2025-06-27,2025-08-10,44,4,3,1,estandar,media_pension,web_intermediaria,UK,flexible,total,97.76,2,0,0,1
5891,2025-06-27,2025-08-11,45,5,2,0,estandar,desayuno,web_intermediaria,UK,flexible,sin_deposito,85.0,0,0,0,1
3020,2025-06-27,2025-09-16,81,7,2,1,estandar,desayuno,web_intermediaria,ES,flexible,sin_deposito,58.35,0,0,0,1
3472,2025-06-28,2025-07-31,33,7,2,0,superior,media_pension,web_intermediaria,DE,flexible,parcial,123.02,0,0,0,1
512,2025-06-28,2025-08-29,62,3,2,0,familiar,todo_incluido,web_intermediaria,ES,flexible,sin_deposito,137.67,0,0,0,0
4647,2025-06-28,2025-12-21,176,8,2,0,familiar,todo_incluido,web_intermediaria,UK,flexible,sin_deposito,153.74,0,0,0,1
5971,2025-06-28,2025-08-10,43,8,2,0,familiar,desayuno,directo,,no_reembolsable,sin_deposito,116.86,0,0,0,0
5358,2025-06-28,2025-12-27,182,7,4,3,estandar,media_pension,directo,ES,flexible,sin_deposito,90.36,0,0,0,0
2043,2025-06-28,2025-07-15,17,8,2,0,superior,todo_incluido,agencia,UK,flexible,sin_deposito,114.52,0,0,0,1
4815,2025-06-28,2025-09-21,85,5,2,0,familiar,todo_incluido,web_intermediaria,ES,flexible,sin_deposito,118.24,0,0,0,1
2403,2025-06-28,2025-08-27,60,3,4,2,familiar,media_pension,web_intermediaria,Nordicos,no_reembolsable,sin_deposito,129.57,0,0,0,0
2125,2025-06-28,2025-08-13,46,7,3,0,estandar,todo_incluido,agencia,DE,no_reembolsable,total,92.85,1,1,0,0
5126,2025-06-29,2025-11-12,136,5,2,3,familiar,todo_incluido,directo,UK,flexible,sin_deposito,114.43,0,0,0,1
3252,2025-06-29,2025-12-08,162,7,1,0,superior,todo_incluido,directo,Nordicos,flexible,sin_deposito,106.3,0,1,0,0
3183,2025-06-29,2025-08-03,35,1,2,0,estandar,solo_alojamiento,web_intermediaria,DE,flexible,sin_deposito,79.73,0,0,0,0
4202,2025-06-29,2025-10-15,108,10,2,0,estandar,media_pension,web_intermediaria,UK,flexible,parcial,64.01,1,0,0,0
378,2025-06-29,2025-09-07,70,4,2,0,estandar,desayuno,web_intermediaria,ES,flexible,sin_deposito,78.26,1,1,0,0
2987,2025-06-29,2025-11-30,154,9,3,1,familiar,desayuno,agencia,UK,no_reembolsable,sin_deposito,108.4,2,0,0,1
391,2025-06-29,2025-10-11,104,2,2,0,superior,todo_incluido,web_intermediaria,DE,no_reembolsable,sin_deposito,98.04,0,0,0,1
4997,2025-06-29,2025-10-06,99,2,3,2,superior,desayuno,empresa,ES,flexible,parcial,96.12,1,0,0,0
3028,2025-06-29,2025-08-12,44,7,2,2,familiar,solo_alojamiento,directo,ES,flexible,total,135.95,0,0,0,0
2325,2025-06-29,2025-07-21,22,7,1,2,estandar,solo_alojamiento,empresa,UK,flexible,total,89.35,0,0,0,0
5718,2025-06-29,2025-07-13,14,5,2,0,superior,media_pension,web_intermediaria,NL,flexible,parcial,111.59,0,0,0,0
1899,2025-06-29,2025-10-22,115,7,2,1,estandar,solo_alojamiento,web_intermediaria,ES,no_reembolsable,sin_deposito,75.57,2,0,0,0
3076,2025-06-30,2025-11-20,143,3,1,0,estandar,desayuno,web_intermediaria,ES,flexible,sin_deposito,63.69,0,0,0,1
3167,2025-06-30,2025-09-09,71,8,4,0,superior,desayuno,directo,IT,no_reembolsable,sin_deposito,93.23,0,1,0,0
360,2025-06-30,2025-10-05,97,3,2,0,estandar,media_pension,directo,FR,flexible,sin_deposito,75.28,0,1,0,0
3768,2025-06-30,2025-09-22,84,3,2,0,superior,desayuno,empresa,IT,no_reembolsable,sin_deposito,86.75,1,0,0,0
4778,2025-06-30,2025-09-19,81,6,1,2,superior,solo_alojamiento,web_intermediaria,NL,no_reembolsable,sin_deposito,98.99,0,0,0,1
2294,2025-06-30,2026-01-22,206,4,2,0,familiar,desayuno,directo,DE,flexible,sin_deposito,134.84,0,0,0,1
463,2025-06-30,2025-07-25,25,12,2,0,superior,desayuno,directo,ES,no_reembolsable,sin_deposito,113.45,0,1,0,0
4470,2025-06-30,2025-08-07,38,4,2,0,estandar,todo_incluido,directo,UK,no_reembolsable,parcial,85.84,1,0,0,0
2352,2025-07-01,2025-07-11,10,4,2,0,suite,desayuno,agencia,ES,no_reembolsable,parcial,217.61,1,0,0,0
2044,2025-07-01,2026-01-16,199,7,2,0,suite,desayuno,directo,UK,no_reembolsable,sin_deposito,175.45,1,0,0,0
3457,2025-07-01,2025-09-19,80,3,2,0,estandar,desayuno,directo,Nordicos,flexible,sin_deposito,74.57,0,0,0,1
1234,2025-07-01,2025-10-02,93,11,4,2,suite,todo_incluido,directo,UK,flexible,sin_deposito,166.04,0,0,0,1
5741,2025-07-01,2025-08-03,33,6,2,1,estandar,desayuno,agencia,DE,no_reembolsable,sin_deposito,95.16,0,0,0,0
4559,2025-07-01,2025-09-19,80,6,2,0,estandar,desayuno,agencia,ES,no_reembolsable,parcial,65.57,0,0,0,0
3366,2025-07-01,2025-09-03,64,6,2,0,familiar,media_pension,web_intermediaria,FR,flexible,parcial,102.13,1,0,0,0
3466,2025-07-01,2025-08-25,55,2,3,0,familiar,solo_alojamiento,web_intermediaria,DE,no_reembolsable,parcial,145.66,1,1,0,0
895,2025-07-01,2025-11-16,138,4,4,1,superior,media_pension,web_intermediaria,UK,flexible,parcial,99.49,0,0,0,1
3723,2025-07-02,2025-08-10,39,5,4,0,superior,media_pension,web_intermediaria,UK,no_reembolsable,parcial,117.24,0,1,2,1
4315,2025-07-02,2025-08-13,42,6,2,0,superior,media_pension,web_intermediaria,UK,flexible,parcial,120.37,0,0,0,1
5146,2025-07-02,2025-09-26,86,6,2,2,estandar,media_pension,directo,DE,no_reembolsable,sin_deposito,72.53,0,0,0,1
3053,2025-07-02,2025-07-16,14,5,3,0,estandar,todo_incluido,agencia,Nordicos,no_reembolsable,total,80.71,0,1,1,0
2362,2025-07-02,2026-04-09,281,7,3,2,estandar,media_pension,web_intermediaria,NL,no_reembolsable,sin_deposito,69.8,1,0,0,1
4845,2025-07-02,2025-09-06,66,2,2,0,superior,todo_incluido,agencia,IT,flexible,parcial,97.08,0,0,0,0
1378,2025-07-02,2025-08-19,48,7,2,0,estandar,desayuno,agencia,Nordicos,no_reembolsable,sin_deposito,95.65,0,0,0,1
3615,2025-07-02,2026-02-03,216,7,4,0,superior,solo_alojamiento,directo,ES,flexible,sin_deposito,118.07,0,0,0,1
1984,2025-07-02,2025-08-11,40,3,3,0,superior,desayuno,directo,UK,flexible,sin_deposito,122.52,0,1,2,0
3096,2025-07-02,2025-10-12,102,6,2,0,superior,desayuno,web_intermediaria,otros,no_reembolsable,sin_deposito,89.91,1,0,0,0
2049,2025-07-02,2025-07-26,24,7,2,0,estandar,media_pension,directo,DE,no_reembolsable,sin_deposito,79.02,0,0,0,0
1667,2025-07-02,2025-08-29,58,4,2,0,estandar,media_pension,empresa,ES,no_reembolsable,sin_deposito,98.16,0,0,0,0
4534,2025-07-02,2025-09-12,72,3,3,0,superior,media_pension,empresa,DE,flexible,sin_deposito,98.58,0,0,0,1
2099,2025-07-02,2025-08-18,47,5,1,0,superior,media_pension,agencia,UK,flexible,parcial,118.72,0,1,1,0
5523,2025-07-02,2025-07-14,12,7,2,0,estandar,solo_alojamiento,agencia,ES,flexible,sin_deposito,103.73,0,0,0,1
5999,2025-07-03,2025-07-27,24,4,4,2,superior,desayuno,agencia,otros,no_reembolsable,sin_deposito,118.61,0,0,0,0
2503,2025-07-03,2025-07-31,28,3,3,0,estandar,desayuno,web_intermediaria,ES,no_reembolsable,sin_deposito,83.59,2,0,0,1
2348,2025-07-03,2025-11-17,137,4,3,0,familiar,solo_alojamiento,web_intermediaria,UK,flexible,parcial,102.67,2,0,0,1
5641,2025-07-03,2025-08-10,38,4,4,1,superior,desayuno,directo,ES,flexible,sin_deposito,103.62,1,0,0,0
493,2025-07-03,2025-07-22,19,8,2,0,familiar,todo_incluido,web_intermediaria,ES,no_reembolsable,sin_deposito,147.05,1,1,1,1
5599,2025-07-03,2025-09-04,63,1,2,3,suite,desayuno,web_intermediaria,IT,no_reembolsable,sin_deposito,163.88,0,1,1,1
3585,2025-07-03,2026-06-21,353,5,2,1,suite,solo_alojamiento,agencia,ES,flexible,sin_deposito,159.91,0,1,1,1
4806,2025-07-03,2025-07-31,28,4,2,0,estandar,todo_incluido,directo,UK,no_reembolsable,sin_deposito,78.71,0,0,0,0
1065,2025-07-03,2025-09-20,79,8,2,0,suite,todo_incluido,directo,UK,flexible,total,152.22,1,0,0,1
4546,2025-07-04,2025-08-20,47,7,3,2,suite,todo_incluido,web_intermediaria,ES,no_reembolsable,sin_deposito,200.49,0,0,0,0
5550,2025-07-04,2025-08-26,53,5,2,0,suite,desayuno,empresa,NL,no_reembolsable,total,202.79,0,0,0,0
3992,2025-07-04,2026-02-04,215,10,2,1,superior,desayuno,web_intermediaria,DE,flexible,sin_deposito,126.44,2,0,0,1
2429,2025-07-04,2025-10-11,99,4,4,0,estandar,todo_incluido,directo,UK,flexible,sin_deposito,64.73,1,1,1,1
1790,2025-07-04,2025-10-14,102,8,1,0,estandar,todo_incluido,web_intermediaria,FR,flexible,sin_deposito,57.34,0,0,0,1
5208,2025-07-04,2025-09-19,77,9,2,1,estandar,solo_alojamiento,agencia,otros,flexible,total,67.87,1,0,0,0
1995,2025-07-04,2025-09-15,73,2,4,0,familiar,solo_alojamiento,web_intermediaria,otros,flexible,total,101.17,1,0,0,0
2514,2025-07-04,2025-09-26,84,3,1,3,estandar,desayuno,web_intermediaria,DE,flexible,sin_deposito,62.0,0,0,0,0
3991,2025-07-04,2025-09-07,65,6,1,0,suite,desayuno,agencia,IT,flexible,parcial,167.72,0,0,0,0
3282,2025-07-04,2025-10-31,119,8,2,1,estandar,solo_alojamiento,web_intermediaria,DE,flexible,sin_deposito,70.18,1,0,0,1
4784,2025-07-05,2025-08-01,27,5,2,0,superior,solo_alojamiento,agencia,ES,no_reembolsable,sin_deposito,112.98,1,0,0,1
2606,2025-07-05,2025-08-16,42,5,3,0,estandar,desayuno,agencia,FR,flexible,sin_deposito,98.04,0,1,1,0
3569,2025-07-05,2025-08-15,41,5,2,0,estandar,media_pension,agencia,Nordicos,flexible,sin_deposito,83.45,0,0,0,0
4880,2025-07-05,2026-02-18,228,4,1,0,suite,desayuno,directo,,flexible,parcial,224.5,0,0,0,0
3708,2025-07-05,2025-10-18,105,2,4,1,estandar,solo_alojamiento,directo,ES,flexible,sin_deposito,65.29,1,0,0,0
1098,2025-07-05,2025-08-23,49,8,4,0,superior,solo_alojamiento,web_intermediaria,otros,flexible,sin_deposito,113.54,1,0,0,0
4604,2025-07-06,2025-08-05,30,5,2,2,estandar,solo_alojamiento,agencia,ES,flexible,sin_deposito,84.8,1,1,2,0
4065,2025-07-06,2025-08-10,35,4,2,1,estandar,solo_alojamiento,web_intermediaria,UK,flexible,total,101.36,1,0,0,0
4899,2025-07-06,2025-11-05,122,6,2,0,estandar,media_pension,directo,UK,flexible,sin_deposito,73.83,1,0,0,1
247,2025-07-06,2025-10-13,99,7,4,0,estandar,desayuno,web_intermediaria,DE,flexible,parcial,63.28,0,0,0,0
1073,2025-07-06,2025-12-25,172,6,4,0,estandar,solo_alojamiento,web_intermediaria,NL,flexible,sin_deposito,80.6,1,0,0,1
4860,2025-07-06,2025-08-14,39,10,2,0,estandar,solo_alojamiento,agencia,ES,flexible,total,73.07,0,0,0,1
4337,2025-07-06,2025-07-30,24,8,2,3,familiar,todo_incluido,agencia,ES,no_reembolsable,sin_deposito,134.17,1,0,0,0
4264,2025-07-06,2025-09-13,69,5,2,0,estandar,todo_incluido,directo,NL,flexible,parcial,72.0,0,0,0,1
234,2025-07-07,2025-08-17,41,7,3,0,estandar,solo_alojamiento,web_intermediaria,ES,no_reembolsable,parcial,93.6,1,0,0,0
2605,2025-07-07,2025-07-27,20,5,2,0,superior,desayuno,directo,Nordicos,no_reembolsable,total,131.72,1,0,0,0
42,2025-07-07,2025-08-23,47,5,2,0,superior,desayuno,directo,IT,flexible,parcial,113.3,0,0,0,0
2422,2025-07-07,2025-08-01,25,7,2,0,estandar,desayuno,agencia,UK,no_reembolsable,parcial,88.03,1,0,0,0
5710,2025-07-07,2025-09-18,73,8,3,2,familiar,media_pension,web_intermediaria,Nordicos,no_reembolsable,parcial,109.8,0,0,0,1
5687,2025-07-07,2025-08-13,37,6,2,1,familiar,solo_alojamiento,web_intermediaria,DE,flexible,total,138.66,0,0,0,0
5689,2025-07-07,2025-08-03,27,5,2,0,superior,desayuno,web_intermediaria,ES,flexible,sin_deposito,118.37,0,0,0,0
5107,2025-07-07,2025-09-19,74,6,2,0,superior,desayuno,agencia,DE,no_reembolsable,sin_deposito,93.41,1,0,0,0
1674,2025-07-07,2025-11-11,127,7,1,0,estandar,todo_incluido,web_intermediaria,UK,no_reembolsable,parcial,72.58,0,0,0,0
5669,2025-07-07,2025-08-21,45,7,2,0,estandar,todo_incluido,web_intermediaria,IT,no_reembolsable,sin_deposito,88.04,1,0,0,1
4239,2025-07-08,2025-12-25,170,6,3,0,superior,todo_incluido,web_intermediaria,Nordicos,flexible,parcial,120.61,0,1,1,1
1301,2025-07-08,2025-10-21,105,5,2,0,familiar,solo_alojamiento,directo,ES,flexible,total,95.18,1,0,0,0
5284,2025-07-08,2025-08-28,51,5,4,0,estandar,todo_incluido,agencia,UK,flexible,sin_deposito,84.97,0,0,0,1
1868,2025-07-08,2025-08-02,25,8,2,2,superior,desayuno,web_intermediaria,DE,no_reembolsable,parcial,119.6,1,0,0,1
51,2025-07-08,2025-10-23,107,5,2,1,superior,solo_alojamiento,web_intermediaria,UK,no_reembolsable,total,95.01,0,0,0,1
2365,2025-07-08,2025-07-30,22,5,3,0,superior,media_pension,agencia,ES,flexible,sin_deposito,128.77,2,0,0,0
4043,2025-07-08,2025-08-09,32,9,4,1,suite,desayuno,directo,IT,no_reembolsable,parcial,192.52,2,0,0,0
3784,2025-07-08,2025-08-09,32,6,2,2,estandar,media_pension,directo,Nordicos,flexible,total,89.83,0,0,0,0
3700,2025-07-08,2025-07-24,16,3,3,0,superior,media_pension,agencia,IT,no_reembolsable,sin_deposito,130.79,1,0,0,0
3133,2025-07-08,2025-08-30,53,5,2,0,estandar,solo_alojamiento,agencia,otros,no_reembolsable,sin_deposito,90.05,0,0,0,0
3346,2025-07-08,2025-08-26,49,4,1,0,superior,todo_incluido,directo,UK,flexible,sin_deposito,118.95,0,0,0,0
1204,2025-07-09,2025-12-15,159,5,1,0,estandar,desayuno,agencia,ES,no_reembolsable,sin_deposito,83.73,0,0,0,1
14,2025-07-09,2025-08-01,23,6,2,0,familiar,media_pension,web_intermediaria,DE,flexible,total,138.36,0,0,0,0
3048,2025-07-09,2025-09-15,68,3,2,0,superior,todo_incluido,directo,DE,flexible,total,94.78,0,0,0,0
3634,2025-07-09,2025-07-14,5,4,2,0,estandar,todo_incluido,directo,ES,flexible,sin_deposito,79.44,0,0,0,1
5571,2025-07-10,2025-08-28,49,5,2,2,estandar,desayuno,directo,Nordicos,flexible,sin_deposito,81.7,0,0,0,0
1275,2025-07-10,2025-10-10,92,2,2,1,suite,todo_incluido,web_intermediaria,DE,flexible,sin_deposito,149.13,0,0,0,0
5319,2025-07-10,2025-10-05,87,7,2,0,estandar,solo_alojamiento,agencia,UK,flexible,sin_deposito,63.66,1,0,0,0
4841,2025-07-10,2025-10-03,85,7,2,2,estandar,solo_alojamiento,agencia,DE,flexible,sin_deposito,67.82,2,0,0,1
1134,2025-07-10,2025-12-01,144,7,2,1,estandar,desayuno,web_intermediaria,Nordicos,flexible,parcial,83.34,0,0,0,0
4629,2025-07-10,2025-10-02,84,6,2,0,familiar,media_pension,web_intermediaria,otros,flexible,sin_deposito,106.31,0,0,0,1
742,2025-07-10,2025-12-21,164,8,1,0,superior,media_pension,web_intermediaria,ES,flexible,sin_deposito,122.9,2,0,0,1
2176,2025-07-10,2025-10-18,100,6,1,0,superior,solo_alojamiento,web_intermediaria,DE,no_reembolsable,parcial,81.57,1,0,0,0
4772,2025-07-10,2025-08-06,27,4,1,0,superior,media_pension,directo,,no_reembolsable,sin_deposito,115.02,1,0,0,0
2783,2025-07-10,2025-09-23,75,6,2,0,suite,media_pension,web_intermediaria,UK,no_reembolsable,sin_deposito,170.88,1,0,0,0
3145,2025-07-11,2025-08-03,23,8,2,0,superior,media_pension,web_intermediaria,IT,flexible,sin_deposito,118.55,1,0,0,1
2281,2025-07-11,2025-08-17,37,11,2,0,estandar,media_pension,web_intermediaria,UK,no_reembolsable,parcial,89.87,2,0,0,1
4423,2025-07-11,2025-09-14,65,4,2,0,familiar,todo_incluido,web_intermediaria,UK,flexible,parcial,113.91,2,0,0,0
207,2025-07-11,2025-10-05,86,7,2,0,estandar,desayuno,empresa,otros,flexible,parcial,76.1,1,1,0,0
3906,2025-07-11,2025-07-24,13,5,2,0,familiar,todo_incluido,web_intermediaria,UK,flexible,sin_deposito,140.78,1,0,0,0
4636,2025-07-11,2025-08-15,35,8,2,0,familiar,desayuno,directo,ES,flexible,sin_deposito,152.92,0,0,0,0
3112,2025-07-11,2025-08-24,44,3,2,0,suite,todo_incluido,web_intermediaria,UK,flexible,total,194.48,0,0,0,0
714,2025-07-11,2025-07-17,6,2,3,0,estandar,todo_incluido,web_intermediaria,NL,flexible,parcial,87.79,1,0,0,1
2943,2025-07-11,2025-12-17,159,2,4,0,estandar,todo_incluido,web_intermediaria,UK,no_reembolsable,parcial,71.34,0,0,0,1
4733,2025-07-11,2025-11-10,122,8,4,0,suite,todo_incluido,web_intermediaria,ES,flexible,sin_deposito,162.59,1,0,0,1
4576,2025-07-11,2025-09-01,52,6,2,0,superior,todo_incluido,web_intermediaria,UK,flexible,parcial,102.02,1,0,0,1
4080,2025-07-11,2026-02-19,223,4,3,1,estandar,desayuno,web_intermediaria,ES,flexible,parcial,103.92,1,0,0,1
1671,2025-07-11,2025-10-18,99,4,1,0,estandar,todo_incluido,directo,Nordicos,flexible,sin_deposito,63.62,1,0,0,1
4289,2025-07-11,2025-09-07,58,3,4,2,suite,todo_incluido,agencia,ES,no_reembolsable,sin_deposito,171.73,1,1,0,0
2843,2025-07-11,2025-09-17,68,6,2,0,estandar,todo_incluido,directo,IT,no_reembolsable,parcial,71.27,0,0,0,1
5488,2025-07-12,2025-11-10,121,11,3,0,estandar,solo_alojamiento,directo,ES,no_reembolsable,sin_deposito,70.75,0,1,1,0
4053,2025-07-12,2025-09-01,51,4,1,0,suite,desayuno,web_intermediaria,DE,flexible,total,142.92,1,0,0,1
128,2025-07-12,2025-08-01,20,5,2,0,estandar,todo_incluido,web_intermediaria,ES,flexible,parcial,94.05,0,0,0,0
4278,2025-07-12,2025-10-19,99,7,3,0,estandar,solo_alojamiento,web_intermediaria,UK,no_reembolsable,parcial,67.23,1,0,0,0
3187,2025-07-12,2025-09-16,66,7,2,0,estandar,todo_incluido,directo,otros,flexible,parcial,70.28,1,1,0,0
2174,2025-07-12,2025-12-13,154,7,2,1,estandar,todo_incluido,web_intermediaria,otros,flexible,sin_deposito,92.12,1,0,0,0
4846,2025-07-12,2025-08-18,37,4,3,0,estandar,todo_incluido,directo,DE,flexible,total,74.75,0,0,0,0
1822,2025-07-12,2025-07-27,15,4,1,0,superior,desayuno,directo,otros,no_reembolsable,sin_deposito,104.83,2,0,0,0
3582,2025-07-12,2025-11-23,134,3,2,0,suite,solo_alojamiento,agencia,DE,no_reembolsable,sin_deposito,178.63,0,0,0,0
489,2025-07-12,2025-10-20,100,4,1,1,superior,desayuno,agencia,ES,flexible,sin_deposito,95.45,1,0,0,1
657,2025-07-13,2025-09-11,60,7,1,0,suite,desayuno,directo,Nordicos,flexible,total,154.36,0,0,0,0
4286,2025-07-13,2025-11-01,111,11,2,0,familiar,media_pension,web_intermediaria,otros,flexible,parcial,109.31,1,1,0,0
423,2025-07-13,2025-10-20,99,7,4,0,superior,todo_incluido,web_intermediaria,ES,no_reembolsable,total,94.38,0,1,1,0
5635,2025-07-13,2025-08-29,47,7,2,0,superior,todo_incluido,agencia,DE,flexible,parcial,114.3,1,0,0,1
2107,2025-07-13,2025-10-04,83,6,2,3,estandar,media_pension,empresa,UK,flexible,parcial,76.25,0,1,1,0
4349,2025-07-13,2025-09-09,58,7,2,0,estandar,solo_alojamiento,web_intermediaria,otros,no_reembolsable,parcial,66.77,0,1,0,0
4747,2025-07-13,2025-12-30,170,7,2,0,superior,solo_alojamiento,web_intermediaria,Nordicos,flexible,sin_deposito,117.06,0,1,2,1
3247,2025-07-14,2026-02-27,228,10,3,0,estandar,desayuno,empresa,DE,flexible,total,96.47,0,0,0,0
2937,2025-07-14,2026-01-23,193,4,1,2,superior,todo_incluido,directo,IT,no_reembolsable,sin_deposito,132.3,0,0,0,1
5182,2025-07-14,2025-10-21,99,3,2,1,estandar,desayuno,agencia,ES,flexible,sin_deposito,80.91,1,0,0,0
4709,2025-07-14,2025-09-04,52,4,2,0,familiar,solo_alojamiento,web_intermediaria,DE,no_reembolsable,sin_deposito,105.15,0,0,0,0
89,2025-07-14,2025-12-31,170,7,2,2,estandar,todo_incluido,web_intermediaria,FR,flexible,parcial,94.18,0,0,0,1
5698,2025-07-14,2025-10-08,86,4,2,0,familiar,desayuno,web_intermediaria,ES,flexible,total,100.68,0,0,0,1
2121,2025-07-15,2025-10-19,96,10,2,0,estandar,solo_alojamiento,directo,DE,flexible,sin_deposito,69.67,1,0,0,1
320,2025-07-15,2025-09-25,72,6,2,0,familiar,media_pension,web_intermediaria,DE,flexible,parcial,118.59,0,0,0,0
1148,2025-07-15,2025-10-23,100,6,2,1,estandar,todo_incluido,web_intermediaria,UK,flexible,sin_deposito,66.75,1,0,0,1
3203,2025-07-15,2025-09-18,65,5,4,1,superior,desayuno,empresa,otros,flexible,sin_deposito,108.01,2,0,0,1
1775,2025-07-15,2025-09-10,57,4,2,0,familiar,solo_alojamiento,directo,NL,no_reembolsable,parcial,120.27,1,0,0,0
3678,2025-07-15,2025-09-14,61,10,2,0,estandar,desayuno,empresa,otros,no_reembolsable,parcial,57.0,0,1,2,0
4083,2025-07-15,2025-09-04,51,6,2,0,familiar,media_pension,web_intermediaria,FR,flexible,parcial,108.34,0,0,0,1
3627,2025-07-16,2025-10-04,80,5,2,0,familiar,desayuno,agencia,NL,flexible,sin_deposito,102.47,0,0,0,1
1061,2025-07-16,2025-10-26,102,4,3,1,superior,desayuno,web_intermediaria,DE,flexible,sin_deposito,101.67,0,0,0,0
3157,2025-07-16,2025-07-28,12,4,2,0,estandar,desayuno,agencia,ES,no_reembolsable,sin_deposito,79.7,1,1,1,0
4429,2025-07-16,2025-09-23,69,4,4,2,superior,media_pension,agencia,UK,flexible,sin_deposito,96.04,3,0,0,0
5600,2025-07-16,2026-01-06,174,5,2,0,estandar,solo_alojamiento,web_intermediaria,ES,flexible,sin_deposito,85.7,3,0,0,1
5497,2025-07-16,2025-08-04,19,3,2,1,superior,desayuno,directo,DE,flexible,sin_deposito,105.95,0,0,0,0
911,2025-07-16,2025-08-14,29,9,2,1,familiar,desayuno,web_intermediaria,UK,flexible,parcial,133.74,2,0,0,0
2995,2025-07-16,2025-12-08,145,3,4,0,estandar,media_pension,web_intermediaria,UK,no_reembolsable,sin_deposito,80.46,1,1,0,0
2922,2025-07-16,2025-09-10,56,5,2,0,superior,media_pension,web_intermediaria,IT,flexible,sin_deposito,91.1,2,0,0,1
645,2025-07-16,2025-08-27,42,4,2,0,estandar,todo_incluido,agencia,otros,flexible,sin_deposito,90.91,3,0,0,0
4298,2025-07-16,2025-11-21,128,8,2,0,superior,todo_incluido,agencia,DE,no_reembolsable,parcial,88.94,0,0,0,1
3432,2025-07-16,2025-11-04,111,5,2,0,estandar,desayuno,agencia,DE,flexible,sin_deposito,68.2,0,0,0,1
4306,2025-07-16,2025-11-12,119,12,2,2,suite,desayuno,agencia,DE,no_reembolsable,sin_deposito,160.56,1,0,0,0
3847,2025-07-17,2025-09-16,61,8,2,0,estandar,desayuno,web_intermediaria,DE,flexible,parcial,65.2,2,0,0,1
4974,2025-07-17,2026-01-01,168,3,2,0,estandar,desayuno,web_intermediaria,Nordicos,no_reembolsable,sin_deposito,97.91,3,0,0,0
864,2025-07-17,2025-09-25,70,3,2,0,estandar,solo_alojamiento,directo,Nordicos,flexible,sin_deposito,78.83,1,1,0,0
5047,2025-07-17,2025-09-01,46,5,4,2,superior,todo_incluido,agencia,UK,flexible,sin_deposito,107.67,0,0,0,1
370,2025-07-17,2026-04-01,258,4,2,2,superior,solo_alojamiento,directo,otros,no_reembolsable,parcial,100.9,1,0,0,1
3226,2025-07-17,2025-09-13,58,4,4,0,estandar,todo_incluido,web_intermediaria,UK,flexible,parcial,70.81,3,1,0,0
1870,2025-07-17,2025-09-22,67,6,3,0,superior,desayuno,web_intermediaria,UK,flexible,sin_deposito,93.86,1,0,0,1
1691,2025-07-17,2025-10-05,80,2,3,0,estandar,todo_incluido,web_intermediaria,otros,flexible,total,67.2,0,0,0,1
1058,2025-07-17,2026-01-19,186,6,2,1,estandar,desayuno,directo,Nordicos,flexible,parcial,82.8,0,0,0,0
173,2025-07-17,2025-07-24,7,3,2,0,suite,todo_incluido,directo,ES,flexible,sin_deposito,210.94,0,0,0,0
4504,2025-07-17,2025-10-19,94,8,2,1,estandar,todo_incluido,web_intermediaria,ES,no_reembolsable,sin_deposito,68.18,1,0,0,0
5228,2025-07-18,2025-10-24,98,6,2,0,estandar,solo_alojamiento,agencia,ES,no_reembolsable,total,68.01,0,1,0,0
1278,2025-07-18,2025-11-16,121,9,2,0,estandar,desayuno,web_intermediaria,ES,flexible,sin_deposito,61.78,3,0,0,1
4276,2025-07-18,2026-01-08,174,8,2,0,estandar,solo_alojamiento,directo,DE,flexible,sin_deposito,97.66,0,0,0,1
2447,2025-07-18,2025-10-26,100,5,2,0,estandar,todo_incluido,empresa,NL,no_reembolsable,parcial,69.78,0,0,0,0
1825,2025-07-18,2025-09-23,67,2,1,1,superior,desayuno,web_intermediaria,UK,flexible,sin_deposito,93.47,2,0,0,1
2,2025-07-18,2026-01-26,192,6,2,2,superior,todo_incluido,directo,IT,no_reembolsable,sin_deposito,122.99,0,0,0,1
2575,2025-07-18,2025-08-24,37,1,1,2,estandar,desayuno,web_intermediaria,otros,flexible,sin_deposito,83.12,2,0,0,0
1558,2025-07-18,2025-12-03,138,4,2,0,estandar,todo_incluido,web_intermediaria,,flexible,parcial,78.28,1,1,0,1
5005,2025-07-18,2025-10-10,84,5,2,2,estandar,desayuno,web_intermediaria,UK,no_reembolsable,sin_deposito,67.6,0,0,0,1
5495,2025-07-19,2025-07-31,12,2,1,2,estandar,desayuno,directo,UK,flexible,parcial,79.67,2,0,0,0
3387,2025-07-19,2025-10-31,104,8,1,0,estandar,todo_incluido,agencia,UK,flexible,parcial,71.18,0,0,0,1
734,2025-07-19,2025-09-27,70,7,2,0,familiar,media_pension,web_intermediaria,IT,no_reembolsable,sin_deposito,108.16,0,1,0,0
2212,2025-07-19,2025-10-07,80,8,3,0,suite,solo_alojamiento,directo,,flexible,total,155.38,0,0,0,0
2320,2025-07-19,2025-09-08,51,8,2,0,familiar,desayuno,directo,IT,flexible,sin_deposito,106.29,0,1,0,0
2662,2025-07-19,2025-10-28,101,5,2,0,suite,media_pension,directo,UK,flexible,sin_deposito,184.25,0,0,0,1
3544,2025-07-19,2025-08-08,20,5,2,0,familiar,media_pension,web_intermediaria,DE,flexible,sin_deposito,148.18,0,0,0,1
1339,2025-07-19,2025-11-14,118,10,3,2,estandar,solo_alojamiento,web_intermediaria,otros,no_reembolsable,sin_deposito,60.47,2,0,0,1
3224,2025-07-20,2025-12-22,155,4,4,0,suite,todo_incluido,web_intermediaria,otros,flexible,parcial,183.0,1,0,0,1
5904,2025-07-20,2025-09-29,71,5,2,0,estandar,todo_incluido,empresa,NL,no_reembolsable,parcial,71.65,1,0,0,1
3223,2025-07-20,2025-09-21,63,3,1,3,estandar,solo_alojamiento,agencia,ES,no_reembolsable,sin_deposito,68.43,0,0,0,0
1611,2025-07-20,2025-09-02,44,6,2,2,superior,desayuno,agencia,UK,flexible,parcial,85.15,0,0,0,0
3866,2025-07-20,2025-10-14,86,8,2,3,estandar,solo_alojamiento,web_intermediaria,UK,flexible,parcial,65.95,0,0,0,1
4915,2025-07-21,2025-09-17,58,3,3,0,superior,desayuno,agencia,NL,flexible,sin_deposito,90.2,1,0,0,1
1242,2025-07-21,2025-08-18,28,6,2,0,estandar,todo_incluido,agencia,,no_reembolsable,sin_deposito,95.46,0,0,0,0
3001,2025-07-21,2025-09-29,70,8,2,0,familiar,desayuno,agencia,ES,flexible,total,113.37,0,0,0,1
402,2025-07-21,2025-09-10,51,6,2,0,estandar,media_pension,web_intermediaria,UK,flexible,sin_deposito,69.7,1,0,0,1
836,2025-07-21,2026-03-25,247,4,1,2,superior,desayuno,web_intermediaria,UK,flexible,sin_deposito,117.6,0,0,0,1
815,2025-07-21,2025-10-24,95,4,4,0,superior,solo_alojamiento,agencia,ES,flexible,sin_deposito,91.08,0,0,0,1
1469,2025-07-21,2025-08-19,29,10,3,0,suite,desayuno,web_intermediaria,DE,no_reembolsable,parcial,201.71,2,0,0,0
1914,2025-07-21,2025-09-15,56,7,3,0,familiar,media_pension,web_intermediaria,UK,no_reembolsable,sin_deposito,94.84,1,0,0,1
602,2025-07-22,2025-09-15,55,3,2,0,superior,solo_alojamiento,web_intermediaria,DE,flexible,sin_deposito,99.07,0,1,1,1
1731,2025-07-22,2025-10-04,74,2,2,0,familiar,desayuno,agencia,ES,flexible,parcial,96.26,1,0,0,0
5841,2025-07-22,2025-12-26,157,2,2,0,estandar,media_pension,agencia,ES,no_reembolsable,sin_deposito,85.35,1,0,0,0
3480,2025-07-22,2025-09-24,64,3,2,0,estandar,todo_incluido,directo,otros,no_reembolsable,sin_deposito,78.06,0,0,0,0
210,2025-07-22,2025-08-28,37,6,2,2,estandar,media_pension,agencia,ES,no_reembolsable,parcial,85.77,0,0,0,1
50,2025-07-22,2025-10-28,98,6,3,0,superior,media_pension,agencia,UK,flexible,parcial,93.81,1,0,0,1
2096,2025-07-22,2025-10-14,84,7,1,0,estandar,desayuno,web_intermediaria,IT,flexible,total,56.95,2,0,0,0
2449,2025-07-22,2026-01-11,173,5,3,0,estandar,desayuno,directo,UK,no_reembolsable,parcial,91.22,0,0,0,0
5019,2025-07-23,2025-08-29,37,3,2,0,familiar,todo_incluido,web_intermediaria,FR,flexible,parcial,126.12,0,0,0,1
1498,2025-07-23,2025-09-23,62,7,2,0,estandar,todo_incluido,web_intermediaria,ES,flexible,total,79.36,0,0,0,0
112,2025-07-23,2025-09-22,61,9,4,0,estandar,solo_alojamiento,directo,Nordicos,no_reembolsable,sin_deposito,75.35,0,0,0,0
598,2025-07-23,2026-01-26,187,3,1,0,estandar,desayuno,agencia,UK,flexible,parcial,74.5,2,0,0,1
1313,2025-07-23,2025-11-25,125,6,2,1,estandar,todo_incluido,empresa,NL,no_reembolsable,parcial,65.12,0,0,0,1
766,2025-07-23,2025-09-19,58,8,1,1,estandar,desayuno,directo,NL,flexible,parcial,75.84,1,0,0,1
1441,2025-07-23,2025-08-24,32,6,2,0,suite,media_pension,agencia,ES,no_reembolsable,sin_deposito,193.26,0,0,0,0
2603,2025-07-23,2026-05-06,287,3,1,0,estandar,desayuno,agencia,UK,flexible,sin_deposito,71.7,2,1,0,1
2858,2025-07-23,2025-09-25,64,6,2,0,estandar,desayuno,web_intermediaria,UK,flexible,parcial,68.68,2,0,0,0
107,2025-07-23,2025-09-30,69,8,2,0,suite,media_pension,web_intermediaria,DE,flexible,parcial,142.19,2,0,0,1
3429,2025-07-23,2025-09-16,55,4,3,0,estandar,solo_alojamiento,web_intermediaria,ES,no_reembolsable,sin_deposito,70.31,1,0,0,0
5185,2025-07-23,2025-08-30,38,4,1,0,estandar,media_pension,agencia,UK,no_reembolsable,sin_deposito,80.13,0,0,0,0
3565,2025-07-24,2025-08-14,21,8,2,2,superior,solo_alojamiento,web_intermediaria,NL,flexible,sin_deposito,132.76,0,0,0,0
1212,2025-07-24,2025-09-09,47,7,2,1,suite,solo_alojamiento,web_intermediaria,ES,flexible,sin_deposito,169.14,0,0,0,1
4225,2025-07-24,2025-08-28,35,5,2,1,estandar,media_pension,web_intermediaria,DE,no_reembolsable,sin_deposito,78.86,1,0,0,1
2988,2025-07-24,2026-01-24,184,3,3,0,superior,todo_incluido,web_intermediaria,ES,no_reembolsable,parcial,118.46,0,0,0,1
806,2025-07-24,2025-10-08,76,5,2,2,familiar,media_pension,agencia,NL,flexible,total,104.8,0,0,0,0
25,2025-07-24,2025-09-26,64,5,3,0,superior,solo_alojamiento,empresa,UK,flexible,sin_deposito,86.14,0,0,0,0
3350,2025-07-24,2025-08-06,13,6,2,0,suite,solo_alojamiento,web_intermediaria,DE,no_reembolsable,sin_deposito,222.46,1,1,0,0
5074,2025-07-24,2025-08-22,29,5,2,1,estandar,todo_incluido,web_intermediaria,UK,flexible,sin_deposito,84.77,2,0,0,1
1726,2025-07-25,2025-08-19,25,6,2,1,estandar,desayuno,directo,otros,flexible,total,90.98,0,0,0,0
690,2025-07-25,2025-11-19,117,8,3,0,superior,desayuno,web_intermediaria,NL,no_reembolsable,sin_deposito,101.52,0,0,0,0
3326,2025-07-25,2025-12-15,143,8,2,0,estandar,solo_alojamiento,directo,DE,no_reembolsable,sin_deposito,87.36,1,0,0,0
3074,2025-07-25,2025-11-13,111,8,2,2,estandar,todo_incluido,agencia,ES,no_reembolsable,sin_deposito,78.67,0,0,0,1
5492,2025-07-25,2025-09-18,55,6,2,1,superior,desayuno,directo,ES,flexible,sin_deposito,95.79,1,0,0,1
278,2025-07-25,2025-08-18,24,5,1,0,estandar,todo_incluido,agencia,ES,flexible,sin_deposito,90.75,2,0,0,0
4072,2025-07-25,2025-09-25,62,4,2,0,familiar,solo_alojamiento,directo,FR,flexible,parcial,123.37,0,0,0,0
4953,2025-07-25,2025-09-07,44,4,2,1,estandar,todo_incluido,web_intermediaria,ES,no_reembolsable,parcial,68.76,0,0,0,1
4362,2025-07-26,2025-09-02,38,3,3,0,familiar,todo_incluido,web_intermediaria,UK,flexible,parcial,114.88,0,0,0,0
5371,2025-07-26,2025-12-30,157,8,2,0,estandar,desayuno,empresa,DE,flexible,parcial,99.65,1,0,0,1
476,2025-07-26,2025-09-04,40,7,3,0,estandar,solo_alojamiento,directo,DE,no_reembolsable,parcial,66.18,0,0,0,0
918,2025-07-26,2025-10-28,94,11,1,1,estandar,todo_incluido,web_intermediaria,ES,flexible,parcial,76.03,0,0,0,1
5355,2025-07-26,2025-10-08,74,2,2,0,familiar,solo_alojamiento,web_intermediaria,IT,flexible,parcial,116.16,1,0,0,0
5454,2025-07-26,2025-09-01,37,3,4,0,estandar,media_pension,web_intermediaria,FR,flexible,sin_deposito,67.76,0,0,0,0
613,2025-07-26,2025-10-28,94,4,2,0,estandar,desayuno,directo,Nordicos,flexible,sin_deposito,59.66,0,0,0,1
1416,2025-07-26,2025-08-31,36,6,4,0,familiar,desayuno,web_intermediaria,UK,no_reembolsable,sin_deposito,145.56,1,0,0,0
160,2025-07-26,2025-10-06,72,9,2,0,familiar,todo_incluido,web_intermediaria,ES,flexible,sin_deposito,109.32,1,1,1,0
725,2025-07-27,2025-09-25,60,8,2,0,estandar,solo_alojamiento,agencia,otros,flexible,sin_deposito,77.23,0,0,0,1
16,2025-07-27,2025-10-12,77,3,2,0,suite,media_pension,web_intermediaria,UK,flexible,sin_deposito,185.08,0,0,0,1
3967,2025-07-27,2025-11-17,113,4,2,0,suite,media_pension,web_intermediaria,DE,flexible,parcial,167.46,0,0,0,1
955,2025-07-27,2025-08-04,8,5,3,0,superior,desayuno,directo,,flexible,parcial,129.93,0,1,1,0
3055,2025-07-28,2025-11-12,107,7,2,2,superior,desayuno,web_intermediaria,FR,flexible,sin_deposito,94.08,1,0,0,1
2648,2025-07-28,2025-09-14,48,3,2,2,estandar,desayuno,agencia,,no_reembolsable,sin_deposito,76.29,1,0,0,0
990,2025-07-28,2025-09-15,49,6,2,2,estandar,desayuno,web_intermediaria,ES,flexible,sin_deposito,74.44,0,0,0,0
106,2025-07-28,2025-11-04,99,3,3,0,familiar,solo_alojamiento,web_intermediaria,ES,flexible,parcial,106.41,2,0,0,0
249,2025-07-28,2025-09-23,57,9,2,0,estandar,desayuno,web_intermediaria,DE,flexible,sin_deposito,76.56,0,1,0,1
5682,2025-07-28,2025-09-13,47,5,2,0,estandar,solo_alojamiento,directo,DE,flexible,parcial,88.98,2,0,0,0
1430,2025-07-28,2025-10-08,72,5,2,1,suite,todo_incluido,agencia,ES,flexible,sin_deposito,162.1,0,0,0,0
3382,2025-07-28,2025-12-22,147,3,2,2,superior,media_pension,web_intermediaria,DE,flexible,sin_deposito,115.93,0,0,0,1
3323,2025-07-28,2025-10-30,94,4,4,0,superior,desayuno,web_intermediaria,FR,flexible,sin_deposito,95.63,0,0,0,1
5871,2025-07-28,2025-08-03,6,4,2,0,familiar,desayuno,web_intermediaria,IT,flexible,total,132.22,1,0,0,0
2284,2025-07-28,2025-10-21,85,7,2,2,estandar,desayuno,web_intermediaria,FR,flexible,sin_deposito,70.91,0,1,0,0
5563,2025-07-28,2025-09-12,46,5,1,0,superior,desayuno,directo,otros,no_reembolsable,sin_deposito,102.57,0,0,0,0
4613,2025-07-28,2026-01-21,177,9,3,0,familiar,desayuno,web_intermediaria,UK,no_reembolsable,total,121.92,1,0,0,0
5217,2025-07-28,2025-10-05,69,8,3,0,estandar,desayuno,directo,otros,flexible,parcial,68.86,0,1,0,1
2009,2025-07-28,2025-12-20,145,4,2,0,estandar,todo_incluido,directo,UK,flexible,parcial,76.15,1,0,0,0
4084,2025-07-28,2025-12-31,156,4,2,0,suite,solo_alojamiento,directo,ES,no_reembolsable,sin_deposito,207.2,2,0,0,0
4125,2025-07-29,2025-09-03,36,4,2,2,superior,solo_alojamiento,web_intermediaria,UK,flexible,sin_deposito,105.62,0,0,0,0
213,2025-07-29,2025-08-28,30,6,2,0,estandar,desayuno,web_intermediaria,,no_reembolsable,sin_deposito,87.92,0,0,0,0
3422,2025-07-29,2025-08-19,21,3,2,0,suite,desayuno,web_intermediaria,UK,flexible,parcial,191.0,0,0,0,1
3915,2025-07-30,2025-10-22,84,11,2,1,superior,desayuno,agencia,DE,no_reembolsable,parcial,99.02,2,0,0,0
4908,2025-07-30,2025-09-21,53,14,1,0,suite,todo_incluido,web_intermediaria,FR,flexible,total,168.4,1,0,0,0
1461,2025-07-30,2025-12-23,146,5,3,0,familiar,desayuno,web_intermediaria,UK,flexible,total,132.08,2,0,0,1
2725,2025-07-31,2025-10-21,82,6,2,0,familiar,desayuno,web_intermediaria,NL,flexible,parcial,93.33,0,0,0,0
2809,2025-07-31,2025-08-10,10,8,1,0,estandar,solo_alojamiento,directo,ES,flexible,sin_deposito,88.41,1,0,0,0
5982,2025-07-31,2025-09-05,36,6,4,0,estandar,media_pension,directo,otros,no_reembolsable,sin_deposito,70.16,2,0,0,0
3130,2025-07-31,2025-09-02,33,8,2,0,familiar,todo_incluido,web_intermediaria,UK,flexible,sin_deposito,114.17,0,1,0,0
2236,2025-07-31,2025-08-21,21,5,2,0,suite,todo_incluido,agencia,ES,no_reembolsable,sin_deposito,210.02,1,0,0,1
2801,2025-08-01,2025-10-08,68,7,1,1,superior,solo_alojamiento,web_intermediaria,DE,flexible,sin_deposito,89.62,0,0,0,0
1414,2025-08-01,2026-01-08,160,5,2,1,estandar,media_pension,web_intermediaria,otros,flexible,parcial,84.26,0,0,0,1
559,2025-08-01,2025-11-24,115,7,1,0,estandar,todo_incluido,directo,otros,no_reembolsable,total,83.09,0,0,0,0
3154,2025-08-01,2026-01-07,159,8,4,0,superior,media_pension,web_intermediaria,DE,flexible,sin_deposito,120.55,1,0,0,1
2671,2025-08-01,2025-09-19,49,6,3,0,estandar,media_pension,empresa,ES,no_reembolsable,sin_deposito,65.34,0,0,0,0
639,2025-08-01,2026-01-17,169,8,4,2,suite,desayuno,empresa,DE,flexible,total,202.52,0,1,2,1
4804,2025-08-01,2026-01-31,183,6,2,0,superior,desayuno,web_intermediaria,,flexible,total,126.7,3,1,2,0
261,2025-08-02,2025-10-31,90,3,2,0,familiar,media_pension,web_intermediaria,NL,no_reembolsable,sin_deposito,119.74,1,0,0,0
1133,2025-08-02,2025-11-23,113,6,2,1,familiar,solo_alojamiento,empresa,ES,flexible,sin_deposito,109.85,0,1,0,0
4516,2025-08-02,2025-10-18,77,9,2,0,familiar,solo_alojamiento,directo,,no_reembolsable,parcial,116.3,0,0,0,0
1254,2025-08-02,2025-08-30,28,4,2,0,estandar,desayuno,agencia,ES,flexible,total,96.34,0,0,0,0
4099,2025-08-02,2025-09-29,58,11,2,0,estandar,media_pension,agencia,UK,no_reembolsable,sin_deposito,66.85,0,0,0,1
1980,2025-08-02,2025-09-07,36,6,2,0,familiar,desayuno,directo,ES,flexible,sin_deposito,107.83,0,0,0,1
1617,2025-08-02,2025-10-20,79,6,2,0,superior,solo_alojamiento,empresa,Nordicos,flexible,total,96.89,0,0,0,0
1986,2025-08-02,2025-09-01,30,3,2,0,superior,todo_incluido,directo,DE,flexible,parcial,82.76,0,0,0,1
2702,2025-08-03,2025-10-01,59,3,2,0,superior,todo_incluido,empresa,ES,flexible,parcial,94.93,0,0,0,1
3483,2025-08-03,2025-11-04,93,4,3,0,estandar,todo_incluido,web_intermediaria,UK,flexible,sin_deposito,66.57,0,0,0,1
3396,2025-08-03,2025-08-06,3,5,2,0,estandar,desayuno,web_intermediaria,Nordicos,flexible,sin_deposito,88.84,0,0,0,1
5909,2025-08-03,2025-09-20,48,7,4,2,estandar,todo_incluido,directo,Nordicos,flexible,sin_deposito,70.54,1,0,0,0
2547,2025-08-03,2025-12-31,150,8,2,1,superior,desayuno,web_intermediaria,otros,flexible,sin_deposito,125.69,0,0,0,1
71,2025-08-03,2025-09-07,35,5,1,0,familiar,desayuno,directo,DE,flexible,sin_deposito,107.0,0,0,0,0
2832,2025-08-03,2025-08-30,27,4,2,0,estandar,desayuno,web_intermediaria,UK,flexible,total,85.72,0,1,0,1
692,2025-08-03,2025-09-13,41,4,2,0,estandar,desayuno,web_intermediaria,UK,no_reembolsable,parcial,59.92,0,1,0,0
745,2025-08-03,2025-10-27,85,7,2,0,suite,desayuno,web_intermediaria,ES,flexible,sin_deposito,162.03,0,0,0,0
135,2025-08-03,2026-01-09,159,3,2,0,estandar,todo_incluido,web_intermediaria,ES,flexible,sin_deposito,93.28,0,0,0,1
4712,2025-08-03,2025-11-27,116,10,2,2,estandar,media_pension,empresa,otros,flexible,sin_deposito,77.16,0,0,0,1
3564,2025-08-04,2025-08-14,10,6,2,0,estandar,todo_incluido,web_intermediaria,ES,flexible,parcial,88.1,0,0,0,0
105,2025-08-04,2025-11-03,91,7,3,0,superior,todo_incluido,agencia,UK,no_reembolsable,sin_deposito,97.19,1,0,0,1
3296,2025-08-04,2025-10-04,61,4,2,0,superior,desayuno,web_intermediaria,UK,flexible,sin_deposito,101.08,1,1,1,1
1684,2025-08-04,2025-08-27,23,5,2,2,estandar,todo_incluido,web_intermediaria,,flexible,parcial,77.18,3,0,0,0
3393,2025-08-04,2025-08-05,1,4,2,3,suite,desayuno,agencia,otros,no_reembolsable,total,178.05,1,0,0,0
2257,2025-08-04,2025-09-19,46,6,2,0,superior,todo_incluido,web_intermediaria,otros,flexible,sin_deposito,88.32,0,0,0,0
484,2025-08-04,2025-08-21,17,7,1,0,estandar,desayuno,web_intermediaria,UK,no_reembolsable,sin_deposito,94.08,0,0,0,1
2899,2025-08-04,2025-09-23,50,7,2,0,superior,todo_incluido,directo,ES,flexible,sin_deposito,91.05,1,0,0,0
5922,2025-08-05,2025-10-20,76,7,1,2,estandar,todo_incluido,web_intermediaria,DE,flexible,parcial,67.72,2,0,0,0
3385,2025-08-05,2025-12-24,141,4,2,0,familiar,media_pension,agencia,Nordicos,flexible,parcial,117.33,1,0,0,1
5896,2025-08-05,2026-03-04,211,6,1,1,superior,desayuno,agencia,DE,no_reembolsable,parcial,110.11,0,0,0,1
3752,2025-08-05,2026-02-09,188,6,1,0,estandar,todo_incluido,web_intermediaria,UK,flexible,total,90.06,0,1,0,1
2005,2025-08-05,2025-10-27,83,3,2,1,estandar,todo_incluido,web_intermediaria,ES,no_reembolsable,sin_deposito,78.52,0,0,0,1
5512,2025-08-05,2025-11-10,97,4,3,0,estandar,desayuno,web_intermediaria,DE,flexible,total,71.65,1,0,0,0
2206,2025-08-05,2025-10-22,78,5,3,0,estandar,desayuno,web_intermediaria,NL,flexible,sin_deposito,64.28,0,0,0,1
5617,2025-08-05,2025-09-26,52,7,2,2,superior,desayuno,directo,IT,flexible,sin_deposito,100.55,1,0,0,0
4909,2025-08-05,2025-08-21,16,4,2,1,estandar,todo_incluido,agencia,Nordicos,flexible,parcial,92.33,0,0,0,0
1736,2025-08-05,2025-08-25,20,5,2,0,familiar,media_pension,web_intermediaria,ES,flexible,sin_deposito,130.25,0,0,0,1
2557,2025-08-05,2026-02-08,187,7,2,0,suite,desayuno,agencia,DE,flexible,sin_deposito,232.76,1,0,0,0
3481,2025-08-06,2025-11-27,113,6,2,2,superior,desayuno,web_intermediaria,DE,no_reembolsable,parcial,92.01,1,0,0,0
4308,2025-08-06,2026-09-10,400,4,4,0,superior,todo_incluido,agencia,ES,flexible,sin_deposito,82.6,0,0,0,1
716,2025-08-06,2025-10-12,67,11,3,0,superior,todo_incluido,agencia,otros,flexible,parcial,94.79,0,0,0,1
5296,2025-08-06,2025-09-22,47,9,1,0,suite,desayuno,directo,ES,no_reembolsable,sin_deposito,147.73,1,0,0,0
5544,2025-08-06,2025-08-25,19,7,4,1,estandar,media_pension,directo,DE,flexible,total,83.78,1,0,0,0
1012,2025-08-06,2025-10-16,71,10,2,0,estandar,todo_incluido,directo,ES,flexible,sin_deposito,76.92,2,0,0,0
4271,2025-08-06,2025-09-09,34,6,2,0,estandar,todo_incluido,web_intermediaria,DE,no_reembolsable,sin_deposito,73.4,0,0,0,1
4467,2025-08-06,2025-08-14,8,2,3,0,estandar,media_pension,web_intermediaria,UK,no_reembolsable,sin_deposito,97.12,0,0,0,0
1578,2025-08-06,2025-09-03,28,3,4,0,superior,media_pension,agencia,DE,no_reembolsable,parcial,96.37,0,0,0,0
3571,2025-08-06,2025-11-16,102,10,2,1,superior,desayuno,directo,ES,flexible,sin_deposito,94.49,1,0,0,1
5473,2025-08-06,2025-12-24,140,5,2,0,estandar,desayuno,agencia,ES,no_reembolsable,parcial,98.87,0,0,0,1
4525,2025-08-07,2026-08-30,388,5,2,2,estandar,desayuno,agencia,ES,flexible,sin_deposito,90.41,1,0,0,1
2497,2025-08-07,2026-03-12,217,3,2,0,superior,todo_incluido,directo,UK,no_reembolsable,sin_deposito,119.49,0,0,0,1
2902,2025-08-07,2025-10-24,78,3,3,0,estandar,desayuno,web_intermediaria,ES,flexible,sin_deposito,70.65,1,0,0,0
5155,2025-08-07,2025-11-14,99,1,1,1,estandar,todo_incluido,directo,UK,no_reembolsable,sin_deposito,69.35,2,0,0,0
5421,2025-08-07,2025-09-13,37,4,4,0,familiar,desayuno,web_intermediaria,IT,flexible,parcial,94.55,0,1,0,1
591,2025-08-07,2025-09-07,31,6,1,0,estandar,todo_incluido,web_intermediaria,NL,flexible,parcial,57.11,1,0,0,0
686,2025-08-07,2025-11-11,96,6,2,0,superior,desayuno,directo,otros,flexible,sin_deposito,90.52,0,0,0,0
2567,2025-08-07,2025-10-27,81,8,4,0,estandar,solo_alojamiento,web_intermediaria,UK,flexible,sin_deposito,70.69,1,0,0,1
5362,2025-08-07,2025-08-28,21,4,4,2,superior,desayuno,web_intermediaria,ES,flexible,total,112.4,0,0,0,0
1284,2025-08-07,2025-10-10,64,6,1,0,estandar,todo_incluido,web_intermediaria,ES,flexible,sin_deposito,59.79,1,0,0,0
860,2025-08-07,2025-09-15,39,6,2,3,familiar,desayuno,web_intermediaria,otros,flexible,parcial,133.12,0,1,0,0
5393,2025-08-07,2026-01-02,148,5,3,0,superior,desayuno,agencia,ES,flexible,sin_deposito,127.56,0,0,0,1
2983,2025-08-07,2025-09-26,50,3,2,0,suite,desayuno,directo,NL,no_reembolsable,total,133.75,0,0,0,0
2535,2025-08-07,2025-12-02,117,5,2,2,estandar,todo_incluido,agencia,UK,flexible,total,93.35,0,0,0,0
4005,2025-08-07,2025-09-07,31,6,4,0,superior,todo_incluido,web_intermediaria,ES,no_reembolsable,total,93.82,0,0,0,0
1087,2025-08-08,2026-01-08,153,9,2,0,superior,todo_incluido,web_intermediaria,Nordicos,no_reembolsable,sin_deposito,109.09,0,0,0,0
3057,2025-08-08,2025-09-05,28,7,3,3,estandar,solo_alojamiento,web_intermediaria,ES,flexible,parcial,62.11,1,0,0,1
1260,2025-08-08,2026-01-20,165,7,3,0,estandar,todo_incluido,web_intermediaria,otros,flexible,sin_deposito,86.78,0,0,0,1
3037,2025-08-08,2025-08-27,19,4,2,0,superior,desayuno,web_intermediaria,DE,no_reembolsable,parcial,114.7,0,0,0,0
596,2025-08-08,2025-11-13,97,7,2,1,estandar,solo_alojamiento,web_intermediaria,ES,flexible,sin_deposito,71.49,0,0,0,1
2571,2025-08-08,2025-10-13,66,8,4,1,estandar,solo_alojamiento,directo,UK,flexible,sin_deposito,73.12,0,0,0,1
4976,2025-08-08,2025-10-20,73,6,2,0,estandar,media_pension,agencia,UK,flexible,sin_deposito,68.66,1,0,0,0
2296,2025-08-08,2025-11-12,96,3,2,3,estandar,desayuno,web_intermediaria,ES,flexible,sin_deposito,65.9,0,0,0,1
4975,2025-08-08,2025-08-30,22,7,2,2,estandar,desayuno,agencia,DE,flexible,sin_deposito,81.66,0,0,0,0
3300,2025-08-08,2025-09-28,51,6,3,0,superior,desayuno,agencia,DE,no_reembolsable,sin_deposito,85.1,0,0,0,1
852,2025-08-08,2025-08-24,16,4,2,0,superior,media_pension,web_intermediaria,ES,flexible,sin_deposito,132.78,1,0,0,1
5215,2025-08-09,2025-10-20,72,4,2,0,superior,todo_incluido,web_intermediaria,UK,no_reembolsable,parcial,87.32,1,0,0,0
3818,2025-08-09,2026-03-03,206,6,2,0,estandar,media_pension,web_intermediaria,otros,no_reembolsable,sin_deposito,76.42,1,1,1,1
4309,2025-08-09,2026-01-09,153,5,4,0,estandar,solo_alojamiento,directo,ES,flexible,parcial,89.5,1,0,0,0
1199,2025-08-09,2025-10-24,76,8,2,0,estandar,media_pension,web_intermediaria,DE,flexible,sin_deposito,75.38,1,0,0,1
551,2025-08-09,2025-10-21,73,4,2,1,suite,desayuno,directo,UK,no_reembolsable,sin_deposito,161.26,1,0,0,0
428,2025-08-10,2025-10-04,55,3,2,0,estandar,desayuno,web_intermediaria,UK,no_reembolsable,total,75.56,1,0,0,0
1749,2025-08-10,2025-09-13,34,10,2,0,superior,todo_incluido,web_intermediaria,Nordicos,flexible,sin_deposito,87.46,1,0,0,1
654,2025-08-10,2025-11-07,89,7,3,0,familiar,solo_alojamiento,agencia,otros,flexible,parcial,120.27,1,0,0,1
472,2025-08-10,2026-02-16,190,4,1,0,estandar,desayuno,directo,DE,no_reembolsable,parcial,77.58,0,0,0,1
2545,2025-08-10,2025-11-16,98,7,2,0,estandar,media_pension,web_intermediaria,UK,flexible,parcial,71.4,3,0,0,0
103,2025-08-10,2026-04-25,258,5,2,1,suite,solo_alojamiento,directo,DE,no_reembolsable,sin_deposito,135.8,0,0,0,0
3803,2025-08-10,2025-10-07,58,4,2,1,familiar,desayuno,web_intermediaria,Nordicos,flexible,sin_deposito,120.28,0,1,1,1
92,2025-08-10,2025-10-15,66,5,2,0,familiar,desayuno,web_intermediaria,UK,no_reembolsable,sin_deposito,110.73,1,0,0,1
2093,2025-08-10,2025-11-27,109,5,1,0,estandar,todo_incluido,agencia,UK,flexible,parcial,65.31,1,0,0,1
2532,2025-08-11,2025-09-18,38,2,2,2,superior,media_pension,web_intermediaria,otros,no_reembolsable,sin_deposito,106.18,0,0,0,1
4810,2025-08-11,2026-09-15,400,9,2,3,estandar,todo_incluido,web_intermediaria,ES,flexible,sin_deposito,63.74,0,0,0,1
4753,2025-08-11,2025-11-14,95,4,4,0,estandar,media_pension,web_intermediaria,NL,flexible,sin_deposito,77.56,0,0,0,1
5332,2025-08-11,2025-08-28,17,7,2,2,familiar,todo_incluido,web_intermediaria,Nordicos,flexible,sin_deposito,155.02,1,0,0,1
4288,2025-08-11,2026-02-23,196,4,4,0,estandar,solo_alojamiento,agencia,UK,no_reembolsable,sin_deposito,90.94,1,0,0,1
3769,2025-08-12,2025-11-19,99,11,1,1,estandar,desayuno,web_intermediaria,ES,no_reembolsable,parcial,77.93,1,0,0,1
5444,2025-08-12,2025-12-08,118,7,2,0,superior,media_pension,agencia,IT,flexible,sin_deposito,115.6,0,1,0,0
5589,2025-08-12,2025-09-10,29,5,4,0,estandar,solo_alojamiento,directo,NL,no_reembolsable,total,74.34,1,0,0,0
2935,2025-08-12,2025-12-12,122,3,2,1,estandar,desayuno,directo,FR,flexible,sin_deposito,93.28,0,0,0,1
3713,2025-08-12,2026-02-08,180,5,2,0,estandar,todo_incluido,web_intermediaria,DE,flexible,sin_deposito,77.97,2,1,1,1
5079,2025-08-12,2025-11-03,83,5,2,0,familiar,todo_incluido,web_intermediaria,ES,flexible,sin_deposito,113.82,0,0,0,1
1334,2025-08-12,2026-01-02,143,8,2,2,estandar,todo_incluido,directo,UK,no_reembolsable,sin_deposito,90.68,0,0,0,1
5045,2025-08-12,2025-10-02,51,7,4,0,familiar,desayuno,agencia,UK,no_reembolsable,sin_deposito,96.99,1,1,0,1
291,2025-08-12,2025-11-24,104,3,2,2,superior,desayuno,directo,ES,no_reembolsable,sin_deposito,102.52,2,0,0,0
4206,2025-08-12,2025-10-04,53,10,2,1,familiar,solo_alojamiento,directo,UK,no_reembolsable,sin_deposito,114.58,0,0,0,0
1001,2025-08-13,2025-12-13,122,5,2,0,superior,media_pension,web_intermediaria,Nordicos,no_reembolsable,sin_deposito,111.41,1,0,0,0
2161,2025-08-13,2025-10-05,53,5,3,2,estandar,solo_alojamiento,agencia,UK,flexible,parcial,72.41,1,0,0,0
837,2025-08-13,2025-10-30,78,4,3,0,estandar,desayuno,directo,UK,no_reembolsable,sin_deposito,70.65,3,0,0,1
227,2025-08-13,2025-10-26,74,6,1,2,estandar,desayuno,agencia,UK,no_reembolsable,sin_deposito,58.53,0,0,0,0
3833,2025-08-13,2025-11-16,95,9,2,2,superior,solo_alojamiento,agencia,otros,no_reembolsable,parcial,94.22,0,0,0,0
336,2025-08-13,2025-10-25,73,5,2,0,estandar,desayuno,web_intermediaria,ES,flexible,parcial,73.89,1,0,0,0
2748,2025-08-13,2025-09-12,30,5,3,0,superior,solo_alojamiento,web_intermediaria,ES,no_reembolsable,sin_deposito,79.55,1,0,0,0
1219,2025-08-13,2026-05-01,261,5,3,0,familiar,todo_incluido,web_intermediaria,IT,no_reembolsable,sin_deposito,95.9,0,0,0,1
3246,2025-08-14,2025-11-13,91,6,2,0,estandar,desayuno,directo,ES,flexible,total,71.72,0,0,0,0
3868,2025-08-14,2025-12-06,114,6,2,3,suite,todo_incluido,directo,UK,flexible,total,192.06,0,0,0,0
4054,2025-08-14,2025-10-08,55,7,2,1,estandar,todo_incluido,empresa,Nordicos,no_reembolsable,sin_deposito,70.52,1,1,0,1
3010,2025-08-15,2025-11-28,105,5,2,1,estandar,solo_alojamiento,directo,UK,flexible,total,70.9,0,0,0,0
5408,2025-08-15,2025-12-01,108,3,2,0,estandar,desayuno,web_intermediaria,ES,flexible,sin_deposito,91.18,0,0,0,1
3198,2025-08-15,2026-02-14,183,1,1,1,superior,todo_incluido,agencia,Nordicos,flexible,total,113.72,0,0,0,0
2684,2025-08-15,2025-10-16,62,8,4,0,estandar,todo_incluido,directo,FR,no_reembolsable,sin_deposito,71.95,0,0,0,0
3508,2025-08-15,2025-09-28,44,6,2,0,suite,todo_incluido,web_intermediaria,IT,flexible,sin_deposito,153.09,1,0,0,1
5658,2025-08-16,2026-03-18,214,7,2,0,superior,media_pension,directo,ES,flexible,parcial,124.79,2,0,0,1
885,2025-08-16,2025-12-19,125,8,3,0,estandar,desayuno,web_intermediaria,IT,no_reembolsable,parcial,80.79,0,0,0,1
2159,2025-08-16,2025-09-14,29,5,2,0,familiar,todo_incluido,web_intermediaria,DE,flexible,sin_deposito,104.5,1,0,0,1
1574,2025-08-16,2026-05-12,269,4,2,0,familiar,solo_alojamiento,web_intermediaria,ES,flexible,sin_deposito,90.29,1,0,0,1
3208,2025-08-17,2025-09-27,41,3,1,0,estandar,todo_incluido,web_intermediaria,UK,flexible,sin_deposito,71.06,0,0,0,0
5306,2025-08-17,2025-10-10,54,3,4,1,estandar,solo_alojamiento,web_intermediaria,DE,no_reembolsable,sin_deposito,68.65,0,0,0,0
1426,2025-08-17,2025-11-07,82,6,2,0,superior,desayuno,agencia,FR,no_reembolsable,sin_deposito,97.61,4,0,0,0
166,2025-08-17,2026-03-18,213,5,2,0,familiar,desayuno,empresa,UK,flexible,parcial,121.49,0,0,0,1
5886,2025-08-17,2025-10-05,49,2,2,0,familiar,desayuno,web_intermediaria,DE,flexible,parcial,118.5,0,0,0,0
3401,2025-08-17,2025-12-12,117,7,2,0,suite,media_pension,agencia,DE,no_reembolsable,parcial,183.51,1,1,0,0
5706,2025-08-17,2026-01-25,161,2,2,0,familiar,solo_alojamiento,directo,NL,flexible,total,130.76,1,0,0,0
3078,2025-08-18,2025-11-28,102,1,3,0,superior,desayuno,web_intermediaria,ES,no_reembolsable,parcial,96.21,0,0,0,0
5121,2025-08-18,2025-12-23,127,7,2,3,superior,desayuno,web_intermediaria,otros,no_reembolsable,sin_deposito,101.8,0,1,0,0
5539,2025-08-18,2025-10-13,56,4,2,0,suite,desayuno,web_intermediaria,ES,flexible,sin_deposito,169.79,1,0,0,1
4970,2025-08-18,2025-09-30,43,6,2,0,superior,todo_incluido,web_intermediaria,Nordicos,no_reembolsable,sin_deposito,98.89,0,0,0,0
4392,2025-08-18,2026-01-24,159,10,2,0,estandar,todo_incluido,web_intermediaria,UK,flexible,total,100.3,0,0,0,1
2196,2025-08-18,2026-05-03,258,8,3,0,familiar,desayuno,agencia,otros,no_reembolsable,sin_deposito,99.45,0,0,0,1
514,2025-08-19,2025-10-03,45,4,3,1,estandar,desayuno,directo,ES,no_reembolsable,parcial,65.04,1,0,0,0
1535,2025-08-19,2025-11-14,87,6,2,0,superior,desayuno,web_intermediaria,UK,flexible,sin_deposito,106.65,2,0,0,0
741,2025-08-19,2025-11-25,98,6,3,2,suite,desayuno,agencia,UK,flexible,parcial,167.03,0,0,0,0
1843,2025-08-19,2026-02-26,191,4,2,0,superior,todo_incluido,web_intermediaria,IT,flexible,sin_deposito,102.05,0,0,0,1
1965,2025-08-19,2025-10-04,46,3,3,0,superior,desayuno,directo,ES,flexible,parcial,102.79,0,0,0,0
1964,2025-08-20,2025-10-18,59,7,2,0,estandar,desayuno,web_intermediaria,DE,flexible,sin_deposito,62.05,0,1,1,1
4374,2025-08-20,2025-11-20,92,9,2,1,familiar,todo_incluido,web_intermediaria,UK,no_reembolsable,sin_deposito,113.77,1,0,0,1
2873,2025-08-20,2025-10-04,45,7,2,0,estandar,desayuno,agencia,DE,flexible,sin_deposito,70.33,0,0,0,1
5189,2025-08-20,2025-10-21,62,5,2,0,superior,desayuno,directo,ES,no_reembolsable,sin_deposito,97.48,0,0,0,1
3455,2025-08-20,2025-09-28,39,8,2,2,estandar,desayuno,agencia,FR,no_reembolsable,sin_deposito,66.76,0,0,0,1
5356,2025-08-20,2025-11-21,93,5,1,2,estandar,desayuno,agencia,ES,flexible,parcial,69.88,1,0,0,0
4998,2025-08-21,2025-09-24,34,7,2,1,familiar,desayuno,agencia,UK,flexible,sin_deposito,118.4,1,0,0,0
2338,2025-08-21,2025-10-21,61,2,2,0,suite,solo_alojamiento,web_intermediaria,UK,flexible,sin_deposito,145.13,0,0,0,0
2516,2025-08-21,2025-10-16,56,7,2,1,superior,media_pension,web_intermediaria,UK,flexible,sin_deposito,83.01,2,0,0,1
5224,2025-08-21,2026-04-03,225,5,2,0,estandar,todo_incluido,directo,DE,no_reembolsable,parcial,73.08,0,0,0,0
867,2025-08-21,2025-10-16,56,6,3,0,estandar,todo_incluido,web_intermediaria,UK,flexible,total,70.19,1,0,0,1
3364,2025-08-21,2025-11-02,73,7,2,0,estandar,todo_incluido,web_intermediaria,DE,flexible,parcial,68.02,1,1,0,1
849,2025-08-21,2025-11-29,100,2,1,0,estandar,media_pension,web_intermediaria,DE,flexible,total,78.73,1,0,0,1
5394,2025-08-21,2025-10-04,44,6,2,0,superior,desayuno,directo,ES,no_reembolsable,parcial,95.07,0,0,0,0
5952,2025-08-21,2026-01-11,143,11,3,1,estandar,media_pension,directo,otros,flexible,parcial,91.89,0,0,0,0
149,2025-08-22,2025-09-09,18,5,3,0,familiar,solo_alojamiento,directo,UK,flexible,total,115.97,4,0,0,0
1231,2025-08-22,2025-10-22,61,6,2,0,superior,solo_alojamiento,agencia,NL,flexible,sin_deposito,98.01,0,0,0,1
5984,2025-08-22,2025-09-29,38,10,2,0,superior,desayuno,web_intermediaria,Nordicos,no_reembolsable,sin_deposito,96.53,0,0,0,0
2288,2025-08-22,2025-11-29,99,4,2,1,estandar,desayuno,web_intermediaria,UK,flexible,parcial,71.04,0,0,0,1
1025,2025-08-22,2026-01-30,161,3,2,0,superior,todo_incluido,agencia,UK,flexible,sin_deposito,125.72,1,0,0,0
3082,2025-08-22,2025-12-01,101,8,2,0,estandar,todo_incluido,empresa,ES,flexible,parcial,99.32,0,0,0,1
1264,2025-08-23,2026-04-10,230,3,1,0,suite,desayuno,agencia,NL,flexible,sin_deposito,176.95,0,0,0,1
2984,2025-08-23,2025-10-04,42,7,2,0,estandar,desayuno,web_intermediaria,ES,flexible,total,74.06,3,0,0,0
2334,2025-08-23,2025-10-10,48,8,2,2,familiar,desayuno,empresa,ES,no_reembolsable,sin_deposito,114.37,2,1,1,1
3169,2025-08-23,2025-10-28,66,3,2,0,superior,solo_alojamiento,web_intermediaria,DE,flexible,parcial,101.82,1,0,0,0
2326,2025-08-23,2025-09-20,28,5,2,3,estandar,media_pension,directo,ES,flexible,sin_deposito,53.86,3,0,0,0
1587,2025-08-23,2025-10-09,47,6,1,2,estandar,solo_alojamiento,agencia,Nordicos,no_reembolsable,sin_deposito,69.1,1,0,0,0
5238,2025-08-23,2026-03-08,197,8,2,1,suite,media_pension,web_intermediaria,ES,no_reembolsable,parcial,190.35,1,0,0,0
2945,2025-08-23,2026-03-08,197,8,2,1,superior,desayuno,web_intermediaria,FR,no_reembolsable,sin_deposito,114.8,0,0,0,1
5278,2025-08-23,2025-09-17,25,4,2,2,estandar,desayuno,web_intermediaria,UK,flexible,parcial,69.66,0,0,0,1
28,2025-08-23,2026-03-21,210,6,1,1,superior,desayuno,agencia,ES,flexible,total,115.28,1,0,0,0
2372,2025-08-23,2025-09-30,38,5,2,2,estandar,media_pension,empresa,DE,no_reembolsable,parcial,71.98,0,0,0,1
5833,2025-08-23,2025-11-09,78,6,4,0,estandar,desayuno,web_intermediaria,UK,no_reembolsable,sin_deposito,73.12,3,0,0,0
4637,2025-08-24,2025-11-29,97,4,2,0,suite,todo_incluido,web_intermediaria,UK,no_reembolsable,sin_deposito,175.1,2,0,0,1
4356,2025-08-24,2025-11-11,79,3,2,2,superior,solo_alojamiento,directo,UK,flexible,total,91.31,1,0,0,0
3890,2025-08-24,2025-11-12,80,5,2,0,superior,desayuno,web_intermediaria,otros,flexible,sin_deposito,97.63,1,0,0,1
4243,2025-08-24,2025-11-08,76,7,2,0,estandar,todo_incluido,web_intermediaria,ES,flexible,parcial,75.22,0,0,0,1
1923,2025-08-25,2025-09-20,26,5,2,1,estandar,desayuno,agencia,otros,flexible,sin_deposito,57.76,2,0,0,0
1603,2025-08-25,2025-12-29,126,8,1,1,familiar,media_pension,web_intermediaria,ES,flexible,sin_deposito,135.7,2,0,0,1
4223,2025-08-25,2026-03-17,204,2,2,2,superior,todo_incluido,directo,DE,flexible,sin_deposito,105.49,0,0,0,0
524,2025-08-25,2026-02-09,168,5,2,0,estandar,todo_incluido,web_intermediaria,ES,flexible,sin_deposito,98.34,0,0,0,0
433,2025-08-25,2025-11-27,94,6,1,1,estandar,desayuno,web_intermediaria,ES,flexible,sin_deposito,69.4,0,0,0,0
5993,2025-08-25,2025-10-09,45,3,4,0,familiar,media_pension,web_intermediaria,UK,no_reembolsable,sin_deposito,109.04,2,0,0,1
3521,2025-08-25,2025-09-20,26,6,3,0,estandar,media_pension,web_intermediaria,UK,flexible,sin_deposito,71.32,0,0,0,0
794,2025-08-25,2025-11-28,95,6,4,1,suite,todo_incluido,directo,UK,no_reembolsable,sin_deposito,167.0,1,0,0,0
4623,2025-08-26,2025-09-03,8,6,2,0,superior,media_pension,directo,otros,no_reembolsable,parcial,94.43,1,0,0,0
1040,2025-08-26,2025-10-02,37,3,3,1,estandar,media_pension,web_intermediaria,DE,no_reembolsable,total,67.63,0,0,0,0
5668,2025-08-26,2025-12-20,116,4,2,0,estandar,media_pension,web_intermediaria,ES,no_reembolsable,parcial,73.99,1,0,0,0
5148,2025-08-26,2026-02-08,166,5,2,0,superior,desayuno,empresa,UK,no_reembolsable,sin_deposito,126.02,0,0,0,0
4666,2025-08-26,2025-12-03,99,2,2,0,estandar,media_pension,web_intermediaria,DE,flexible,total,94.42,0,0,0,1
2081,2025-08-26,2025-09-16,21,5,2,0,superior,desayuno,web_intermediaria,IT,no_reembolsable,sin_deposito,72.74,2,0,0,1
2610,2025-08-26,2025-10-29,64,5,2,0,suite,desayuno,web_intermediaria,UK,no_reembolsable,parcial,155.99,0,0,0,0
5427,2025-08-26,2025-09-25,30,5,2,0,estandar,todo_incluido,web_intermediaria,ES,no_reembolsable,parcial,69.55,0,0,0,0
1987,2025-08-26,2025-11-12,78,6,2,1,estandar,todo_incluido,agencia,,flexible,sin_deposito,69.38,1,0,0,0
302,2025-08-26,2026-01-10,137,5,4,2,estandar,desayuno,web_intermediaria,UK,no_reembolsable,total,87.56,1,0,0,0
605,2025-08-26,2025-09-08,13,4,4,0,superior,solo_alojamiento,web_intermediaria,UK,no_reembolsable,sin_deposito,96.15,0,0,0,1
2424,2025-08-26,2025-09-30,35,3,2,0,estandar,solo_alojamiento,web_intermediaria,UK,no_reembolsable,sin_deposito,77.3,0,0,0,1
5283,2025-08-26,2025-10-11,46,5,1,0,estandar,desayuno,agencia,ES,no_reembolsable,sin_deposito,75.33,0,0,0,1
3540,2025-08-26,2025-10-01,36,7,2,2,estandar,desayuno,web_intermediaria,UK,no_reembolsable,parcial,64.32,1,1,0,0
5291,2025-08-27,2025-11-29,94,2,3,0,superior,solo_alojamiento,web_intermediaria,ES,flexible,sin_deposito,94.12,1,1,1,0
38,2025-08-27,2026-01-29,155,3,1,0,familiar,desayuno,web_intermediaria,otros,no_reembolsable,parcial,138.92,1,0,0,1
553,2025-08-27,2025-11-01,66,5,3,1,suite,solo_alojamiento,agencia,DE,no_reembolsable,sin_deposito,167.26,2,0,0,0
1971,2025-08-27,2025-10-16,50,3,3,0,superior,desayuno,agencia,ES,flexible,sin_deposito,95.03,0,0,0,1
4735,2025-08-27,2025-11-20,85,4,2,0,familiar,todo_incluido,web_intermediaria,FR,no_reembolsable,sin_deposito,117.1,0,1,1,1
4862,2025-08-27,2026-01-26,152,6,2,0,familiar,desayuno,directo,DE,flexible,total,124.45,1,0,0,0
4934,2025-08-27,2025-12-01,96,4,2,0,familiar,todo_incluido,agencia,ES,no_reembolsable,total,139.35,1,0,0,0
3523,2025-08-27,2025-11-09,74,3,1,2,superior,todo_incluido,agencia,Nordicos,no_reembolsable,parcial,95.67,0,0,0,0
2406,2025-08-27,2025-12-11,106,7,3,0,superior,desayuno,web_intermediaria,ES,no_reembolsable,sin_deposito,111.35,0,0,0,0
3630,2025-08-28,2026-02-13,169,5,1,2,estandar,solo_alojamiento,directo,ES,no_reembolsable,sin_deposito,94.82,0,0,0,1
5008,2025-08-28,2025-10-31,64,4,2,3,estandar,desayuno,web_intermediaria,ES,no_reembolsable,parcial,64.48,0,0,0,0
5963,2025-08-28,2026-05-11,256,5,2,0,familiar,media_pension,directo,otros,flexible,sin_deposito,121.46,0,0,0,1
2455,2025-08-28,2025-10-23,56,4,3,0,estandar,solo_alojamiento,empresa,DE,flexible,sin_deposito,63.57,1,0,0,1
3440,2025-08-28,2025-11-24,88,6,2,0,estandar,desayuno,agencia,UK,flexible,parcial,64.46,1,0,0,1
482,2025-08-28,2026-07-20,326,8,1,0,estandar,media_pension,directo,Nordicos,no_reembolsable,sin_deposito,80.59,0,0,0,1
334,2025-08-28,2026-01-07,132,8,3,0,familiar,todo_incluido,web_intermediaria,ES,no_reembolsable,sin_deposito,128.31,0,1,0,1
5058,2025-08-28,2026-01-29,154,4,4,0,estandar,media_pension,web_intermediaria,otros,flexible,sin_deposito,91.81,0,0,0,1
2822,2025-08-28,2025-12-07,101,5,2,0,estandar,desayuno,web_intermediaria,ES,flexible,parcial,82.69,1,0,0,0
3067,2025-08-28,2025-10-28,61,5,1,2,familiar,solo_alojamiento,agencia,UK,no_reembolsable,sin_deposito,101.27,1,0,0,0
4722,2025-08-29,2025-10-11,43,4,4,0,estandar,desayuno,agencia,DE,flexible,total,69.58,0,0,0,1
5087,2025-08-29,2025-10-08,40,6,2,0,estandar,solo_alojamiento,directo,UK,flexible,sin_deposito,61.9,1,0,0,0
388,2025-08-29,2025-12-28,121,6,2,0,estandar,desayuno,web_intermediaria,ES,flexible,sin_deposito,96.22,2,0,0,1
5657,2025-08-29,2025-11-01,64,10,2,0,estandar,todo_incluido,directo,UK,no_reembolsable,parcial,66.95,3,1,0,0
545,2025-08-29,2025-09-22,24,2,1,1,superior,solo_alojamiento,directo,otros,no_reembolsable,total,82.89,0,0,0,0
90,2025-08-30,2026-01-07,130,6,3,0,estandar,media_pension,web_intermediaria,ES,flexible,sin_deposito,88.63,1,1,0,1
101,2025-08-30,2025-09-26,27,7,2,0,familiar,desayuno,web_intermediaria,DE,flexible,parcial,103.83,1,0,0,0
4661,2025-08-30,2026-06-14,288,3,2,0,estandar,media_pension,directo,UK,flexible,parcial,69.54,2,0,0,1
4675,2025-08-30,2026-01-17,140,4,2,2,familiar,desayuno,agencia,ES,no_reembolsable,parcial,146.59,0,0,0,0
84,2025-08-30,2025-10-18,49,7,2,2,familiar,desayuno,web_intermediaria,ES,flexible,parcial,105.49,0,0,0,1
3127,2025-08-30,2026-02-24,178,4,2,1,estandar,desayuno,web_intermediaria,NL,no_reembolsable,sin_deposito,68.67,1,0,0,1
3381,2025-08-30,2025-10-19,50,4,4,0,superior,media_pension,web_intermediaria,UK,no_reembolsable,sin_deposito,92.5,0,0,0,0
3625,2025-08-30,2025-09-22,23,6,3,2,estandar,desayuno,agencia,ES,flexible,parcial,69.65,0,0,0,1
2286,2025-08-30,2025-11-03,65,2,2,0,estandar,desayuno,empresa,UK,flexible,sin_deposito,68.18,0,0,0,1
3740,2025-08-30,2026-01-30,153,2,3,3,estandar,todo_incluido,web_intermediaria,ES,flexible,sin_deposito,105.89,1,0,0,1
2246,2025-08-30,2025-09-05,6,7,2,0,estandar,todo_incluido,agencia,otros,flexible,sin_deposito,60.53,0,1,0,0
582,2025-08-31,2025-10-26,56,5,2,0,estandar,todo_incluido,agencia,ES,flexible,sin_deposito,63.89,1,0,0,1
4073,2025-08-31,2025-10-09,39,7,2,0,estandar,solo_alojamiento,directo,ES,flexible,sin_deposito,80.72,0,0,0,1
611,2025-08-31,2025-09-21,21,4,3,1,superior,desayuno,web_intermediaria,UK,flexible,parcial,107.86,1,0,0,0
5883,2025-08-31,2025-10-05,35,4,2,1,suite,todo_incluido,agencia,UK,flexible,sin_deposito,167.55,1,0,0,1
5265,2025-08-31,2025-09-23,23,1,2,3,estandar,desayuno,directo,,no_reembolsable,parcial,65.3,2,0,0,0
3190,2025-08-31,2025-12-11,102,6,2,0,estandar,media_pension,web_intermediaria,UK,flexible,total,93.83,1,0,0,1
4539,2025-08-31,2025-12-01,92,5,2,2,superior,desayuno,agencia,ES,flexible,parcial,112.02,1,0,0,0
3230,2025-09-01,2025-09-23,22,7,2,2,estandar,desayuno,directo,DE,flexible,total,66.46,2,1,0,0
5731,2025-09-01,2025-11-18,78,2,1,0,estandar,todo_incluido,web_intermediaria,ES,flexible,parcial,82.24,0,0,0,1
2863,2025-09-01,2026-06-29,301,3,2,0,estandar,solo_alojamiento,web_intermediaria,ES,flexible,parcial,63.92,1,0,0,1
1097,2025-09-01,2025-10-29,58,12,2,0,superior,solo_alojamiento,web_intermediaria,DE,flexible,sin_deposito,84.61,0,0,0,1
4696,2025-09-01,2025-10-04,33,4,4,1,superior,desayuno,web_intermediaria,DE,flexible,total,106.89,1,0,0,0
1865,2025-09-01,2025-10-24,53,8,4,1,superior,todo_incluido,web_intermediaria,DE,flexible,sin_deposito,95.94,0,0,0,0
2790,2025-09-01,2025-12-06,96,11,2,0,suite,solo_alojamiento,directo,ES,flexible,sin_deposito,195.15,1,0,0,1
1933,2025-09-01,2025-11-08,68,3,2,0,familiar,desayuno,agencia,UK,no_reembolsable,total,129.31,1,0,0,0
1080,2025-09-02,2025-09-21,19,13,1,2,familiar,desayuno,directo,ES,flexible,sin_deposito,97.84,0,0,0,0
3051,2025-09-02,2025-10-15,43,4,2,0,estandar,media_pension,directo,otros,flexible,parcial,66.34,0,0,0,0
4973,2025-09-02,2025-09-07,5,5,1,1,superior,todo_incluido,web_intermediaria,Nordicos,no_reembolsable,sin_deposito,95.08,0,0,0,1
5582,2025-09-02,2026-05-16,256,12,2,0,estandar,desayuno,agencia,FR,flexible,parcial,71.54,0,0,0,1
5203,2025-09-02,2026-02-14,165,5,1,0,superior,media_pension,agencia,ES,no_reembolsable,parcial,112.79,0,0,0,1
5032,2025-09-02,2025-10-08,36,4,2,0,estandar,media_pension,web_intermediaria,UK,no_reembolsable,parcial,52.0,0,0,0,0
3148,2025-09-02,2025-11-18,77,4,4,0,superior,todo_incluido,web_intermediaria,DE,flexible,sin_deposito,102.82,1,1,1,0
4483,2025-09-02,2025-11-20,79,5,2,0,estandar,media_pension,web_intermediaria,UK,no_reembolsable,sin_deposito,70.78,0,0,0,0
816,2025-09-02,2025-12-19,108,5,3,3,superior,desayuno,web_intermediaria,ES,flexible,sin_deposito,137.61,1,0,0,0
1650,2025-09-02,2025-10-15,43,9,2,0,estandar,media_pension,agencia,UK,flexible,sin_deposito,73.93,1,0,0,1
5164,2025-09-02,2026-01-09,129,6,2,0,superior,media_pension,agencia,ES,flexible,sin_deposito,141.49,0,0,0,0
5935,2025-09-03,2026-01-15,134,7,1,0,estandar,desayuno,web_intermediaria,ES,no_reembolsable,parcial,83.8,0,0,0,1
3507,2025-09-03,2025-10-21,48,8,2,2,estandar,desayuno,web_intermediaria,IT,flexible,parcial,73.91,1,0,0,1
868,2025-09-03,2025-10-14,41,7,2,0,superior,media_pension,web_intermediaria,ES,flexible,parcial,96.24,1,0,0,0
4366,2025-09-03,2026-01-03,122,11,3,1,superior,desayuno,agencia,DE,no_reembolsable,parcial,116.79,0,0,0,1
4943,2025-09-03,2026-05-10,249,4,2,0,superior,todo_incluido,web_intermediaria,ES,no_reembolsable,parcial,97.57,1,0,0,1
2704,2025-09-03,2025-11-16,74,4,4,0,suite,solo_alojamiento,agencia,UK,flexible,parcial,162.36,1,0,0,1
4847,2025-09-03,2025-12-07,95,12,2,0,estandar,todo_incluido,agencia,UK,flexible,total,85.16,2,0,0,0
4891,2025-09-03,2025-12-02,90,3,2,0,estandar,desayuno,agencia,IT,no_reembolsable,total,84.32,1,0,0,0
589,2025-09-03,2025-10-14,41,8,1,1,estandar,desayuno,directo,UK,flexible,parcial,64.02,1,0,0,1
5506,2025-09-03,2026-02-06,156,9,2,0,suite,todo_incluido,agencia,IT,no_reembolsable,parcial,207.03,1,1,0,0
1016,2025-09-03,2025-10-16,43,5,2,0,familiar,todo_incluido,directo,ES,flexible,sin_deposito,99.4,0,0,0,0
2784,2025-09-03,2026-03-28,206,6,2,0,estandar,desayuno,web_intermediaria,Nordicos,flexible,sin_deposito,96.31,2,0,0,1
1969,2025-09-04,2025-11-10,67,8,2,0,superior,media_pension,web_intermediaria,NL,no_reembolsable,sin_deposito,100.07,0,1,0,1
1086,2025-09-04,2025-10-09,35,6,2,0,estandar,todo_incluido,web_intermediaria,otros,no_reembolsable,sin_deposito,69.87,0,0,0,1
1961,2025-09-04,2026-06-26,295,6,1,3,estandar,solo_alojamiento,web_intermediaria,ES,flexible,parcial,61.57,0,0,0,1
1659,2025-09-04,2025-10-10,36,4,1,2,familiar,media_pension,web_intermediaria,NL,flexible,parcial,107.32,0,0,0,0
2208,2025-09-04,2025-10-30,56,5,2,2,estandar,todo_incluido,directo,UK,flexible,sin_deposito,78.73,2,0,0,0
1125,2025-09-05,2025-09-18,13,6,2,0,estandar,solo_alojamiento,web_intermediaria,ES,no_reembolsable,sin_deposito,76.26,0,0,0,0
513,2025-09-05,2025-10-06,31,7,2,0,estandar,desayuno,web_intermediaria,UK,no_reembolsable,total,69.79,1,0,0,0
2457,2025-09-05,2025-10-13,38,5,2,0,estandar,todo_incluido,directo,NL,no_reembolsable,parcial,70.1,1,0,0,0
2451,2025-09-05,2025-10-15,40,3,2,0,superior,desayuno,directo,ES,flexible,parcial,91.83,1,0,0,0
19,2025-09-05,2026-02-04,152,3,2,0,estandar,todo_incluido,web_intermediaria,UK,flexible,sin_deposito,97.15,1,0,0,1
963,2025-09-05,2026-05-30,267,5,3,1,estandar,todo_incluido,web_intermediaria,DE,flexible,parcial,62.01,2,0,0,1
459,2025-09-05,2025-11-24,80,6,2,0,estandar,todo_incluido,directo,otros,flexible,total,82.8,0,0,0,0
5322,2025-09-05,2025-11-18,74,7,4,0,estandar,todo_incluido,web_intermediaria,ES,flexible,total,65.97,1,0,0,0
3231,2025-09-05,2025-10-07,32,8,2,1,estandar,desayuno,web_intermediaria,IT,flexible,sin_deposito,78.87,2,0,0,1
3572,2025-09-06,2025-11-01,56,6,2,1,familiar,media_pension,empresa,DE,no_reembolsable,parcial,113.24,0,0,0,0
3459,2025-09-06,2025-11-18,73,8,2,0,estandar,todo_incluido,agencia,otros,no_reembolsable,total,69.3,0,0,0,0
4548,2025-09-06,2025-12-20,105,5,2,0,estandar,desayuno,web_intermediaria,DE,flexible,total,104.48,2,0,0,0
93,2025-09-06,2025-09-29,23,6,2,2,estandar,desayuno,web_intermediaria,Nordicos,flexible,sin_deposito,75.07,2,0,0,0
1024,2025-09-06,2025-11-29,84,7,1,1,familiar,desayuno,agencia,DE,flexible,sin_deposito,116.33,3,0,0,0
2826,2025-09-06,2025-10-26,50,4,2,0,suite,desayuno,agencia,otros,flexible,parcial,141.95,1,0,0,0
5538,2025-09-06,2026-02-21,168,9,4,0,superior,desayuno,directo,Nordicos,flexible,parcial,117.23,1,0,0,1
1500,2025-09-06,2025-09-29,23,5,3,0,familiar,desayuno,agencia,ES,no_reembolsable,parcial,105.52,1,0,0,0
1126,2025-09-07,2025-10-19,42,3,3,0,estandar,desayuno,directo,ES,flexible,sin_deposito,72.2,0,0,0,0
4108,2025-09-07,2025-10-31,54,7,3,0,estandar,todo_incluido,directo,Nordicos,no_reembolsable,sin_deposito,68.58,0,0,0,0
2168,2025-09-07,2025-11-07,61,12,2,0,estandar,desayuno,directo,ES,flexible,sin_deposito,71.68,0,0,0,1
5733,2025-09-07,2026-05-19,254,6,3,0,estandar,solo_alojamiento,web_intermediaria,otros,no_reembolsable,total,70.77,0,0,0,1
5453,2025-09-07,2025-11-18,72,4,3,2,estandar,todo_incluido,empresa,UK,flexible,parcial,69.82,1,0,0,0
1093,2025-09-07,2026-04-12,217,7,2,0,estandar,desayuno,web_intermediaria,Nordicos,no_reembolsable,sin_deposito,57.97,2,0,0,1
590,2025-09-07,2025-10-20,43,4,2,0,familiar,todo_incluido,directo,otros,flexible,parcial,98.31,0,0,0,0
4641,2025-09-07,2025-11-22,76,3,2,0,familiar,desayuno,directo,Nordicos,flexible,sin_deposito,103.78,0,1,1,0
4002,2025-09-07,2025-10-09,32,5,2,0,estandar,media_pension,web_intermediaria,UK,no_reembolsable,parcial,69.21,1,0,0,0
5011,2025-09-08,2026-01-25,139,3,2,0,estandar,media_pension,agencia,UK,flexible,sin_deposito,93.29,0,0,0,1
723,2025-09-08,2025-12-23,106,6,1,1,superior,solo_alojamiento,agencia,DE,flexible,total,121.31,0,1,0,0
2439,2025-09-08,2026-06-13,278,5,2,2,estandar,desayuno,web_intermediaria,IT,flexible,parcial,75.85,1,0,0,1
4785,2025-09-08,2025-10-25,47,7,2,0,estandar,media_pension,directo,ES,no_reembolsable,sin_deposito,80.26,0,0,0,0
4919,2025-09-08,2025-10-25,47,2,3,0,estandar,desayuno,directo,UK,flexible,parcial,78.03,0,0,0,1
5484,2025-09-08,2025-11-23,76,7,2,1,estandar,media_pension,web_intermediaria,Nordicos,flexible,parcial,77.6,0,0,0,1
4280,2025-09-08,2025-10-12,34,3,2,0,familiar,todo_incluido,empresa,otros,no_reembolsable,parcial,116.89,1,0,0,0
1144,2025-09-08,2025-10-19,41,9,3,2,estandar,desayuno,agencia,ES,no_reembolsable,sin_deposito,67.6,1,0,0,0
1844,2025-09-09,2025-10-20,41,4,2,0,superior,media_pension,directo,DE,flexible,sin_deposito,97.95,1,1,0,0
361,2025-09-09,2026-05-17,250,7,1,0,superior,desayuno,web_intermediaria,FR,flexible,total,94.49,1,1,2,1
5300,2025-09-09,2025-09-19,10,5,1,0,estandar,desayuno,empresa,otros,flexible,sin_deposito,61.49,0,0,0,1
2036,2025-09-09,2025-09-27,18,7,2,0,estandar,media_pension,agencia,otros,flexible,sin_deposito,71.86,1,0,0,1
3629,2025-09-09,2025-10-16,37,6,1,0,superior,todo_incluido,agencia,DE,no_reembolsable,parcial,97.51,2,0,0,0
775,2025-09-09,2025-10-23,44,3,2,0,estandar,media_pension,agencia,DE,no_reembolsable,total,54.35,0,0,0,0
4857,2025-09-09,2025-11-24,76,4,4,0,estandar,todo_incluido,web_intermediaria,UK,flexible,sin_deposito,71.65,0,0,0,1
865,2025-09-09,2025-11-27,79,10,4,0,superior,todo_incluido,web_intermediaria,UK,no_reembolsable,total,88.75,0,0,0,0
1884,2025-09-09,2025-10-09,30,3,4,0,superior,desayuno,web_intermediaria,DE,flexible,parcial,89.86,0,0,0,1
3998,2025-09-09,2026-02-09,153,10,2,1,estandar,desayuno,empresa,ES,flexible,total,82.17,1,0,0,1
1599,2025-09-09,2026-01-17,130,3,2,0,superior,todo_incluido,directo,Nordicos,flexible,parcial,127.1,0,0,0,0
1863,2025-09-10,2025-09-12,2,5,2,0,estandar,solo_alojamiento,directo,DE,no_reembolsable,sin_deposito,72.3,1,0,0,0
4057,2025-09-10,2026-02-21,164,3,2,0,superior,desayuno,web_intermediaria,FR,flexible,total,102.16,1,1,1,1
5590,2025-09-10,2025-12-25,106,4,4,0,estandar,todo_incluido,web_intermediaria,DE,no_reembolsable,sin_deposito,92.88,0,0,0,0
477,2025-09-10,2025-09-29,19,4,2,0,familiar,desayuno,empresa,NL,flexible,total,103.67,1,0,0,0
1657,2025-09-10,2025-10-30,50,6,1,0,estandar,desayuno,web_intermediaria,ES,flexible,parcial,80.0,0,0,0,1
4762,2025-09-10,2025-11-27,78,5,2,1,estandar,todo_incluido,web_intermediaria,IT,no_reembolsable,parcial,67.91,2,0,0,0
3316,2025-09-10,2026-01-14,126,6,3,1,suite,media_pension,empresa,DE,flexible,sin_deposito,192.93,1,0,0,0
2149,2025-09-10,2025-11-26,77,4,1,0,estandar,todo_incluido,web_intermediaria,otros,flexible,total,67.01,1,0,0,0
2621,2025-09-10,2025-12-17,98,7,1,1,estandar,todo_incluido,web_intermediaria,ES,no_reembolsable,sin_deposito,78.63,0,0,0,0
3156,2025-09-10,2025-11-14,65,3,1,1,familiar,media_pension,agencia,ES,flexible,parcial,90.98,1,0,0,0
3806,2025-09-11,2025-10-23,42,8,2,0,superior,media_pension,directo,DE,flexible,parcial,101.75,0,0,0,1
3334,2025-09-11,2025-11-06,56,4,2,0,familiar,media_pension,web_intermediaria,otros,flexible,sin_deposito,111.72,1,0,0,1
1163,2025-09-11,2026-04-24,225,5,2,0,familiar,desayuno,web_intermediaria,ES,flexible,sin_deposito,118.6,0,0,0,1
650,2025-09-11,2025-11-21,71,7,1,0,estandar,media_pension,web_intermediaria,Nordicos,no_reembolsable,sin_deposito,65.87,0,0,0,0
3936,2025-09-11,2025-11-21,71,3,2,3,superior,solo_alojamiento,web_intermediaria,DE,flexible,parcial,86.06,0,0,0,1
297,2025-09-12,2025-09-28,16,6,3,1,estandar,media_pension,directo,NL,flexible,total,70.57,0,0,0,0
5595,2025-09-12,2025-10-10,28,8,2,0,estandar,media_pension,directo,DE,no_reembolsable,sin_deposito,81.68,0,0,0,0
4475,2025-09-12,2025-11-04,53,2,2,0,superior,todo_incluido,directo,NL,flexible,sin_deposito,86.12,2,1,0,0
1548,2025-09-12,2025-12-01,80,4,2,0,suite,solo_alojamiento,agencia,IT,no_reembolsable,sin_deposito,158.6,0,1,0,1
1158,2025-09-12,2026-01-24,134,6,2,0,superior,solo_alojamiento,agencia,Nordicos,flexible,sin_deposito,126.8,0,1,1,1
1007,2025-09-12,2025-11-12,61,4,1,1,estandar,media_pension,agencia,NL,flexible,sin_deposito,73.49,0,0,0,0
4781,2025-09-12,2025-11-24,73,6,2,0,suite,solo_alojamiento,web_intermediaria,otros,flexible,sin_deposito,161.05,1,0,0,0
4327,2025-09-12,2025-10-11,29,5,2,3,superior,desayuno,web_intermediaria,DE,flexible,sin_deposito,95.7,0,0,0,0
856,2025-09-12,2025-10-27,45,5,1,0,estandar,media_pension,web_intermediaria,Nordicos,flexible,sin_deposito,69.68,0,0,0,1
3918,2025-09-12,2025-10-11,29,2,4,0,estandar,todo_incluido,agencia,ES,flexible,parcial,63.75,0,1,0,0
3710,2025-09-12,2025-09-28,16,9,2,0,estandar,desayuno,web_intermediaria,ES,flexible,total,62.29,1,0,0,0
4897,2025-09-12,2025-10-31,49,7,2,0,estandar,desayuno,agencia,ES,no_reembolsable,parcial,69.65,1,0,0,0
3778,2025-09-12,2025-11-05,54,5,1,2,estandar,desayuno,empresa,DE,flexible,sin_deposito,70.2,0,0,0,1
2919,2025-09-12,2026-02-23,164,4,3,2,superior,todo_incluido,web_intermediaria,otros,no_reembolsable,sin_deposito,122.27,0,0,0,1
780,2025-09-12,2025-10-02,20,5,2,0,superior,desayuno,web_intermediaria,FR,flexible,sin_deposito,100.84,0,0,0,0
1896,2025-09-13,2026-05-11,240,6,3,0,estandar,media_pension,directo,UK,flexible,sin_deposito,73.61,0,0,0,1
5401,2025-09-13,2025-12-22,100,8,1,1,familiar,desayuno,directo,NL,flexible,total,122.18,0,0,0,0
4839,2025-09-13,2025-10-14,31,5,3,0,estandar,desayuno,directo,UK,flexible,total,79.43,1,0,0,0
4319,2025-09-13,2025-11-11,59,2,3,0,estandar,todo_incluido,agencia,ES,no_reembolsable,sin_deposito,74.2,0,0,0,1
1150,2025-09-13,2025-11-12,60,4,3,2,estandar,todo_incluido,directo,otros,no_reembolsable,parcial,63.22,0,0,0,0
1856,2025-09-13,2025-10-15,32,8,2,0,suite,todo_incluido,web_intermediaria,DE,flexible,parcial,191.3,3,1,1,1
882,2025-09-13,2026-02-19,159,4,2,0,estandar,desayuno,directo,ES,flexible,sin_deposito,92.16,2,0,0,0
2319,2025-09-13,2025-09-25,12,5,2,2,estandar,solo_alojamiento,web_intermediaria,ES,flexible,sin_deposito,70.52,0,1,0,0
560,2025-09-13,2025-12-12,90,6,3,0,estandar,desayuno,web_intermediaria,Nordicos,no_reembolsable,sin_deposito,89.5,1,0,0,1
2673,2025-09-13,2026-01-04,113,5,3,0,estandar,solo_alojamiento,directo,ES,no_reembolsable,parcial,90.18,0,0,0,0
3966,2025-09-13,2025-12-21,99,5,2,0,estandar,media_pension,directo,DE,no_reembolsable,sin_deposito,79.68,0,0,0,0
3332,2025-09-13,2025-11-01,49,5,2,0,estandar,todo_incluido,directo,UK,flexible,parcial,62.45,0,0,0,1
2655,2025-09-13,2026-03-15,183,4,3,0,superior,media_pension,web_intermediaria,otros,flexible,sin_deposito,111.09,0,0,0,1
1465,2025-09-13,2025-10-19,36,2,3,0,superior,desayuno,web_intermediaria,UK,no_reembolsable,sin_deposito,92.69,1,0,0,0
1310,2025-09-14,2025-11-24,71,8,2,1,estandar,desayuno,agencia,ES,flexible,sin_deposito,63.51,0,0,0,0
2640,2025-09-14,2025-12-24,101,6,4,0,superior,desayuno,empresa,UK,flexible,sin_deposito,124.56,1,0,0,1
2512,2025-09-14,2025-12-11,88,4,2,1,estandar,desayuno,web_intermediaria,ES,no_reembolsable,sin_deposito,75.09,2,0,0,0
146,2025-09-14,2025-10-30,46,2,3,2,suite,solo_alojamiento,empresa,ES,flexible,sin_deposito,158.22,1,0,0,0
1552,2025-09-14,2025-11-12,59,9,1,3,familiar,todo_incluido,web_intermediaria,UK,flexible,sin_deposito,93.88,1,0,0,1
4184,2025-09-14,2025-12-18,95,6,1,0,estandar,solo_alojamiento,agencia,IT,no_reembolsable,sin_deposito,95.43,1,0,0,1
1314,2025-09-14,2026-01-05,113,4,2,0,estandar,media_pension,agencia,Nordicos,flexible,parcial,82.33,0,0,0,0
5181,2025-09-15,2025-11-04,50,3,3,0,estandar,media_pension,directo,ES,no_reembolsable,total,69.53,0,0,0,0
4704,2025-09-15,2025-12-25,101,2,1,3,estandar,desayuno,web_intermediaria,ES,flexible,sin_deposito,85.79,0,0,0,1
2377,2025-09-15,2026-01-13,120,5,3,1,familiar,desayuno,agencia,UK,no_reembolsable,sin_deposito,171.65,1,1,0,1
1127,2025-09-15,2025-11-26,72,4,2,2,estandar,desayuno,directo,ES,flexible,sin_deposito,66.89,0,0,0,0
2150,2025-09-15,2025-11-13,59,5,2,0,familiar,solo_alojamiento,directo,NL,flexible,sin_deposito,111.81,0,0,0,0
1401,2025-09-15,2025-09-28,13,2,2,0,superior,solo_alojamiento,web_intermediaria,ES,no_reembolsable,sin_deposito,107.06,1,0,0,0
4067,2025-09-15,2025-10-04,19,7,4,2,estandar,todo_incluido,web_intermediaria,IT,no_reembolsable,total,64.59,0,0,0,0
5997,2025-09-15,2026-01-23,130,4,4,0,superior,solo_alojamiento,agencia,UK,flexible,parcial,137.2,0,1,0,0
5836,2025-09-15,2025-10-16,31,4,2,0,estandar,media_pension,web_intermediaria,UK,no_reembolsable,sin_deposito,66.87,0,1,0,0
5364,2025-09-15,2025-10-24,39,10,2,0,superior,media_pension,agencia,UK,no_reembolsable,parcial,113.05,0,0,0,0
643,2025-09-15,2025-10-27,42,8,2,1,superior,media_pension,web_intermediaria,ES,no_reembolsable,parcial,76.37,0,0,0,0
835,2025-09-15,2025-12-20,96,6,4,0,estandar,media_pension,directo,NL,flexible,parcial,79.19,1,1,0,0
125,2025-09-16,2026-01-07,113,3,3,1,suite,solo_alojamiento,web_intermediaria,otros,no_reembolsable,sin_deposito,166.52,2,0,0,0
4971,2025-09-16,2025-10-16,30,7,2,1,suite,desayuno,web_intermediaria,DE,flexible,parcial,164.13,1,0,0,0
1347,2025-09-16,2025-12-02,77,4,1,1,superior,desayuno,web_intermediaria,ES,flexible,sin_deposito,122.19,1,1,1,1
151,2025-09-16,2026-02-01,138,4,2,0,familiar,desayuno,directo,Nordicos,flexible,parcial,132.38,0,0,0,1
4148,2025-09-16,2025-11-02,47,5,2,2,estandar,todo_incluido,directo,DE,flexible,total,69.3,2,0,0,0
1560,2025-09-16,2025-10-26,40,7,1,0,superior,solo_alojamiento,agencia,IT,no_reembolsable,sin_deposito,90.23,0,0,0,1
2672,2025-09-16,2026-02-23,160,11,2,2,familiar,desayuno,web_intermediaria,ES,flexible,parcial,115.37,0,0,0,1
3578,2025-09-17,2025-10-13,26,6,2,2,estandar,media_pension,agencia,UK,no_reembolsable,parcial,78.2,0,0,0,0
2153,2025-09-17,2025-12-29,103,2,2,0,estandar,desayuno,directo,Nordicos,no_reembolsable,sin_deposito,79.47,3,0,0,1
4312,2025-09-17,2025-10-10,23,3,1,0,estandar,desayuno,web_intermediaria,ES,flexible,total,71.49,0,0,0,1
1042,2025-09-17,2025-10-06,19,5,3,0,superior,desayuno,agencia,ES,flexible,sin_deposito,93.06,1,1,0,0
2994,2025-09-17,2026-02-28,164,6,2,0,familiar,media_pension,web_intermediaria,ES,flexible,parcial,135.63,0,0,0,0
232,2025-09-17,2025-10-21,34,8,4,0,estandar,desayuno,directo,DE,flexible,parcial,63.07,0,0,0,0
1292,2025-09-18,2025-12-12,85,3,3,0,superior,solo_alojamiento,web_intermediaria,Nordicos,no_reembolsable,sin_deposito,123.92,0,0,0,1
3379,2025-09-18,2025-12-04,77,6,2,0,superior,desayuno,web_intermediaria,otros,flexible,sin_deposito,132.08,0,0,0,1
3985,2025-09-18,2025-12-06,79,4,1,3,familiar,solo_alojamiento,web_intermediaria,UK,flexible,parcial,128.25,1,0,0,0
610,2025-09-18,2026-01-01,105,5,2,1,familiar,desayuno,web_intermediaria,DE,flexible,total,151.57,0,0,0,0
37,2025-09-18,2025-11-08,51,5,2,2,estandar,todo_incluido,agencia,DE,flexible,parcial,64.56,2,0,0,0
3339,2025-09-18,2026-01-08,112,3,2,1,familiar,desayuno,web_intermediaria,ES,flexible,parcial,125.06,0,1,1,1
6,2025-09-18,2025-12-16,89,6,2,0,superior,todo_incluido,web_intermediaria,UK,flexible,sin_deposito,112.34,0,0,0,1
3962,2025-09-19,2025-12-03,75,5,2,0,superior,desayuno,web_intermediaria,UK,flexible,sin_deposito,113.67,2,0,0,1
1247,2025-09-19,2025-11-19,61,10,2,0,estandar,todo_incluido,web_intermediaria,DE,flexible,parcial,70.29,0,0,0,1
4451,2025-09-19,2025-11-16,58,8,2,0,suite,media_pension,web_intermediaria,UK,no_reembolsable,sin_deposito,164.03,0,1,1,1
1706,2025-09-19,2026-01-14,117,5,2,1,familiar,todo_incluido,directo,DE,flexible,total,138.18,0,0,0,1
3732,2025-09-19,2025-11-22,64,4,2,0,superior,todo_incluido,web_intermediaria,UK,no_reembolsable,sin_deposito,95.08,0,0,0,1
5156,2025-09-19,2025-09-26,7,7,2,1,estandar,media_pension,web_intermediaria,ES,no_reembolsable,sin_deposito,61.65,1,1,0,0
4142,2025-09-19,2026-03-02,164,5,2,0,superior,solo_alojamiento,web_intermediaria,DE,flexible,sin_deposito,110.57,0,0,0,1
5489,2025-09-20,2025-11-18,59,7,2,0,estandar,media_pension,empresa,ES,flexible,sin_deposito,70.41,0,0,0,0
5663,2025-09-20,2026-02-05,138,5,2,1,estandar,desayuno,agencia,DE,no_reembolsable,sin_deposito,88.31,1,0,0,1
4333,2025-09-20,2025-10-01,11,6,3,0,familiar,media_pension,web_intermediaria,ES,flexible,parcial,90.85,1,0,0,0
2482,2025-09-20,2026-02-27,160,7,1,0,estandar,desayuno,web_intermediaria,UK,no_reembolsable,parcial,94.86,1,0,0,1
2332,2025-09-20,2025-12-03,74,5,3,1,estandar,desayuno,web_intermediaria,ES,flexible,sin_deposito,92.22,1,0,0,1
2098,2025-09-20,2026-08-21,335,7,2,0,estandar,solo_alojamiento,web_intermediaria,ES,flexible,parcial,90.53,1,1,0,1
5430,2025-09-20,2025-10-17,27,4,1,1,estandar,todo_incluido,web_intermediaria,UK,no_reembolsable,sin_deposito,71.31,0,0,0,0
2198,2025-09-20,2025-10-20,30,6,2,3,familiar,media_pension,web_intermediaria,ES,no_reembolsable,parcial,107.19,1,0,0,0
1735,2025-09-20,2025-10-22,32,3,2,2,superior,todo_incluido,agencia,UK,flexible,sin_deposito,96.61,1,0,0,0
4558,2025-09-20,2026-03-27,188,7,1,1,familiar,media_pension,agencia,ES,flexible,sin_deposito,133.84,0,0,0,1
668,2025-09-20,2025-12-29,100,4,2,0,suite,todo_incluido,agencia,otros,flexible,sin_deposito,165.31,0,0,0,1
3107,2025-09-20,2026-03-07,168,3,4,2,estandar,solo_alojamiento,web_intermediaria,ES,no_reembolsable,sin_deposito,87.85,0,0,0,0
1419,2025-09-20,2025-11-04,45,6,2,0,superior,todo_incluido,directo,otros,flexible,parcial,88.16,1,0,0,0
5236,2025-09-20,2025-11-07,48,3,2,0,estandar,solo_alojamiento,web_intermediaria,UK,no_reembolsable,parcial,68.49,0,1,0,0
2869,2025-09-20,2026-03-04,165,3,3,0,superior,solo_alojamiento,agencia,FR,no_reembolsable,sin_deposito,98.13,0,0,0,1
5288,2025-09-21,2025-11-06,46,7,3,0,suite,desayuno,web_intermediaria,UK,no_reembolsable,total,170.08,0,0,0,0
1486,2025-09-21,2026-01-13,114,4,2,0,superior,desayuno,web_intermediaria,ES,flexible,sin_deposito,107.05,1,1,0,1
1589,2025-09-21,2025-11-21,61,6,2,0,suite,desayuno,web_intermediaria,IT,no_reembolsable,sin_deposito,165.93,0,0,0,1
4149,2025-09-21,2026-04-03,194,8,2,0,estandar,media_pension,agencia,ES,no_reembolsable,sin_deposito,69.29,0,1,1,0
4694,2025-09-21,2025-11-18,58,5,2,2,superior,desayuno,directo,IT,flexible,sin_deposito,86.06,1,0,0,1
3264,2025-09-21,2025-10-20,29,7,2,0,superior,todo_incluido,agencia,UK,no_reembolsable,parcial,83.78,0,0,0,0
2847,2025-09-21,2025-10-16,25,5,1,1,suite,desayuno,web_intermediaria,otros,no_reembolsable,total,162.57,1,0,0,0
5187,2025-09-22,2025-10-18,26,8,2,0,superior,desayuno,agencia,ES,flexible,sin_deposito,89.85,1,0,0,1
427,2025-09-22,2025-11-12,51,7,2,2,estandar,todo_incluido,directo,Nordicos,flexible,total,66.11,0,0,0,1
1521,2025-09-22,2025-12-13,82,5,2,0,superior,solo_alojamiento,web_intermediaria,otros,no_reembolsable,parcial,128.48,0,0,0,0
2903,2025-09-22,2025-11-03,42,7,2,0,estandar,media_pension,empresa,otros,no_reembolsable,parcial,67.9,2,1,0,0
2601,2025-09-22,2025-11-07,46,7,2,0,superior,desayuno,web_intermediaria,DE,flexible,sin_deposito,95.0,1,0,0,0
1509,2025-09-22,2026-01-21,121,5,2,0,familiar,media_pension,directo,DE,no_reembolsable,total,140.41,1,0,0,0
4944,2025-09-22,2025-12-03,72,2,2,0,estandar,todo_incluido,directo,FR,no_reembolsable,parcial,84.45,0,0,0,0
829,2025-09-22,2025-10-05,13,9,2,1,estandar,desayuno,agencia,ES,no_reembolsable,sin_deposito,66.91,0,0,0,0
2906,2025-09-22,2025-12-06,75,8,2,0,superior,desayuno,web_intermediaria,UK,flexible,parcial,121.02,1,0,0,1
1280,2025-09-23,2026-02-02,132,8,1,2,superior,todo_incluido,directo,ES,flexible,parcial,113.48,0,0,0,0
3456,2025-09-23,2025-12-25,93,2,2,0,estandar,desayuno,web_intermediaria,ES,flexible,sin_deposito,89.75,0,0,0,1
3881,2025-09-23,2025-11-27,65,6,1,0,superior,desayuno,directo,UK,flexible,sin_deposito,103.18,0,0,0,1
3873,2025-09-23,2025-10-30,37,5,3,0,estandar,todo_incluido,directo,ES,flexible,sin_deposito,59.47,2,0,0,0
4749,2025-09-23,2025-11-27,65,5,2,0,estandar,desayuno,agencia,DE,no_reembolsable,parcial,63.05,0,0,0,1
1734,2025-09-23,2026-01-26,125,1,3,0,estandar,todo_incluido,web_intermediaria,otros,flexible,total,90.45,0,0,0,0
3470,2025-09-24,2025-11-12,49,4,2,0,estandar,desayuno,empresa,UK,flexible,parcial,65.14,1,0,0,1
5173,2025-09-24,2025-12-01,68,2,2,0,superior,desayuno,directo,UK,flexible,sin_deposito,101.76,3,0,0,0
1325,2025-09-24,2026-03-04,161,4,2,0,suite,todo_incluido,web_intermediaria,otros,no_reembolsable,parcial,194.56,0,0,0,0
1214,2025-09-24,2026-02-09,138,4,2,0,estandar,desayuno,web_intermediaria,DE,flexible,sin_deposito,83.41,0,1,0,1
5989,2025-09-24,2025-11-01,38,1,2,1,estandar,media_pension,web_intermediaria,Nordicos,no_reembolsable,sin_deposito,64.96,0,0,0,1
2558,2025-09-24,2026-01-26,124,6,1,0,superior,todo_incluido,web_intermediaria,FR,no_reembolsable,sin_deposito,106.12,0,0,0,0
3340,2025-09-25,2026-04-27,214,1,2,1,estandar,desayuno,web_intermediaria,IT,no_reembolsable,sin_deposito,71.66,1,0,0,0
504,2025-09-25,2025-12-06,72,2,2,0,estandar,solo_alojamiento,agencia,NL,flexible,total,95.07,1,1,1,1
2818,2025-09-25,2025-12-14,80,7,4,0,estandar,desayuno,agencia,Nordicos,flexible,parcial,86.56,0,0,0,0
4674,2025-09-25,2026-06-04,252,4,1,0,familiar,desayuno,empresa,otros,flexible,total,119.71,1,0,0,1
492,2025-09-25,2026-02-11,139,4,1,0,estandar,desayuno,web_intermediaria,otros,no_reembolsable,sin_deposito,94.42,0,0,0,1
5797,2025-09-25,2026-04-28,215,7,1,0,estandar,todo_incluido,agencia,UK,no_reembolsable,parcial,59.33,0,0,0,1
3120,2025-09-25,2026-05-19,236,7,2,0,superior,desayuno,directo,ES,flexible,total,99.3,2,0,0,0
3463,2025-09-25,2026-10-08,378,4,2,0,familiar,todo_incluido,agencia,DE,flexible,parcial,110.74,0,0,0,1
1023,2025-09-26,2025-11-17,52,8,2,0,familiar,todo_incluido,web_intermediaria,ES,flexible,total,99.32,2,0,0,0
4550,2025-09-26,2026-04-28,214,5,1,0,suite,todo_incluido,web_intermediaria,DE,flexible,parcial,160.62,1,0,0,0
4479,2025-09-26,2025-11-16,51,7,1,0,familiar,desayuno,web_intermediaria,ES,flexible,sin_deposito,100.8,3,0,0,0
5514,2025-09-26,2025-12-04,69,7,2,2,estandar,desayuno,agencia,otros,no_reembolsable,sin_deposito,94.21,1,0,0,0
4540,2025-09-26,2025-12-14,79,5,2,2,estandar,media_pension,directo,DE,no_reembolsable,parcial,88.97,0,1,0,0
5400,2025-09-27,2025-11-05,39,5,3,1,estandar,media_pension,web_intermediaria,ES,no_reembolsable,sin_deposito,68.72,0,0,0,1
2879,2025-09-27,2025-11-12,46,6,1,1,estandar,todo_incluido,empresa,UK,no_reembolsable,sin_deposito,70.43,0,0,0,0
2105,2025-09-27,2026-01-08,103,5,2,1,estandar,desayuno,agencia,ES,no_reembolsable,sin_deposito,86.32,0,0,0,1
4426,2025-09-28,2025-11-16,49,8,2,1,familiar,desayuno,web_intermediaria,IT,flexible,parcial,119.42,0,0,0,0
4609,2025-09-28,2025-11-20,53,8,2,0,superior,todo_incluido,web_intermediaria,ES,no_reembolsable,parcial,89.89,1,1,0,1
4754,2025-09-28,2025-11-30,63,8,2,1,estandar,desayuno,web_intermediaria,DE,no_reembolsable,sin_deposito,65.73,0,0,0,1
5823,2025-09-28,2026-01-02,96,3,2,2,suite,todo_incluido,agencia,DE,no_reembolsable,total,205.56,0,0,0,0
3841,2025-09-28,2026-02-20,145,3,3,0,estandar,desayuno,agencia,UK,no_reembolsable,parcial,83.79,1,0,0,0
2756,2025-09-28,2025-12-13,76,3,2,0,estandar,media_pension,web_intermediaria,UK,flexible,total,90.15,0,0,0,0
5025,2025-09-28,2026-02-11,136,4,2,0,estandar,todo_incluido,directo,DE,flexible,parcial,88.88,1,0,0,0
2797,2025-09-28,2025-12-25,88,6,3,0,estandar,todo_incluido,directo,ES,flexible,parcial,87.12,2,0,0,1
1658,2025-09-29,2026-04-23,206,7,1,0,superior,solo_alojamiento,web_intermediaria,NL,flexible,sin_deposito,106.26,1,0,0,1
4817,2025-09-29,2025-12-08,70,3,3,0,estandar,solo_alojamiento,web_intermediaria,otros,flexible,sin_deposito,93.42,4,0,0,1
2390,2025-09-29,2025-10-27,28,6,1,0,estandar,solo_alojamiento,web_intermediaria,NL,flexible,sin_deposito,60.83,1,0,0,0
5624,2025-09-29,2025-11-24,56,7,2,0,superior,desayuno,directo,Nordicos,flexible,sin_deposito,86.51,0,0,0,0
5845,2025-09-29,2026-04-08,191,4,2,0,estandar,solo_alojamiento,agencia,ES,flexible,parcial,68.16,0,0,0,0
5119,2025-09-29,2026-03-03,155,5,3,2,superior,desayuno,agencia,NL,flexible,sin_deposito,105.38,0,0,0,1
4922,2025-09-29,2025-12-30,92,3,2,1,estandar,media_pension,web_intermediaria,ES,no_reembolsable,sin_deposito,85.55,0,0,0,0
3905,2025-09-29,2025-12-18,80,3,1,0,estandar,desayuno,web_intermediaria,UK,flexible,sin_deposito,97.76,1,0,0,0
3160,2025-09-29,2025-12-13,75,8,3,0,estandar,todo_incluido,web_intermediaria,otros,no_reembolsable,parcial,92.56,0,1,0,0
921,2025-09-29,2025-10-16,17,7,2,0,estandar,desayuno,directo,ES,no_reembolsable,total,75.75,0,0,0,0
5960,2025-09-30,2025-10-22,22,7,2,0,estandar,todo_incluido,directo,DE,no_reembolsable,sin_deposito,61.23,2,0,0,1
5390,2025-09-30,2026-02-07,130,5,2,0,familiar,todo_incluido,empresa,FR,no_reembolsable,sin_deposito,128.37,0,0,0,1
396,2025-09-30,2026-01-26,118,6,2,0,estandar,media_pension,agencia,ES,flexible,parcial,86.63,1,1,0,1
1408,2025-09-30,2026-02-06,129,9,2,0,suite,media_pension,directo,otros,no_reembolsable,parcial,199.14,1,1,0,0
1245,2025-09-30,2026-04-03,185,12,2,0,estandar,media_pension,web_intermediaria,DE,no_reembolsable,parcial,74.73,2,0,0,0
1943,2025-09-30,2026-08-06,310,4,2,0,familiar,media_pension,directo,otros,flexible,sin_deposito,134.55,0,0,0,1
1898,2025-09-30,2025-11-26,57,4,2,0,estandar,desayuno,web_intermediaria,DE,flexible,parcial,66.24,0,0,0,0
558,2025-09-30,2026-02-14,137,4,2,0,suite,todo_incluido,directo,NL,no_reembolsable,sin_deposito,220.71,1,1,0,0
5900,2025-09-30,2025-12-18,79,6,2,0,superior,desayuno,web_intermediaria,ES,no_reembolsable,sin_deposito,110.91,0,0,0,0
2142,2025-09-30,2025-12-04,65,9,4,0,estandar,todo_incluido,web_intermediaria,UK,no_reembolsable,sin_deposito,93.11,1,0,0,1
2386,2025-09-30,2026-03-10,161,7,4,0,estandar,desayuno,web_intermediaria,NL,flexible,parcial,90.06,0,0,0,0
2710,2025-09-30,2025-11-20,51,5,3,0,estandar,solo_alojamiento,directo,UK,flexible,sin_deposito,63.61,0,0,0,1
5386,2025-10-01,2026-01-13,104,6,4,2,estandar,media_pension,web_intermediaria,UK,flexible,parcial,87.84,0,1,1,1
3358,2025-10-01,2026-03-17,167,6,4,0,superior,todo_incluido,agencia,DE,flexible,total,120.07,0,0,0,1
1824,2025-10-01,2025-12-25,85,6,2,0,estandar,solo_alojamiento,web_intermediaria,otros,flexible,parcial,89.05,0,0,0,1
3418,2025-10-01,2025-12-22,82,7,3,2,estandar,solo_alojamiento,web_intermediaria,UK,flexible,sin_deposito,92.43,0,0,0,1
4472,2025-10-01,2026-01-01,92,5,2,0,familiar,todo_incluido,web_intermediaria,otros,no_reembolsable,sin_deposito,138.74,0,0,0,0
781,2025-10-02,2025-10-09,7,8,2,0,familiar,desayuno,directo,DE,flexible,sin_deposito,103.96,0,0,0,1
5837,2025-10-02,2026-04-23,203,8,2,0,familiar,todo_incluido,web_intermediaria,ES,flexible,sin_deposito,94.72,0,0,0,1
2227,2025-10-02,2025-12-17,76,5,3,0,estandar,todo_incluido,agencia,ES,flexible,sin_deposito,71.99,0,1,0,0
5242,2025-10-02,2025-12-06,65,6,4,1,familiar,media_pension,web_intermediaria,ES,flexible,sin_deposito,159.59,2,0,0,1
2001,2025-10-03,2025-11-12,40,10,3,0,estandar,desayuno,directo,,flexible,sin_deposito,65.43,0,0,0,1
812,2025-10-03,2026-01-09,98,5,2,0,estandar,media_pension,web_intermediaria,UK,flexible,sin_deposito,98.06,0,0,0,1
5647,2025-10-03,2025-10-25,22,5,2,0,familiar,desayuno,web_intermediaria,ES,flexible,sin_deposito,100.32,0,1,0,1
4865,2025-10-03,2026-07-01,271,3,2,2,superior,media_pension,web_intermediaria,UK,flexible,sin_deposito,102.95,0,1,0,1
1893,2025-10-03,2025-11-18,46,6,2,0,estandar,media_pension,web_intermediaria,NL,no_reembolsable,sin_deposito,66.15,1,0,0,1
1201,2025-10-03,2026-01-21,110,9,2,0,estandar,todo_incluido,directo,ES,flexible,sin_deposito,96.14,1,0,0,0
2304,2025-10-03,2026-02-01,121,3,2,0,estandar,media_pension,agencia,otros,no_reembolsable,parcial,92.43,2,0,0,0
2678,2025-10-03,2026-02-23,143,4,2,0,estandar,todo_incluido,web_intermediaria,FR,flexible,sin_deposito,92.0,1,1,0,1
2652,2025-10-03,2025-10-19,16,9,3,1,estandar,desayuno,web_intermediaria,NL,no_reembolsable,sin_deposito,66.86,0,0,0,1
4330,2025-10-03,2025-11-28,56,7,2,0,familiar,desayuno,web_intermediaria,ES,flexible,sin_deposito,109.56,1,1,1,1
1716,2025-10-03,2025-12-19,77,7,2,2,familiar,media_pension,web_intermediaria,Nordicos,flexible,sin_deposito,142.83,1,1,0,1
1634,2025-10-04,2026-02-17,136,4,2,0,estandar,solo_alojamiento,web_intermediaria,Nordicos,no_reembolsable,parcial,86.88,0,0,0,1
1713,2025-10-04,2026-02-13,132,6,2,2,familiar,todo_incluido,agencia,DE,flexible,parcial,140.75,0,0,0,1
5021,2025-10-04,2025-12-12,69,7,2,3,familiar,todo_incluido,agencia,ES,no_reembolsable,parcial,121.52,0,0,0,0
1371,2025-10-04,2026-01-07,95,7,2,0,estandar,media_pension,web_intermediaria,IT,flexible,sin_deposito,101.73,0,0,0,1
2651,2025-10-04,2025-12-30,87,5,3,0,estandar,media_pension,directo,DE,no_reembolsable,parcial,89.57,1,0,0,1
5751,2025-10-04,2026-03-02,149,4,1,1,estandar,todo_incluido,web_intermediaria,,flexible,total,87.34,1,0,0,0
3581,2025-10-05,2026-01-03,90,6,2,2,estandar,desayuno,web_intermediaria,ES,flexible,sin_deposito,87.16,0,0,0,0
5510,2025-10-05,2025-11-27,53,4,2,0,familiar,todo_incluido,web_intermediaria,UK,flexible,sin_deposito,113.6,0,0,0,1
5868,2025-10-05,2026-05-11,218,4,2,0,estandar,desayuno,agencia,UK,flexible,parcial,72.44,0,1,1,1
3579,2025-10-05,2026-01-16,103,4,2,1,suite,media_pension,empresa,ES,no_reembolsable,total,195.36,0,0,0,0
3548,2025-10-05,2025-12-27,83,7,2,0,estandar,todo_incluido,web_intermediaria,Nordicos,no_reembolsable,parcial,86.76,0,0,0,1
517,2025-10-05,2025-11-16,42,4,2,0,estandar,solo_alojamiento,agencia,DE,no_reembolsable,total,69.24,0,0,0,1
4139,2025-10-05,2025-12-02,58,5,2,0,estandar,todo_incluido,empresa,FR,no_reembolsable,sin_deposito,91.36,0,0,0,0
5292,2025-10-05,2025-12-28,84,9,2,0,estandar,todo_incluido,agencia,UK,flexible,sin_deposito,71.76,0,0,0,0
2701,2025-10-05,2025-12-25,81,7,2,1,estandar,desayuno,agencia,DE,no_reembolsable,sin_deposito,79.71,0,0,0,0
1141,2025-10-05,2025-10-26,21,7,1,0,superior,desayuno,web_intermediaria,UK,no_reembolsable,parcial,99.52,0,0,0,1
1792,2025-10-05,2025-10-31,26,9,1,1,estandar,media_pension,agencia,UK,flexible,sin_deposito,66.26,0,0,0,0
3428,2025-10-06,2025-10-25,19,3,2,0,familiar,todo_incluido,web_intermediaria,ES,flexible,total,98.96,0,0,0,0
3239,2025-10-06,2025-11-22,47,3,1,3,superior,desayuno,empresa,UK,no_reembolsable,sin_deposito,84.46,1,1,0,1
3046,2025-10-06,2026-01-18,104,4,2,0,estandar,media_pension,web_intermediaria,UK,flexible,parcial,80.32,0,1,0,1
5783,2025-10-07,2025-11-10,34,7,3,2,familiar,media_pension,web_intermediaria,DE,flexible,parcial,108.67,0,0,0,0
1815,2025-10-07,2026-03-31,175,7,1,0,superior,media_pension,directo,DE,no_reembolsable,sin_deposito,119.2,1,0,0,1
2757,2025-10-07,2026-01-16,101,6,1,2,superior,desayuno,web_intermediaria,ES,flexible,sin_deposito,133.93,0,0,0,1
4990,2025-10-07,2025-11-19,43,7,3,0,estandar,desayuno,web_intermediaria,ES,flexible,parcial,59.16,0,0,0,0
904,2025-10-07,2025-12-01,55,7,2,0,estandar,desayuno,directo,UK,no_reembolsable,sin_deposito,86.82,0,1,0,1
2240,2025-10-07,2026-01-02,87,3,2,2,estandar,todo_incluido,agencia,DE,no_reembolsable,total,82.19,0,0,0,1
5693,2025-10-08,2025-12-14,67,4,2,0,superior,solo_alojamiento,directo,NL,flexible,sin_deposito,120.27,0,0,0,1
3474,2025-10-08,2025-12-03,56,2,4,1,familiar,todo_incluido,web_intermediaria,ES,flexible,total,125.62,0,0,0,1
375,2025-10-08,2026-01-08,92,5,2,0,familiar,todo_incluido,web_intermediaria,UK,flexible,parcial,146.75,0,0,0,0
4012,2025-10-08,2026-02-06,121,3,2,0,superior,todo_incluido,agencia,UK,flexible,parcial,120.52,0,0,0,1
5091,2025-10-09,2025-11-19,41,4,2,0,estandar,todo_incluido,web_intermediaria,DE,no_reembolsable,parcial,77.4,1,0,0,0
5546,2025-10-09,2025-12-09,61,11,4,1,superior,todo_incluido,agencia,DE,flexible,parcial,120.1,0,0,0,1
4728,2025-10-09,2026-06-03,237,2,2,2,superior,solo_alojamiento,agencia,IT,flexible,sin_deposito,102.2,0,0,0,1
1375,2025-10-09,2025-12-06,58,5,3,0,estandar,desayuno,agencia,NL,no_reembolsable,sin_deposito,92.07,1,0,0,0
1004,2025-10-09,2026-01-08,91,6,2,1,familiar,media_pension,empresa,IT,flexible,parcial,150.63,0,0,0,0
2091,2025-10-09,2026-01-02,85,2,2,0,superior,todo_incluido,web_intermediaria,DE,flexible,parcial,118.64,2,0,0,0
5222,2025-10-09,2026-02-18,132,7,2,1,familiar,media_pension,agencia,UK,flexible,parcial,136.51,1,0,0,0
1324,2025-10-09,2025-10-25,16,10,2,0,estandar,solo_alojamiento,web_intermediaria,ES,flexible,total,69.79,0,1,0,0
1752,2025-10-09,2026-02-26,140,3,2,0,superior,desayuno,agencia,ES,flexible,parcial,121.29,1,1,0,1
4713,2025-10-09,2025-12-17,69,11,1,3,estandar,todo_incluido,directo,UK,flexible,parcial,92.23,0,0,0,0
35,2025-10-10,2026-02-09,122,6,2,1,estandar,todo_incluido,agencia,ES,no_reembolsable,total,77.66,0,0,0,1
2498,2025-10-10,2026-01-13,95,8,2,0,familiar,todo_incluido,web_intermediaria,Nordicos,flexible,sin_deposito,149.57,2,0,0,1
4469,2025-10-10,2025-12-03,54,3,2,0,suite,desayuno,directo,ES,flexible,total,204.66,0,0,0,0
4574,2025-10-10,2026-01-02,84,4,2,2,estandar,desayuno,web_intermediaria,DE,flexible,parcial,85.71,1,0,0,1
3506,2025-10-10,2026-01-21,103,3,3,1,familiar,solo_alojamiento,web_intermediaria,IT,no_reembolsable,parcial,140.15,0,0,0,1
1912,2025-10-10,2026-02-26,139,6,1,1,estandar,desayuno,web_intermediaria,FR,no_reembolsable,sin_deposito,82.69,0,0,0,1
4701,2025-10-10,2025-11-22,43,9,2,3,superior,todo_incluido,empresa,,flexible,sin_deposito,82.44,1,1,1,0
5266,2025-10-10,2026-01-23,105,5,3,0,estandar,solo_alojamiento,web_intermediaria,NL,no_reembolsable,parcial,95.8,1,0,0,1
3162,2025-10-11,2025-10-25,14,4,1,2,superior,desayuno,directo,ES,flexible,sin_deposito,84.23,0,1,0,0
1606,2025-10-11,2026-05-19,220,8,2,0,familiar,solo_alojamiento,web_intermediaria,UK,no_reembolsable,total,105.62,1,0,0,1
565,2025-10-11,2025-12-13,63,6,2,3,estandar,desayuno,directo,ES,no_reembolsable,sin_deposito,88.91,0,0,0,0
2452,2025-10-11,2025-12-26,76,2,4,1,familiar,todo_incluido,directo,UK,no_reembolsable,parcial,140.62,0,0,0,0
1692,2025-10-11,2026-05-30,231,4,2,0,estandar,media_pension,directo,UK,no_reembolsable,sin_deposito,73.04,2,0,0,0
4717,2025-10-11,2025-12-21,71,5,2,3,estandar,media_pension,directo,ES,flexible,parcial,90.77,0,0,0,1
3126,2025-10-11,2026-07-12,274,6,1,0,superior,todo_incluido,directo,ES,no_reembolsable,sin_deposito,112.41,0,0,0,1
362,2025-10-12,2025-12-26,75,6,3,0,estandar,todo_incluido,web_intermediaria,,flexible,parcial,98.55,0,0,0,0
358,2025-10-12,2026-01-11,91,6,2,1,familiar,desayuno,web_intermediaria,ES,flexible,sin_deposito,145.56,0,0,0,0
5743,2025-10-12,2026-05-07,207,5,2,0,estandar,media_pension,directo,ES,no_reembolsable,total,62.85,0,0,0,0
1389,2025-10-12,2026-02-04,115,2,3,2,estandar,media_pension,web_intermediaria,FR,flexible,sin_deposito,98.67,0,0,0,1
48,2025-10-13,2026-01-13,92,8,2,0,estandar,desayuno,directo,FR,no_reembolsable,parcial,83.76,1,0,0,0
4808,2025-10-13,2026-03-10,148,7,2,1,superior,todo_incluido,directo,UK,no_reembolsable,total,120.38,1,0,0,0
4863,2025-10-13,2025-12-22,70,8,2,0,suite,desayuno,web_intermediaria,FR,flexible,total,196.49,1,0,0,0
5414,2025-10-13,2026-03-22,160,6,2,0,suite,desayuno,directo,ES,no_reembolsable,sin_deposito,223.3,1,0,0,0
3795,2025-10-13,2025-12-07,55,9,2,2,estandar,desayuno,agencia,UK,no_reembolsable,parcial,80.83,2,0,0,0
5184,2025-10-13,2026-03-30,168,7,4,0,suite,todo_incluido,web_intermediaria,NL,no_reembolsable,total,202.59,1,0,0,1
3820,2025-10-13,2026-03-19,157,7,3,0,estandar,desayuno,agencia,FR,no_reembolsable,sin_deposito,92.39,0,0,0,0
2042,2025-10-13,2025-11-27,45,6,2,0,estandar,solo_alojamiento,web_intermediaria,UK,flexible,sin_deposito,69.66,1,0,0,1
2300,2025-10-13,2026-05-12,211,6,1,0,familiar,solo_alojamiento,web_intermediaria,UK,no_reembolsable,sin_deposito,102.3,0,1,0,1
389,2025-10-13,2026-01-01,80,5,2,0,suite,desayuno,web_intermediaria,UK,no_reembolsable,total,218.58,1,1,1,0
2471,2025-10-13,2026-02-21,131,8,2,0,estandar,todo_incluido,directo,otros,no_reembolsable,parcial,82.5,1,0,0,1
5460,2025-10-13,2026-02-01,111,1,2,1,estandar,media_pension,agencia,UK,flexible,parcial,74.48,0,0,0,1
364,2025-10-14,2026-01-17,95,4,3,2,estandar,desayuno,directo,otros,flexible,parcial,76.81,1,0,0,1
2446,2025-10-14,2026-03-12,149,8,1,0,superior,desayuno,empresa,ES,no_reembolsable,total,111.71,1,1,1,0
2061,2025-10-14,2025-12-30,77,6,1,0,estandar,desayuno,web_intermediaria,ES,no_reembolsable,sin_deposito,70.99,0,0,0,1
579,2025-10-14,2026-01-25,103,7,2,0,estandar,desayuno,web_intermediaria,otros,flexible,sin_deposito,86.12,1,0,0,1
4334,2025-10-14,2026-01-06,84,5,1,2,superior,desayuno,directo,DE,no_reembolsable,parcial,120.22,0,1,0,0
3030,2025-10-15,2026-07-21,279,3,1,0,estandar,desayuno,web_intermediaria,UK,no_reembolsable,sin_deposito,78.93,1,0,0,1
4406,2025-10-15,2026-04-29,196,9,2,0,superior,media_pension,agencia,ES,flexible,parcial,92.54,0,0,0,1
5334,2025-10-15,2025-12-02,48,8,2,2,superior,todo_incluido,web_intermediaria,ES,flexible,sin_deposito,103.34,1,0,0,1
1304,2025-10-15,2025-12-27,73,7,1,0,estandar,desayuno,agencia,DE,flexible,sin_deposito,76.79,0,1,1,0
4282,2025-10-15,2025-11-20,36,5,2,0,estandar,solo_alojamiento,directo,NL,flexible,sin_deposito,68.63,0,0,0,1
1557,2025-10-16,2026-02-23,130,6,2,0,superior,desayuno,empresa,DE,no_reembolsable,total,129.18,1,1,2,0
828,2025-10-16,2026-02-01,108,4,2,1,superior,desayuno,web_intermediaria,DE,no_reembolsable,parcial,133.5,0,0,0,0
2978,2025-10-16,2026-02-04,111,6,1,1,estandar,desayuno,web_intermediaria,otros,flexible,total,88.91,2,1,0,1
4565,2025-10-16,2026-07-15,272,5,2,1,estandar,desayuno,agencia,ES,no_reembolsable,parcial,84.38,0,0,0,1
304,2025-10-16,2025-12-21,66,4,1,0,estandar,desayuno,agencia,UK,no_reembolsable,sin_deposito,90.89,0,0,0,1
1878,2025-10-16,2025-11-09,24,2,2,1,familiar,desayuno,agencia,UK,no_reembolsable,sin_deposito,115.12,2,0,0,0
1384,2025-10-16,2025-12-15,60,2,4,0,estandar,desayuno,agencia,UK,flexible,parcial,74.63,0,0,0,0
4450,2025-10-17,2026-03-04,138,8,3,3,suite,media_pension,directo,Nordicos,flexible,sin_deposito,205.14,0,0,0,1
4433,2025-10-17,2026-02-25,131,4,1,1,suite,media_pension,directo,FR,flexible,parcial,187.66,0,0,0,0
740,2025-10-17,2026-04-07,172,1,2,0,superior,media_pension,web_intermediaria,NL,no_reembolsable,sin_deposito,89.12,3,0,0,0
1471,2025-10-17,2025-12-01,45,9,1,0,estandar,todo_incluido,directo,otros,no_reembolsable,sin_deposito,89.06,1,0,0,0
3831,2025-10-17,2025-11-22,36,6,2,1,estandar,desayuno,web_intermediaria,UK,flexible,parcial,67.72,0,1,2,0
4620,2025-10-17,2025-11-15,29,5,2,1,familiar,media_pension,web_intermediaria,UK,flexible,sin_deposito,124.89,0,0,0,0
95,2025-10-17,2026-02-05,111,6,1,3,estandar,solo_alojamiento,agencia,UK,no_reembolsable,parcial,86.25,0,0,0,0
3243,2025-10-17,2026-02-15,121,7,2,0,superior,solo_alojamiento,web_intermediaria,ES,flexible,sin_deposito,124.57,0,0,0,1
1632,2025-10-17,2026-02-04,110,2,2,0,estandar,media_pension,agencia,,no_reembolsable,parcial,101.02,1,1,1,0
5461,2025-10-18,2026-01-04,78,8,2,0,estandar,todo_incluido,web_intermediaria,UK,flexible,total,87.5,0,0,0,0
4933,2025-10-18,2026-01-11,85,4,2,0,estandar,desayuno,directo,UK,no_reembolsable,sin_deposito,77.58,3,1,1,0
4597,2025-10-18,2025-11-19,32,8,2,1,estandar,solo_alojamiento,web_intermediaria,DE,flexible,sin_deposito,65.96,0,0,0,1
2838,2025-10-18,2026-01-14,88,4,4,2,estandar,desayuno,web_intermediaria,UK,flexible,sin_deposito,93.69,1,0,0,0
179,2025-10-19,2025-11-18,30,4,3,0,estandar,todo_incluido,agencia,ES,no_reembolsable,sin_deposito,66.41,0,0,0,0
5249,2025-10-19,2026-01-22,95,4,2,2,estandar,todo_incluido,agencia,UK,flexible,sin_deposito,92.07,1,1,0,0
4981,2025-10-19,2025-12-28,70,3,4,0,estandar,media_pension,empresa,otros,flexible,sin_deposito,92.06,1,0,0,1
4850,2025-10-19,2026-03-20,152,7,2,0,estandar,media_pension,web_intermediaria,ES,flexible,parcial,86.25,0,0,0,1
4190,2025-10-19,2025-12-07,49,8,2,0,superior,desayuno,empresa,UK,no_reembolsable,sin_deposito,121.82,1,1,2,1
3109,2025-10-19,2025-12-10,52,7,1,0,estandar,solo_alojamiento,agencia,otros,no_reembolsable,sin_deposito,82.36,1,1,1,0
220,2025-10-20,2025-11-07,18,3,3,2,estandar,media_pension,directo,ES,no_reembolsable,sin_deposito,69.98,1,0,0,0
5056,2025-10-20,2025-11-04,15,3,1,2,estandar,todo_incluido,web_intermediaria,DE,flexible,parcial,84.07,0,0,0,0
1428,2025-10-20,2025-12-19,60,5,3,0,superior,desayuno,web_intermediaria,otros,flexible,parcial,109.2,0,0,0,1
592,2025-10-20,2026-02-24,127,4,2,3,superior,todo_incluido,directo,UK,flexible,parcial,125.93,0,0,0,0
1315,2025-10-20,2025-12-24,65,5,2,2,familiar,todo_incluido,directo,ES,flexible,total,153.17,1,0,0,0
5240,2025-10-20,2026-01-01,73,4,2,0,superior,media_pension,empresa,UK,no_reembolsable,sin_deposito,121.73,1,1,1,0
2939,2025-10-20,2025-12-12,53,5,4,1,estandar,todo_incluido,directo,FR,flexible,parcial,85.96,2,1,0,0
1826,2025-10-20,2026-03-05,136,7,2,0,estandar,desayuno,web_intermediaria,UK,no_reembolsable,parcial,101.78,0,0,0,1
1206,2025-10-21,2026-01-24,95,6,3,0,estandar,desayuno,web_intermediaria,ES,no_reembolsable,parcial,87.28,1,0,0,0
1037,2025-10-21,2025-12-01,41,8,4,0,superior,desayuno,web_intermediaria,ES,no_reembolsable,sin_deposito,127.21,1,1,2,1
3826,2025-10-21,2025-12-22,62,5,3,0,estandar,solo_alojamiento,web_intermediaria,UK,no_reembolsable,sin_deposito,99.12,0,0,0,1
5619,2025-10-21,2025-12-13,53,11,1,0,superior,todo_incluido,agencia,ES,flexible,sin_deposito,138.4,0,0,0,1
1732,2025-10-21,2025-12-21,61,4,2,0,estandar,solo_alojamiento,directo,Nordicos,no_reembolsable,sin_deposito,88.53,0,0,0,0
2778,2025-10-21,2025-12-18,58,4,1,0,superior,media_pension,directo,DE,no_reembolsable,sin_deposito,109.15,0,0,0,0
4081,2025-10-21,2025-11-29,39,4,2,0,estandar,desayuno,directo,UK,flexible,sin_deposito,72.38,0,0,0,1
3518,2025-10-21,2026-01-30,101,8,4,0,superior,todo_incluido,web_intermediaria,UK,flexible,parcial,125.08,0,0,0,1
2989,2025-10-21,2025-11-15,25,7,2,2,estandar,todo_incluido,directo,UK,flexible,total,61.93,0,0,0,0
67,2025-10-23,2026-02-03,103,6,3,0,superior,todo_incluido,directo,Nordicos,no_reembolsable,parcial,119.48,0,0,0,0
4207,2025-10-23,2025-11-12,20,1,2,0,superior,todo_incluido,web_intermediaria,ES,flexible,sin_deposito,93.86,1,0,0,1
5513,2025-10-23,2026-03-18,146,7,2,0,superior,desayuno,web_intermediaria,ES,no_reembolsable,parcial,128.36,0,1,0,0
345,2025-10-23,2026-07-14,264,8,4,0,suite,desayuno,web_intermediaria,ES,flexible,sin_deposito,215.69,2,0,0,1
2287,2025-10-23,2025-11-09,17,3,3,0,superior,solo_alojamiento,web_intermediaria,DE,flexible,parcial,97.18,0,0,0,0
3750,2025-10-23,2025-11-24,32,7,3,1,estandar,todo_incluido,directo,NL,no_reembolsable,sin_deposito,67.78,1,0,0,0
3910,2025-10-23,2026-04-02,161,7,1,0,estandar,desayuno,directo,ES,no_reembolsable,sin_deposito,73.35,0,0,0,1
3704,2025-10-23,2026-01-16,85,9,1,2,familiar,desayuno,agencia,NL,flexible,parcial,134.35,1,0,0,0
3298,2025-10-24,2025-12-25,62,6,2,0,estandar,todo_incluido,web_intermediaria,ES,no_reembolsable,total,97.27,0,0,0,0
2068,2025-10-24,2025-10-29,5,5,2,0,estandar,media_pension,directo,ES,flexible,sin_deposito,67.29,1,0,0,0
1108,2025-10-24,2025-11-07,14,5,1,0,estandar,desayuno,web_intermediaria,UK,flexible,sin_deposito,68.08,2,0,0,0
1287,2025-10-24,2026-02-26,125,4,3,0,estandar,solo_alojamiento,agencia,UK,no_reembolsable,sin_deposito,95.86,0,0,0,1
5071,2025-10-25,2026-02-12,110,6,2,0,suite,todo_incluido,agencia,ES,no_reembolsable,sin_deposito,179.1,1,0,0,0
843,2025-10-25,2025-12-07,43,5,2,0,estandar,todo_incluido,web_intermediaria,ES,no_reembolsable,sin_deposito,75.74,0,0,0,1
1569,2025-10-25,2026-02-21,119,3,2,0,estandar,media_pension,web_intermediaria,ES,flexible,sin_deposito,82.61,1,0,0,1
5243,2025-10-25,2026-01-16,83,5,1,0,superior,desayuno,agencia,ES,no_reembolsable,sin_deposito,112.51,2,1,0,0
4823,2025-10-25,2026-01-13,80,5,2,0,estandar,todo_incluido,web_intermediaria,DE,flexible,sin_deposito,80.03,0,0,0,1
202,2025-10-25,2026-02-09,107,5,1,0,familiar,desayuno,web_intermediaria,ES,no_reembolsable,total,134.91,2,1,0,0
1390,2025-10-25,2025-11-25,31,5,2,1,suite,desayuno,web_intermediaria,otros,no_reembolsable,sin_deposito,172.87,1,0,0,0
3128,2025-10-25,2025-12-13,49,5,2,2,suite,desayuno,directo,UK,flexible,sin_deposito,190.54,0,0,0,1
1154,2025-10-25,2025-12-26,62,4,2,0,estandar,solo_alojamiento,directo,FR,no_reembolsable,total,89.8,0,0,0,0
3590,2025-10-26,2026-01-27,93,7,2,2,familiar,desayuno,agencia,ES,flexible,sin_deposito,134.42,1,0,0,1
2114,2025-10-26,2026-01-19,85,5,4,2,estandar,desayuno,agencia,,flexible,sin_deposito,85.94,3,0,0,1
3095,2025-10-26,2025-12-30,65,5,2,1,estandar,solo_alojamiento,web_intermediaria,ES,flexible,sin_deposito,88.55,0,1,0,1
840,2025-10-26,2026-04-22,178,8,4,0,suite,desayuno,web_intermediaria,,flexible,sin_deposito,159.38,0,0,0,1
2693,2025-10-26,2025-12-11,46,7,2,0,familiar,todo_incluido,web_intermediaria,ES,flexible,parcial,152.72,0,0,0,1
4514,2025-10-26,2025-11-13,18,6,3,2,familiar,media_pension,web_intermediaria,ES,no_reembolsable,sin_deposito,110.83,1,0,0,0
4515,2025-10-27,2025-12-10,44,6,2,0,superior,solo_alojamiento,web_intermediaria,UK,flexible,parcial,95.71,0,0,0,0
5311,2025-10-27,2026-03-20,144,4,2,0,estandar,todo_incluido,directo,DE,flexible,total,98.23,0,0,0,0
2785,2025-10-27,2026-01-07,72,5,2,1,familiar,solo_alojamiento,empresa,UK,no_reembolsable,sin_deposito,141.32,0,0,0,1
5925,2025-10-27,2025-12-27,61,4,3,0,estandar,solo_alojamiento,agencia,ES,flexible,total,82.16,1,0,0,0
5050,2025-10-27,2026-08-22,299,4,3,2,estandar,desayuno,web_intermediaria,UK,flexible,parcial,83.92,2,0,0,1
4153,2025-10-27,2025-11-27,31,7,3,0,estandar,desayuno,web_intermediaria,FR,no_reembolsable,sin_deposito,71.1,0,0,0,1
5054,2025-10-28,2026-05-02,186,6,2,1,estandar,desayuno,web_intermediaria,UK,no_reembolsable,parcial,73.12,1,0,0,0
2101,2025-10-28,2026-03-12,135,6,2,2,estandar,desayuno,web_intermediaria,UK,flexible,sin_deposito,84.08,0,0,0,1
5908,2025-10-28,2026-03-22,145,6,3,0,superior,todo_incluido,directo,UK,no_reembolsable,parcial,120.45,1,0,0,0
5865,2025-10-28,2026-05-05,189,3,4,0,familiar,media_pension,web_intermediaria,ES,flexible,parcial,118.61,0,0,0,1
3202,2025-10-28,2026-02-06,101,9,3,0,suite,desayuno,web_intermediaria,DE,flexible,sin_deposito,201.07,0,0,0,0
5192,2025-10-28,2026-01-21,85,6,1,0,estandar,solo_alojamiento,web_intermediaria,ES,flexible,parcial,92.54,1,0,0,0
2633,2025-10-28,2026-03-18,141,8,4,0,estandar,desayuno,web_intermediaria,DE,flexible,sin_deposito,83.1,1,0,0,1
4249,2025-10-28,2025-12-28,61,7,2,0,familiar,todo_incluido,directo,UK,no_reembolsable,sin_deposito,151.99,1,0,0,0
5325,2025-10-28,2025-12-18,51,5,4,0,estandar,todo_incluido,web_intermediaria,ES,no_reembolsable,parcial,98.19,1,0,0,1
1708,2025-10-28,2026-02-03,98,6,3,2,estandar,desayuno,web_intermediaria,ES,flexible,parcial,83.58,0,0,0,1
2894,2025-10-28,2025-11-04,7,4,3,0,superior,media_pension,web_intermediaria,ES,no_reembolsable,parcial,95.89,0,0,0,1
3384,2025-10-28,2026-01-24,88,6,2,0,estandar,desayuno,directo,UK,no_reembolsable,parcial,77.96,2,0,0,1
2164,2025-10-28,2026-02-11,106,5,4,0,superior,desayuno,directo,NL,flexible,sin_deposito,108.8,0,1,1,0
5987,2025-10-29,2026-02-14,108,5,1,2,superior,todo_incluido,web_intermediaria,ES,no_reembolsable,parcial,108.22,1,0,0,1
5239,2025-10-29,2026-05-27,210,11,2,0,estandar,todo_incluido,web_intermediaria,otros,flexible,parcial,70.6,0,0,0,1
5877,2025-10-29,2025-12-17,49,2,2,0,estandar,todo_incluido,directo,ES,flexible,sin_deposito,86.6,1,0,0,1
943,2025-10-29,2026-01-11,74,9,4,0,estandar,todo_incluido,web_intermediaria,Nordicos,no_reembolsable,sin_deposito,89.36,2,0,0,1
5920,2025-10-29,2025-12-22,54,5,2,0,estandar,desayuno,web_intermediaria,UK,flexible,sin_deposito,88.95,0,1,1,1
5037,2025-10-29,2025-12-14,46,7,2,0,estandar,desayuno,directo,IT,flexible,sin_deposito,95.5,0,0,0,1
2113,2025-10-29,2026-03-08,130,8,2,1,estandar,media_pension,agencia,UK,no_reembolsable,sin_deposito,102.05,0,0,0,1
1507,2025-10-29,2026-01-27,90,2,4,0,estandar,todo_incluido,directo,DE,no_reembolsable,parcial,103.88,1,0,0,0
529,2025-10-30,2025-12-12,43,6,2,1,familiar,desayuno,directo,UK,flexible,parcial,154.82,0,0,0,0
1951,2025-10-30,2026-05-05,187,4,3,2,suite,media_pension,directo,Nordicos,no_reembolsable,parcial,156.32,0,0,0,1
2796,2025-10-30,2026-01-19,81,7,2,2,estandar,todo_incluido,web_intermediaria,ES,no_reembolsable,sin_deposito,81.4,1,0,0,1
642,2025-10-30,2026-12-04,400,4,2,3,superior,desayuno,directo,IT,flexible,sin_deposito,118.34,0,0,0,1
324,2025-10-30,2026-01-09,71,5,3,0,estandar,todo_incluido,directo,NL,flexible,parcial,88.85,1,0,0,1
1354,2025-10-30,2025-11-08,9,7,2,2,estandar,todo_incluido,directo,ES,no_reembolsable,sin_deposito,77.32,2,0,0,0
2305,2025-10-30,2026-01-23,85,3,4,0,superior,todo_incluido,web_intermediaria,UK,flexible,sin_deposito,104.36,0,0,0,1
2531,2025-10-30,2026-04-12,164,7,2,0,superior,desayuno,web_intermediaria,otros,no_reembolsable,total,93.97,2,0,0,0
4335,2025-10-31,2026-07-11,253,7,2,0,familiar,desayuno,web_intermediaria,UK,no_reembolsable,sin_deposito,147.58,1,0,0,1
1170,2025-10-31,2025-11-17,17,2,2,2,superior,desayuno,web_intermediaria,otros,no_reembolsable,sin_deposito,97.49,2,0,0,0
3330,2025-10-31,2026-01-14,75,3,2,0,familiar,todo_incluido,web_intermediaria,DE,flexible,parcial,128.95,1,0,0,1
1948,2025-10-31,2026-03-22,142,6,2,2,estandar,media_pension,web_intermediaria,ES,no_reembolsable,parcial,87.7,1,0,0,0
153,2025-10-31,2026-03-07,127,9,4,0,estandar,desayuno,empresa,UK,flexible,sin_deposito,78.68,1,0,0,1
4959,2025-11-01,2026-01-05,65,3,2,2,estandar,desayuno,web_intermediaria,ES,no_reembolsable,parcial,85.92,0,0,0,0
4731,2025-11-01,2026-05-23,203,8,3,0,estandar,todo_incluido,web_intermediaria,ES,no_reembolsable,parcial,70.05,0,0,0,1
1103,2025-11-01,2025-12-19,48,6,3,1,suite,todo_incluido,agencia,UK,no_reembolsable,parcial,169.66,0,1,1,1
804,2025-11-01,2026-02-01,92,5,2,2,estandar,solo_alojamiento,directo,otros,no_reembolsable,total,86.2,3,0,0,0
1530,2025-11-01,2026-01-06,66,6,2,0,estandar,todo_incluido,directo,UK,no_reembolsable,sin_deposito,90.09,0,0,0,0
3445,2025-11-01,2025-11-26,25,6,2,0,superior,todo_incluido,agencia,Nordicos,flexible,parcial,101.97,0,0,0,0
2383,2025-11-01,2026-04-02,152,5,2,2,estandar,desayuno,directo,UK,flexible,sin_deposito,66.71,1,0,0,1
5524,2025-11-01,2026-02-20,111,6,2,0,superior,todo_incluido,agencia,ES,flexible,parcial,127.89,0,0,0,1
669,2025-11-01,2026-02-09,100,5,2,2,familiar,media_pension,web_intermediaria,UK,flexible,total,134.93,0,0,0,0
1564,2025-11-01,2026-01-02,62,7,2,2,familiar,todo_incluido,web_intermediaria,ES,flexible,sin_deposito,134.16,0,0,0,0
4829,2025-11-01,2026-01-03,63,7,3,2,superior,todo_incluido,directo,ES,flexible,sin_deposito,114.38,1,0,0,1
3402,2025-11-01,2025-11-12,11,3,4,1,estandar,solo_alojamiento,directo,UK,flexible,sin_deposito,68.58,0,0,0,0
969,2025-11-02,2025-12-07,35,6,3,0,estandar,media_pension,web_intermediaria,UK,no_reembolsable,parcial,73.2,0,0,0,1
1705,2025-11-02,2026-01-03,62,5,2,0,suite,todo_incluido,directo,Nordicos,flexible,sin_deposito,231.24,1,0,0,0
4640,2025-11-02,2025-12-27,55,5,3,0,familiar,todo_incluido,web_intermediaria,ES,no_reembolsable,parcial,130.87,0,0,0,0
715,2025-11-02,2026-02-14,104,7,4,0,estandar,solo_alojamiento,web_intermediaria,UK,no_reembolsable,sin_deposito,83.99,0,0,0,1
1081,2025-11-02,2026-02-04,94,5,3,0,superior,todo_incluido,web_intermediaria,UK,flexible,sin_deposito,110.21,1,0,0,1
3749,2025-11-02,2026-01-09,68,5,3,2,familiar,solo_alojamiento,agencia,UK,flexible,parcial,124.56,0,1,0,0
530,2025-11-03,2026-02-02,91,7,2,0,familiar,media_pension,agencia,UK,no_reembolsable,sin_deposito,137.96,1,0,0,0
3658,2025-11-03,2026-04-01,149,3,2,1,estandar,desayuno,directo,UK,flexible,sin_deposito,69.12,1,0,0,1
4869,2025-11-03,2026-01-02,60,2,2,0,suite,desayuno,web_intermediaria,UK,flexible,parcial,232.03,0,0,0,0
5223,2025-11-03,2025-12-26,53,3,3,0,familiar,desayuno,agencia,FR,no_reembolsable,sin_deposito,152.42,0,0,0,0
3845,2025-11-03,2025-12-15,42,5,4,0,superior,todo_incluido,directo,Nordicos,flexible,parcial,113.89,0,0,0,0
2625,2025-11-03,2025-12-06,33,7,2,0,estandar,desayuno,web_intermediaria,ES,no_reembolsable,sin_deposito,88.53,1,1,0,0
3520,2025-11-03,2026-01-29,87,7,1,0,estandar,desayuno,agencia,Nordicos,no_reembolsable,sin_deposito,84.01,0,0,0,1
1972,2025-11-03,2026-01-24,82,5,2,0,superior,solo_alojamiento,web_intermediaria,IT,flexible,parcial,116.76,2,0,0,1
4431,2025-11-03,2026-01-29,87,8,3,0,superior,media_pension,web_intermediaria,ES,no_reembolsable,parcial,105.76,0,0,0,1
733,2025-11-03,2025-12-15,42,6,2,0,estandar,desayuno,agencia,UK,flexible,parcial,75.27,1,0,0,0
2961,2025-11-03,2026-01-13,71,9,2,1,familiar,desayuno,agencia,Nordicos,flexible,parcial,150.15,2,0,0,0
1006,2025-11-03,2026-02-10,99,11,2,0,estandar,todo_incluido,web_intermediaria,Nordicos,flexible,sin_deposito,77.82,0,1,0,1
2014,2025-11-03,2026-05-18,196,1,2,0,suite,todo_incluido,web_intermediaria,UK,flexible,sin_deposito,150.75,2,0,0,1
3201,2025-11-03,2026-01-28,86,5,2,0,estandar,media_pension,directo,ES,no_reembolsable,parcial,79.49,0,0,0,1
5443,2025-11-04,2026-05-06,183,4,3,0,estandar,todo_incluido,agencia,UK,flexible,total,68.66,0,0,0,0
2831,2025-11-04,2026-01-08,65,4,3,0,estandar,desayuno,web_intermediaria,NL,flexible,parcial,85.48,1,1,0,0
4430,2025-11-04,2026-01-12,69,2,3,1,estandar,desayuno,directo,ES,no_reembolsable,parcial,87.39,1,0,0,1
61,2025-11-04,2025-11-30,26,5,1,3,superior,todo_incluido,web_intermediaria,DE,no_reembolsable,sin_deposito,91.28,0,0,0,1
3801,2025-11-04,2026-05-03,180,7,2,0,estandar,media_pension,directo,UK,flexible,parcial,70.46,0,0,0,1
5818,2025-11-04,2026-02-28,116,5,2,0,estandar,desayuno,agencia,UK,flexible,sin_deposito,82.62,0,0,0,1
5749,2025-11-04,2025-11-27,23,4,2,0,superior,desayuno,directo,NL,flexible,total,95.6,1,0,0,0
5295,2025-11-04,2025-12-25,51,6,2,3,suite,media_pension,agencia,ES,flexible,sin_deposito,196.76,0,0,0,0
1679,2025-11-05,2026-04-26,172,7,2,0,estandar,desayuno,web_intermediaria,DE,no_reembolsable,sin_deposito,73.12,0,1,0,0
2166,2025-11-05,2026-02-18,105,9,3,1,estandar,desayuno,directo,UK,flexible,sin_deposito,90.48,1,0,0,1
4988,2025-11-05,2026-04-16,162,4,2,0,estandar,desayuno,agencia,ES,flexible,parcial,66.11,0,0,0,1
527,2025-11-05,2026-03-01,116,8,2,0,familiar,media_pension,web_intermediaria,DE,flexible,parcial,133.57,0,0,0,1
3276,2025-11-05,2026-03-30,145,4,2,0,familiar,desayuno,web_intermediaria,Nordicos,no_reembolsable,sin_deposito,140.42,0,1,0,1
2624,2025-11-05,2025-12-02,27,4,4,0,estandar,media_pension,directo,otros,flexible,sin_deposito,99.38,1,0,0,0
4979,2025-11-05,2026-03-23,138,5,4,0,superior,desayuno,agencia,ES,flexible,parcial,123.78,2,0,0,1
5640,2025-11-05,2026-02-05,92,2,2,1,estandar,media_pension,directo,UK,flexible,sin_deposito,92.63,0,1,0,0
1623,2025-11-05,2026-06-18,225,8,2,0,estandar,media_pension,directo,ES,flexible,sin_deposito,66.64,2,0,0,1
1990,2025-11-05,2025-11-20,15,5,4,0,superior,media_pension,web_intermediaria,UK,no_reembolsable,sin_deposito,95.72,0,0,0,0
1067,2025-11-06,2025-12-07,31,8,3,1,estandar,desayuno,web_intermediaria,ES,flexible,parcial,87.43,2,0,0,1
3900,2025-11-06,2026-01-09,64,5,4,0,superior,desayuno,web_intermediaria,ES,flexible,parcial,126.33,0,0,0,1
1262,2025-11-06,2026-05-03,178,4,2,0,superior,todo_incluido,web_intermediaria,ES,no_reembolsable,sin_deposito,99.2,1,0,0,1
3892,2025-11-06,2025-11-27,21,4,2,0,superior,solo_alojamiento,empresa,Nordicos,no_reembolsable,total,84.91,0,0,0,0
586,2025-11-06,2025-12-20,44,7,2,0,superior,desayuno,agencia,UK,no_reembolsable,parcial,130.84,0,0,0,0
3605,2025-11-06,2025-12-01,25,4,1,2,estandar,desayuno,directo,Nordicos,no_reembolsable,total,81.83,1,1,0,0
2533,2025-11-06,2025-11-24,18,5,2,0,suite,todo_incluido,directo,ES,no_reembolsable,total,171.63,0,0,0,0
452,2025-11-06,2025-11-26,20,7,2,0,suite,media_pension,directo,NL,no_reembolsable,sin_deposito,150.6,0,0,0,0
5869,2025-11-06,2025-12-14,38,5,2,0,superior,desayuno,agencia,IT,flexible,sin_deposito,116.05,1,0,0,1
577,2025-11-06,2026-02-26,112,3,3,0,estandar,todo_incluido,web_intermediaria,NL,flexible,sin_deposito,92.56,0,1,0,1
264,2025-11-06,2025-11-28,22,5,3,2,familiar,desayuno,web_intermediaria,UK,flexible,parcial,113.82,0,1,1,1
4543,2025-11-07,2025-12-03,26,5,2,0,superior,solo_alojamiento,empresa,UK,no_reembolsable,parcial,106.39,0,0,0,0
2570,2025-11-07,2026-06-28,233,6,2,2,suite,solo_alojamiento,web_intermediaria,ES,no_reembolsable,sin_deposito,179.86,1,1,0,1
4369,2025-11-07,2026-01-02,56,2,2,0,superior,solo_alojamiento,agencia,UK,no_reembolsable,sin_deposito,128.34,1,0,0,1
24,2025-11-07,2026-01-16,70,6,2,2,estandar,desayuno,directo,ES,flexible,sin_deposito,84.08,0,0,0,0
499,2025-11-07,2026-05-24,198,6,2,3,superior,todo_incluido,agencia,,no_reembolsable,total,98.78,0,0,0,0
5312,2025-11-07,2026-06-03,208,7,3,0,estandar,solo_alojamiento,web_intermediaria,FR,no_reembolsable,sin_deposito,66.25,2,0,0,1
4295,2025-11-07,2025-12-02,25,6,4,0,superior,media_pension,web_intermediaria,ES,flexible,parcial,116.02,0,0,0,0
5931,2025-11-07,2026-01-24,78,5,3,0,estandar,todo_incluido,directo,ES,no_reembolsable,parcial,83.98,1,0,0,0
5160,2025-11-07,2026-03-24,137,6,3,0,superior,solo_alojamiento,agencia,DE,no_reembolsable,sin_deposito,114.55,0,0,0,0
3972,2025-11-07,2025-12-08,31,6,2,0,familiar,desayuno,empresa,UK,no_reembolsable,parcial,143.95,1,0,0,0
438,2025-11-08,2026-01-09,62,9,2,0,familiar,desayuno,agencia,UK,flexible,sin_deposito,137.95,0,0,0,1
3495,2025-11-08,2026-01-04,57,6,2,0,estandar,desayuno,agencia,UK,flexible,sin_deposito,80.18,2,0,0,0
421,2025-11-08,2025-12-12,34,6,2,0,suite,todo_incluido,web_intermediaria,ES,flexible,parcial,181.93,0,0,0,0
5983,2025-11-08,2025-11-30,22,9,3,0,estandar,media_pension,web_intermediaria,ES,flexible,total,68.27,0,0,0,0
1182,2025-11-08,2026-02-23,107,3,3,0,familiar,solo_alojamiento,directo,DE,flexible,parcial,134.65,0,0,0,1
2612,2025-11-08,2026-02-18,102,7,4,0,estandar,desayuno,directo,Nordicos,no_reembolsable,total,97.94,5,0,0,0
3943,2025-11-08,2025-12-05,27,4,2,0,estandar,todo_incluido,agencia,ES,no_reembolsable,sin_deposito,85.32,2,1,0,0
4851,2025-11-08,2025-12-04,26,3,2,1,familiar,todo_incluido,web_intermediaria,IT,no_reembolsable,parcial,138.43,2,0,0,1
862,2025-11-08,2026-04-06,149,9,2,0,estandar,media_pension,web_intermediaria,Nordicos,flexible,sin_deposito,68.79,0,0,0,1
4268,2025-11-08,2026-02-10,94,5,2,0,superior,todo_incluido,web_intermediaria,DE,flexible,sin_deposito,119.05,1,0,0,1
3642,2025-11-08,2026-03-01,113,6,4,0,estandar,media_pension,web_intermediaria,ES,flexible,sin_deposito,74.96,0,0,0,1
4232,2025-11-08,2026-02-22,106,6,1,0,estandar,desayuno,web_intermediaria,UK,no_reembolsable,total,99.74,0,0,0,0
4088,2025-11-09,2026-08-27,291,4,4,0,estandar,desayuno,agencia,DE,no_reembolsable,sin_deposito,84.36,0,0,0,1
4132,2025-11-09,2026-02-27,110,4,2,0,estandar,media_pension,web_intermediaria,UK,flexible,parcial,101.54,0,1,0,0
5157,2025-11-09,2026-01-04,56,5,3,0,familiar,media_pension,web_intermediaria,UK,flexible,parcial,135.49,0,0,0,1
4292,2025-11-09,2026-01-02,54,4,3,0,suite,desayuno,web_intermediaria,ES,no_reembolsable,sin_deposito,193.47,0,0,0,0
5651,2025-11-09,2026-02-12,95,5,1,0,estandar,desayuno,directo,ES,flexible,sin_deposito,84.7,0,1,1,1
3643,2025-11-09,2025-11-28,19,6,2,0,familiar,solo_alojamiento,directo,ES,flexible,sin_deposito,110.94,0,0,0,0
3313,2025-11-09,2025-11-22,13,3,1,1,suite,desayuno,web_intermediaria,ES,flexible,sin_deposito,146.55,1,0,0,1
2500,2025-11-09,2026-02-13,96,5,1,0,suite,solo_alojamiento,web_intermediaria,otros,no_reembolsable,sin_deposito,172.87,0,0,0,1
4436,2025-11-09,2025-12-06,27,6,2,0,estandar,todo_incluido,web_intermediaria,DE,no_reembolsable,sin_deposito,88.6,0,1,0,0
3896,2025-11-09,2026-03-12,123,3,3,0,superior,todo_incluido,directo,IT,flexible,sin_deposito,110.63,2,0,0,1
4380,2025-11-09,2026-01-18,70,2,2,1,superior,solo_alojamiento,directo,IT,no_reembolsable,sin_deposito,130.95,1,0,0,0
3003,2025-11-09,2026-01-05,57,9,1,2,familiar,todo_incluido,agencia,ES,flexible,parcial,137.26,0,0,0,0
3114,2025-11-09,2025-11-18,9,6,3,0,estandar,media_pension,agencia,UK,flexible,sin_deposito,64.3,0,0,0,1
2493,2025-11-09,2026-02-04,87,7,2,2,estandar,desayuno,web_intermediaria,DE,no_reembolsable,parcial,86.97,0,0,0,0
5901,2025-11-09,2025-12-07,28,5,3,0,suite,desayuno,agencia,ES,no_reembolsable,parcial,201.12,0,1,1,0
2733,2025-11-10,2026-02-07,89,5,3,1,superior,desayuno,web_intermediaria,DE,flexible,parcial,113.44,0,0,0,0
693,2025-11-10,2025-11-27,17,3,2,0,suite,media_pension,web_intermediaria,otros,no_reembolsable,sin_deposito,180.25,0,0,0,1
1516,2025-11-10,2025-11-28,18,4,2,0,superior,desayuno,web_intermediaria,UK,flexible,sin_deposito,105.84,0,1,0,1
4840,2025-11-10,2026-01-10,61,6,1,1,superior,todo_incluido,web_intermediaria,otros,flexible,total,114.98,0,0,0,0
1143,2025-11-10,2026-01-01,52,9,2,2,estandar,todo_incluido,directo,DE,flexible,parcial,92.18,2,0,0,0
5948,2025-11-10,2025-12-31,51,4,3,0,superior,desayuno,directo,UK,no_reembolsable,sin_deposito,118.61,1,0,0,0
722,2025-11-10,2026-07-22,254,11,2,0,superior,solo_alojamiento,agencia,ES,flexible,sin_deposito,106.11,0,0,0,1
2413,2025-11-10,2025-12-08,28,6,2,1,estandar,todo_incluido,web_intermediaria,otros,flexible,parcial,84.52,1,0,0,0
5738,2025-11-10,2026-04-21,162,8,2,0,familiar,desayuno,directo,,flexible,sin_deposito,101.7,0,0,0,0
1751,2025-11-10,2026-02-15,97,5,3,0,superior,solo_alojamiento,agencia,UK,flexible,sin_deposito,106.09,0,0,0,1
2675,2025-11-10,2025-11-29,19,3,4,0,estandar,desayuno,agencia,Nordicos,flexible,sin_deposito,69.55,0,0,0,1
2862,2025-11-10,2026-05-18,189,4,2,0,superior,todo_incluido,web_intermediaria,ES,flexible,sin_deposito,92.53,2,0,0,1
5804,2025-11-10,2026-01-09,60,8,2,0,superior,todo_incluido,web_intermediaria,IT,flexible,sin_deposito,108.77,1,0,0,0
1273,2025-11-11,2026-01-09,59,9,2,1,familiar,media_pension,web_intermediaria,DE,no_reembolsable,total,151.47,0,0,0,0
5248,2025-11-11,2026-01-14,64,4,3,0,superior,media_pension,web_intermediaria,DE,flexible,parcial,110.81,0,0,0,0
1977,2025-11-11,2026-04-09,149,4,1,3,estandar,solo_alojamiento,agencia,UK,flexible,parcial,72.4,2,0,0,0
4820,2025-11-11,2026-01-06,56,11,2,2,estandar,solo_alojamiento,agencia,DE,flexible,sin_deposito,77.72,1,0,0,1
4989,2025-11-11,2026-01-17,67,4,2,0,suite,solo_alojamiento,web_intermediaria,UK,flexible,sin_deposito,177.56,0,0,0,1
2572,2025-11-11,2026-05-13,183,8,2,0,estandar,desayuno,directo,ES,flexible,sin_deposito,64.44,1,0,0,1
5977,2025-11-11,2025-12-29,48,6,1,3,superior,todo_incluido,directo,FR,flexible,sin_deposito,124.65,0,0,0,0
491,2025-11-12,2026-03-13,121,6,1,0,familiar,todo_incluido,web_intermediaria,otros,flexible,total,149.27,0,0,0,1
4273,2025-11-12,2026-01-25,74,5,2,0,estandar,todo_incluido,web_intermediaria,UK,flexible,parcial,89.82,0,0,0,0
470,2025-11-12,2026-02-15,95,8,2,0,superior,todo_incluido,web_intermediaria,DE,flexible,total,123.44,0,0,0,1
3734,2025-11-12,2026-01-25,74,2,2,1,superior,media_pension,agencia,UK,flexible,sin_deposito,111.85,0,0,0,1
2887,2025-11-12,2026-04-06,145,3,2,2,superior,desayuno,web_intermediaria,UK,no_reembolsable,total,96.79,1,0,0,0
2228,2025-11-12,2026-04-02,141,7,2,2,superior,todo_incluido,empresa,ES,flexible,parcial,103.02,1,0,0,1
1533,2025-11-12,2025-12-14,32,3,4,0,superior,media_pension,agencia,UK,flexible,sin_deposito,120.44,1,0,0,0
409,2025-11-13,2026-03-21,128,4,2,0,superior,media_pension,directo,IT,flexible,parcial,128.03,0,1,1,0
2458,2025-11-13,2026-01-24,72,6,4,3,superior,todo_incluido,directo,otros,flexible,total,109.22,0,1,0,0
5949,2025-11-13,2025-12-01,18,5,2,3,familiar,media_pension,agencia,DE,no_reembolsable,total,147.4,1,0,0,0
2695,2025-11-13,2026-02-14,93,6,2,0,suite,todo_incluido,web_intermediaria,ES,flexible,total,176.2,1,0,0,1
1766,2025-11-13,2026-02-01,80,5,2,0,superior,desayuno,web_intermediaria,ES,no_reembolsable,sin_deposito,138.55,2,0,0,0
1443,2025-11-13,2026-07-18,247,3,1,0,superior,desayuno,web_intermediaria,ES,no_reembolsable,sin_deposito,116.72,0,0,0,1
5578,2025-11-13,2026-01-18,66,3,2,1,familiar,todo_incluido,web_intermediaria,UK,flexible,sin_deposito,150.01,1,0,0,1
3439,2025-11-13,2026-02-26,105,5,2,0,suite,desayuno,directo,NL,no_reembolsable,sin_deposito,222.63,1,1,0,0
2942,2025-11-14,2026-03-26,132,3,4,1,estandar,media_pension,web_intermediaria,ES,no_reembolsable,total,83.02,0,1,0,1
2953,2025-11-14,2026-01-27,74,5,4,1,estandar,desayuno,web_intermediaria,ES,flexible,total,80.35,1,1,1,0
4208,2025-11-14,2025-12-19,35,6,2,0,superior,media_pension,agencia,UK,flexible,sin_deposito,122.94,1,0,0,0
2791,2025-11-14,2026-05-03,170,11,2,0,estandar,media_pension,web_intermediaria,ES,flexible,sin_deposito,61.6,1,0,0,1
2169,2025-11-14,2026-04-27,164,7,1,0,estandar,desayuno,agencia,DE,no_reembolsable,parcial,78.45,0,0,0,0
2631,2025-11-14,2025-12-07,23,6,3,0,suite,media_pension,agencia,ES,no_reembolsable,parcial,175.49,1,0,0,0
348,2025-11-14,2026-05-01,168,4,2,0,superior,todo_incluido,agencia,otros,flexible,sin_deposito,97.21,0,0,0,1
680,2025-11-14,2026-01-14,61,5,2,0,estandar,desayuno,web_intermediaria,ES,no_reembolsable,sin_deposito,90.43,2,0,0,1
2148,2025-11-14,2026-04-29,166,5,2,0,estandar,desayuno,web_intermediaria,otros,flexible,parcial,71.07,0,0,0,1
2878,2025-11-14,2025-12-24,40,3,1,1,estandar,desayuno,directo,UK,flexible,parcial,64.42,1,0,0,1
382,2025-11-14,2025-12-08,24,6,2,0,superior,media_pension,web_intermediaria,NL,flexible,sin_deposito,137.85,0,0,0,1
5399,2025-11-14,2026-01-12,59,7,2,1,superior,todo_incluido,web_intermediaria,IT,no_reembolsable,sin_deposito,131.18,0,0,0,0
2289,2025-11-14,2026-02-28,106,5,2,0,estandar,desayuno,web_intermediaria,IT,flexible,parcial,82.25,1,0,0,1
2782,2025-11-14,2026-01-01,48,3,2,0,estandar,todo_incluido,web_intermediaria,IT,no_reembolsable,sin_deposito,70.43,0,0,0,0
764,2025-11-14,2025-12-29,45,4,2,0,suite,media_pension,web_intermediaria,ES,no_reembolsable,sin_deposito,170.62,0,1,0,0
5197,2025-11-14,2026-04-04,141,3,1,1,familiar,todo_incluido,directo,UK,no_reembolsable,parcial,98.25,0,0,0,1
2649,2025-11-14,2026-01-17,64,7,2,0,superior,desayuno,web_intermediaria,UK,flexible,parcial,125.1,1,0,0,1
754,2025-11-14,2025-12-14,30,4,2,0,superior,media_pension,web_intermediaria,NL,no_reembolsable,sin_deposito,125.13,0,0,0,1
5016,2025-11-15,2025-12-08,23,5,2,2,estandar,todo_incluido,agencia,ES,flexible,sin_deposito,94.06,0,0,0,1
4404,2025-11-15,2026-02-12,89,8,3,0,superior,solo_alojamiento,empresa,DE,no_reembolsable,sin_deposito,122.51,1,0,0,1
286,2025-11-15,2026-01-19,65,2,3,0,familiar,todo_incluido,agencia,ES,no_reembolsable,sin_deposito,126.13,2,0,0,0
1447,2025-11-15,2026-02-26,103,1,2,2,estandar,desayuno,web_intermediaria,IT,flexible,sin_deposito,79.37,0,1,3,1
3921,2025-11-15,2026-08-03,261,3,2,0,suite,solo_alojamiento,agencia,UK,flexible,sin_deposito,220.73,1,0,0,1
181,2025-11-15,2026-03-07,112,5,2,0,superior,media_pension,web_intermediaria,DE,no_reembolsable,parcial,118.15,0,0,0,0
5099,2025-11-15,2026-02-05,82,9,2,1,estandar,media_pension,web_intermediaria,otros,flexible,total,87.38,1,0,0,1
3743,2025-11-16,2026-01-24,69,4,2,0,superior,todo_incluido,web_intermediaria,ES,no_reembolsable,sin_deposito,95.27,2,0,0,1
3352,2025-11-16,2026-01-02,47,2,3,0,superior,media_pension,directo,DE,flexible,total,122.27,0,0,0,0
3172,2025-11-16,2026-01-17,62,5,4,0,superior,desayuno,web_intermediaria,UK,no_reembolsable,parcial,126.31,0,0,0,0
1689,2025-11-16,2025-11-28,12,5,2,0,estandar,desayuno,web_intermediaria,DE,no_reembolsable,total,76.99,0,0,0,0
2233,2025-11-16,2026-01-01,46,7,2,0,suite,todo_incluido,directo,UK,flexible,sin_deposito,209.17,1,0,0,1
319,2025-11-16,2026-02-22,98,4,1,0,estandar,media_pension,directo,DE,flexible,sin_deposito,86.87,1,0,0,1
4477,2025-11-16,2026-01-02,47,6,2,0,suite,desayuno,directo,otros,flexible,parcial,193.29,0,1,1,1
3553,2025-11-16,2026-02-07,83,6,3,0,estandar,desayuno,web_intermediaria,DE,no_reembolsable,sin_deposito,80.46,1,0,0,1
5712,2025-11-16,2025-12-26,40,6,2,0,estandar,desayuno,web_intermediaria,otros,flexible,sin_deposito,91.19,1,0,0,1
1910,2025-11-17,2026-01-08,52,6,2,2,superior,desayuno,web_intermediaria,DE,flexible,sin_deposito,126.9,2,0,0,0
5014,2025-11-17,2026-02-12,87,3,2,2,estandar,todo_incluido,directo,UK,flexible,sin_deposito,81.75,0,0,0,0
1109,2025-11-17,2026-06-15,210,6,2,0,familiar,solo_alojamiento,web_intermediaria,UK,no_reembolsable,sin_deposito,119.98,0,0,0,1
3688,2025-11-17,2025-11-30,13,7,4,1,superior,solo_alojamiento,web_intermediaria,DE,flexible,parcial,94.88,1,0,0,1
2713,2025-11-17,2025-12-25,38,10,4,0,superior,media_pension,agencia,UK,flexible,sin_deposito,120.38,0,0,0,1
2097,2025-11-17,2026-01-09,53,7,2,0,familiar,media_pension,web_intermediaria,DE,flexible,total,138.51,1,0,0,0
81,2025-11-17,2025-12-14,27,8,3,0,estandar,todo_incluido,agencia,ES,no_reembolsable,total,76.6,2,0,0,0
936,2025-11-17,2026-01-09,53,3,4,0,familiar,media_pension,directo,,flexible,parcial,137.36,0,0,0,0
4381,2025-11-17,2026-04-24,158,4,2,2,estandar,todo_incluido,web_intermediaria,IT,flexible,sin_deposito,68.22,0,0,0,1
1837,2025-11-18,2026-03-15,117,2,2,0,superior,todo_incluido,directo,UK,flexible,sin_deposito,127.51,1,0,0,0
5776,2025-11-18,2026-09-06,292,7,2,0,estandar,desayuno,web_intermediaria,ES,no_reembolsable,total,69.94,1,0,0,1
4074,2025-11-18,2025-12-04,16,5,2,0,familiar,solo_alojamiento,agencia,otros,flexible,sin_deposito,135.72,0,0,0,1
1874,2025-11-18,2026-01-17,60,7,3,2,estandar,todo_incluido,directo,UK,no_reembolsable,sin_deposito,88.38,0,0,0,1
5198,2025-11-19,2026-05-10,172,5,2,0,suite,desayuno,directo,ES,flexible,sin_deposito,172.39,3,0,0,0
2828,2025-11-19,2026-01-26,68,8,1,0,estandar,media_pension,web_intermediaria,UK,flexible,sin_deposito,88.58,1,0,0,0
3310,2025-11-19,2026-01-31,73,8,2,0,estandar,todo_incluido,web_intermediaria,Nordicos,flexible,parcial,99.68,1,0,0,0
3956,2025-11-19,2026-01-27,69,9,4,2,estandar,desayuno,agencia,NL,flexible,parcial,87.09,0,0,0,0
1681,2025-11-19,2026-01-06,48,8,2,0,superior,todo_incluido,agencia,otros,no_reembolsable,sin_deposito,119.05,0,1,0,1
5397,2025-11-19,2026-02-18,91,7,4,3,estandar,desayuno,agencia,UK,flexible,sin_deposito,82.91,1,1,0,1
4723,2025-11-20,2026-02-13,85,7,2,0,familiar,media_pension,directo,UK,no_reembolsable,sin_deposito,133.79,1,0,0,0
3462,2025-11-20,2026-02-26,98,9,2,0,estandar,todo_incluido,web_intermediaria,otros,flexible,sin_deposito,96.79,1,0,0,1
4960,2025-11-20,2026-01-17,58,5,2,1,familiar,desayuno,directo,NL,flexible,sin_deposito,135.48,0,1,1,0
4237,2025-11-20,2026-08-19,272,6,2,2,estandar,desayuno,web_intermediaria,UK,flexible,sin_deposito,84.01,1,1,0,1
3705,2025-11-20,2026-04-10,141,6,2,0,estandar,todo_incluido,agencia,otros,flexible,total,75.31,0,0,0,0
5532,2025-11-20,2026-02-04,76,5,2,0,estandar,desayuno,agencia,ES,no_reembolsable,sin_deposito,90.73,1,0,0,0
4965,2025-11-20,2025-12-20,30,5,4,0,suite,solo_alojamiento,web_intermediaria,ES,flexible,parcial,202.8,0,0,0,0
694,2025-11-21,2025-12-24,33,6,2,0,superior,todo_incluido,agencia,,flexible,sin_deposito,113.54,1,0,0,0
926,2025-11-21,2025-12-13,22,4,2,0,estandar,desayuno,web_intermediaria,otros,flexible,sin_deposito,92.35,1,0,0,1
2221,2025-11-21,2026-01-13,53,12,2,2,superior,solo_alojamiento,web_intermediaria,UK,no_reembolsable,sin_deposito,111.68,0,1,1,0
2918,2025-11-21,2026-05-27,187,6,2,2,superior,media_pension,web_intermediaria,UK,flexible,parcial,88.91,0,1,0,1
5501,2025-11-21,2026-05-18,178,3,1,1,estandar,solo_alojamiento,agencia,ES,no_reembolsable,sin_deposito,63.51,0,0,0,0
4122,2025-11-21,2026-09-02,285,8,2,0,superior,desayuno,agencia,otros,flexible,sin_deposito,85.56,1,1,0,1
2620,2025-11-21,2025-12-21,30,8,3,0,suite,media_pension,web_intermediaria,FR,flexible,parcial,212.75,2,0,0,0
383,2025-11-22,2025-12-26,34,6,2,0,estandar,desayuno,directo,UK,flexible,sin_deposito,81.84,0,0,0,0
949,2025-11-22,2026-03-30,128,7,2,0,estandar,desayuno,web_intermediaria,UK,flexible,sin_deposito,89.41,0,1,0,0
2054,2025-11-22,2026-02-13,83,8,2,0,familiar,desayuno,web_intermediaria,ES,no_reembolsable,parcial,154.76,2,0,0,1
2744,2025-11-22,2026-03-26,124,6,3,0,estandar,todo_incluido,web_intermediaria,IT,flexible,sin_deposito,80.74,1,0,0,1
3961,2025-11-22,2026-04-10,139,4,3,1,suite,desayuno,web_intermediaria,FR,no_reembolsable,sin_deposito,160.3,0,0,0,1
4911,2025-11-22,2026-01-03,42,11,4,0,estandar,desayuno,agencia,UK,flexible,sin_deposito,93.17,1,0,0,1
4438,2025-11-22,2026-05-09,168,5,1,1,estandar,solo_alojamiento,web_intermediaria,DE,no_reembolsable,parcial,71.52,0,0,0,0
2397,2025-11-22,2026-03-06,104,5,2,0,estandar,media_pension,agencia,NL,no_reembolsable,sin_deposito,100.26,0,1,0,1
5057,2025-11-22,2026-03-12,110,8,4,1,suite,todo_incluido,web_intermediaria,FR,flexible,parcial,231.78,0,0,0,1
965,2025-11-23,2025-12-11,18,5,3,2,estandar,media_pension,agencia,UK,flexible,sin_deposito,84.23,1,0,0,1
3186,2025-11-23,2026-01-05,43,6,3,0,suite,solo_alojamiento,web_intermediaria,IT,no_reembolsable,sin_deposito,207.67,0,0,0,1
2908,2025-11-23,2025-12-10,17,9,1,0,suite,todo_incluido,agencia,,flexible,parcial,170.91,1,0,0,0
763,2025-11-23,2026-02-03,72,5,2,1,estandar,desayuno,web_intermediaria,UK,no_reembolsable,sin_deposito,103.73,0,0,0,0
4602,2025-11-23,2026-01-22,60,4,2,0,superior,media_pension,agencia,NL,no_reembolsable,sin_deposito,112.92,2,0,0,0
3441,2025-11-23,2025-12-03,10,8,4,0,estandar,todo_incluido,web_intermediaria,FR,flexible,sin_deposito,82.25,0,0,0,1
4687,2025-11-23,2026-02-25,94,7,2,2,estandar,todo_incluido,web_intermediaria,UK,flexible,sin_deposito,81.31,1,0,0,1
571,2025-11-23,2026-02-11,80,6,2,2,familiar,desayuno,directo,ES,no_reembolsable,total,140.56,2,0,0,0
5382,2025-11-23,2026-02-24,93,6,3,2,estandar,desayuno,web_intermediaria,UK,flexible,sin_deposito,73.01,1,1,0,1
2528,2025-11-23,2025-12-06,13,4,1,0,superior,todo_incluido,directo,ES,flexible,total,132.17,1,0,0,0
640,2025-11-23,2026-07-07,226,5,2,0,superior,desayuno,agencia,UK,flexible,parcial,106.26,1,0,0,0
5006,2025-11-24,2026-03-21,117,3,2,2,superior,media_pension,web_intermediaria,otros,no_reembolsable,total,102.21,1,0,0,0
4468,2025-11-24,2026-02-22,90,6,2,2,suite,media_pension,agencia,UK,flexible,sin_deposito,187.19,0,0,0,1
5108,2025-11-24,2026-01-05,42,9,2,1,superior,solo_alojamiento,web_intermediaria,otros,no_reembolsable,parcial,109.85,0,0,0,1
1421,2025-11-24,2026-01-13,50,3,1,1,superior,todo_incluido,directo,ES,flexible,total,130.23,0,1,1,0
2028,2025-11-24,2026-03-27,123,7,2,0,superior,desayuno,web_intermediaria,NL,no_reembolsable,sin_deposito,110.52,2,0,0,1
1727,2025-11-24,2026-08-23,272,4,2,1,superior,desayuno,web_intermediaria,DE,no_reembolsable,parcial,138.82,1,0,0,1
5200,2025-11-24,2026-01-06,43,5,2,0,superior,todo_incluido,agencia,Nordicos,flexible,sin_deposito,130.78,0,0,0,1
1295,2025-11-25,2026-01-18,54,6,1,0,familiar,solo_alojamiento,agencia,DE,flexible,total,148.3,0,0,0,1
776,2025-11-25,2025-12-24,29,4,2,3,familiar,media_pension,agencia,FR,flexible,parcial,137.57,1,0,0,0
3902,2025-11-25,2025-12-10,15,5,2,2,superior,solo_alojamiento,web_intermediaria,ES,flexible,sin_deposito,110.17,2,0,0,1
2122,2025-11-26,2026-02-25,91,5,2,0,estandar,desayuno,web_intermediaria,ES,flexible,total,93.74,1,0,0,0
3575,2025-11-26,2026-03-28,122,5,1,0,estandar,todo_incluido,web_intermediaria,UK,flexible,parcial,98.82,2,0,0,0
4199,2025-11-26,2025-12-02,6,5,1,2,superior,desayuno,web_intermediaria,otros,flexible,sin_deposito,127.78,2,0,0,0
3840,2025-11-26,2026-02-24,90,5,2,0,familiar,desayuno,directo,DE,no_reembolsable,sin_deposito,139.81,1,0,0,1
1269,2025-11-26,2025-12-25,29,2,3,0,estandar,media_pension,web_intermediaria,UK,no_reembolsable,parcial,80.2,1,1,2,0
671,2025-11-26,2026-01-20,55,4,4,0,estandar,todo_incluido,agencia,UK,flexible,sin_deposito,96.67,1,1,1,0
4643,2025-11-26,2026-03-02,96,5,2,1,superior,desayuno,agencia,UK,no_reembolsable,parcial,131.39,1,0,0,0
1832,2025-11-26,2025-12-26,30,8,4,0,superior,solo_alojamiento,web_intermediaria,ES,no_reembolsable,total,103.78,0,0,0,1
340,2025-11-26,2026-04-12,137,4,2,0,superior,todo_incluido,directo,UK,flexible,sin_deposito,108.51,1,0,0,0
4006,2025-11-26,2026-07-15,231,5,3,1,superior,todo_incluido,agencia,UK,flexible,sin_deposito,132.73,0,0,0,1
5673,2025-11-26,2026-03-07,101,5,4,0,suite,media_pension,agencia,UK,no_reembolsable,sin_deposito,182.57,1,0,0,0
1934,2025-11-26,2026-03-27,121,4,2,2,superior,desayuno,agencia,UK,flexible,sin_deposito,115.55,1,0,0,1
1930,2025-11-26,2026-01-22,57,6,3,0,familiar,media_pension,web_intermediaria,UK,no_reembolsable,sin_deposito,123.53,0,0,0,1
2387,2025-11-26,2026-02-19,85,6,4,0,superior,desayuno,agencia,IT,flexible,sin_deposito,112.76,0,0,0,0
293,2025-11-27,2026-01-06,40,6,1,0,suite,todo_incluido,directo,IT,flexible,parcial,182.31,0,0,0,1
2165,2025-11-27,2026-03-28,121,11,2,0,estandar,solo_alojamiento,empresa,UK,flexible,sin_deposito,84.49,1,0,0,1
4599,2025-11-28,2025-12-22,24,6,4,0,superior,desayuno,web_intermediaria,UK,flexible,sin_deposito,127.57,0,1,0,1
3036,2025-11-28,2026-04-06,129,7,2,0,familiar,desayuno,directo,FR,flexible,parcial,107.18,2,0,0,0
1440,2025-11-28,2026-01-25,58,4,1,0,estandar,media_pension,agencia,DE,no_reembolsable,parcial,93.19,1,0,0,0
1784,2025-11-28,2026-05-21,174,3,4,0,suite,todo_incluido,directo,IT,flexible,sin_deposito,139.91,2,0,0,0
5648,2025-11-28,2026-05-16,169,6,2,0,familiar,todo_incluido,web_intermediaria,otros,no_reembolsable,sin_deposito,106.44,0,0,0,1
448,2025-11-28,2026-02-01,65,7,2,0,estandar,todo_incluido,directo,DE,flexible,total,88.0,0,1,0,0
2389,2025-11-28,2026-06-15,199,9,2,0,superior,solo_alojamiento,agencia,IT,no_reembolsable,sin_deposito,90.74,1,0,0,1
2543,2025-11-29,2026-02-20,83,9,3,0,superior,solo_alojamiento,web_intermediaria,otros,flexible,sin_deposito,112.27,3,1,1,1
5715,2025-11-29,2026-01-06,38,4,2,1,superior,desayuno,agencia,NL,flexible,sin_deposito,130.36,1,0,0,0
4872,2025-11-29,2025-12-09,10,4,2,0,superior,desayuno,directo,UK,flexible,parcial,121.44,1,0,0,0
1083,2025-11-30,2026-03-19,109,5,2,0,estandar,desayuno,directo,UK,no_reembolsable,sin_deposito,82.47,0,0,0,1
3488,2025-11-30,2025-12-02,2,5,2,0,estandar,solo_alojamiento,web_intermediaria,ES,flexible,sin_deposito,85.15,1,0,0,0
5898,2025-11-30,2026-02-10,72,5,3,0,estandar,desayuno,web_intermediaria,UK,no_reembolsable,sin_deposito,87.58,1,1,0,0
2770,2025-11-30,2026-04-27,148,5,2,0,superior,desayuno,web_intermediaria,FR,flexible,sin_deposito,97.78,1,0,0,1
5070,2025-11-30,2026-01-05,36,7,3,0,familiar,media_pension,web_intermediaria,ES,flexible,parcial,124.88,0,0,0,1
684,2025-11-30,2026-02-14,76,2,2,1,superior,media_pension,agencia,DE,flexible,parcial,118.73,1,0,0,1
1054,2025-11-30,2026-01-08,39,6,4,0,estandar,todo_incluido,web_intermediaria,FR,no_reembolsable,parcial,96.63,0,0,0,0
274,2025-11-30,2026-04-26,147,9,2,2,suite,desayuno,directo,UK,flexible,sin_deposito,184.69,0,0,0,1
4095,2025-12-01,2026-03-07,96,6,2,1,estandar,todo_incluido,agencia,ES,flexible,parcial,81.72,0,0,0,1
515,2025-12-01,2025-12-17,16,7,2,1,familiar,desayuno,web_intermediaria,,flexible,sin_deposito,151.39,0,0,0,0
1376,2025-12-01,2025-12-15,14,4,1,1,superior,solo_alojamiento,web_intermediaria,Nordicos,flexible,parcial,121.86,0,1,1,0
3645,2025-12-01,2026-03-15,104,5,2,0,superior,solo_alojamiento,directo,UK,flexible,sin_deposito,117.06,2,1,0,1
5244,2025-12-01,2026-02-01,62,4,1,1,estandar,todo_incluido,agencia,Nordicos,flexible,parcial,89.32,1,0,0,1
1810,2025-12-01,2026-01-13,43,5,2,0,superior,desayuno,directo,Nordicos,no_reembolsable,sin_deposito,129.46,4,0,0,0
195,2025-12-01,2026-04-10,130,7,2,0,estandar,desayuno,web_intermediaria,UK,flexible,sin_deposito,76.65,0,0,0,1
4982,2025-12-01,2026-01-13,43,2,1,1,estandar,desayuno,web_intermediaria,IT,flexible,total,82.72,1,0,0,0
1448,2025-12-01,2026-01-25,55,5,2,0,estandar,solo_alojamiento,directo,DE,no_reembolsable,sin_deposito,79.65,0,0,0,1
3839,2025-12-01,2026-03-19,108,4,2,1,superior,todo_incluido,web_intermediaria,,no_reembolsable,parcial,116.05,0,0,0,0
683,2025-12-01,2026-01-10,40,8,2,0,superior,desayuno,agencia,Nordicos,flexible,sin_deposito,113.45,1,0,0,1
1939,2025-12-01,2026-03-01,90,7,2,1,estandar,todo_incluido,agencia,ES,flexible,parcial,83.12,0,0,0,1
451,2025-12-02,2026-01-29,58,5,1,0,superior,desayuno,agencia,DE,flexible,parcial,101.86,1,1,2,0
3383,2025-12-02,2026-05-12,161,5,3,0,suite,media_pension,directo,UK,flexible,total,169.59,0,1,0,0
2117,2025-12-02,2026-01-21,50,7,1,0,familiar,solo_alojamiento,agencia,Nordicos,flexible,sin_deposito,143.36,0,0,0,0
3211,2025-12-02,2026-04-27,146,5,2,0,estandar,solo_alojamiento,directo,UK,flexible,sin_deposito,63.65,1,0,0,1
3398,2025-12-02,2026-05-18,167,2,2,2,estandar,desayuno,web_intermediaria,,no_reembolsable,sin_deposito,65.86,0,1,1,1
3753,2025-12-02,2026-03-14,102,4,2,3,estandar,media_pension,empresa,NL,no_reembolsable,parcial,85.98,0,0,0,1
3635,2025-12-02,2026-02-10,70,5,2,1,familiar,desayuno,web_intermediaria,otros,flexible,sin_deposito,150.88,1,0,0,0
751,2025-12-02,2026-04-14,133,11,2,0,estandar,todo_incluido,web_intermediaria,ES,flexible,total,78.56,0,0,0,0
2731,2025-12-02,2026-05-03,152,6,3,0,familiar,desayuno,agencia,IT,flexible,total,104.84,0,0,0,0
649,2025-12-02,2026-02-28,88,6,4,0,estandar,todo_incluido,empresa,UK,flexible,parcial,81.25,1,0,0,0
5431,2025-12-02,2026-03-11,99,6,2,0,superior,desayuno,web_intermediaria,DE,no_reembolsable,total,123.63,0,0,0,0
1700,2025-12-02,2026-06-14,194,2,2,1,superior,todo_incluido,directo,DE,no_reembolsable,sin_deposito,96.12,1,0,0,1
4937,2025-12-02,2026-03-13,101,9,2,2,estandar,desayuno,web_intermediaria,IT,flexible,sin_deposito,92.32,0,0,0,1
3004,2025-12-02,2026-03-10,98,3,4,3,suite,todo_incluido,web_intermediaria,UK,no_reembolsable,total,182.59,0,0,0,0
1223,2025-12-02,2026-01-15,44,4,2,0,estandar,solo_alojamiento,web_intermediaria,DE,flexible,sin_deposito,91.59,1,0,0,1
3664,2025-12-03,2026-01-28,56,9,1,2,estandar,media_pension,web_intermediaria,otros,flexible,sin_deposito,70.2,0,0,0,1
2143,2025-12-03,2026-02-23,82,2,2,0,suite,desayuno,web_intermediaria,IT,no_reembolsable,sin_deposito,205.8,1,0,0,0
200,2025-12-03,2026-01-26,54,5,2,0,superior,solo_alojamiento,web_intermediaria,DE,no_reembolsable,sin_deposito,114.46,0,1,1,1
2513,2025-12-03,2026-01-08,36,4,3,0,superior,desayuno,web_intermediaria,DE,flexible,sin_deposito,97.25,2,0,0,1
1377,2025-12-03,2026-03-02,89,5,2,0,estandar,todo_incluido,web_intermediaria,DE,no_reembolsable,total,93.22,1,0,0,0
5053,2025-12-03,2025-12-20,17,3,2,0,estandar,todo_incluido,directo,ES,no_reembolsable,sin_deposito,81.11,0,1,0,1
2677,2025-12-03,2025-12-25,22,4,2,1,familiar,desayuno,agencia,UK,no_reembolsable,sin_deposito,135.57,0,0,0,0
999,2025-12-03,2026-05-20,168,10,2,2,superior,media_pension,web_intermediaria,UK,no_reembolsable,sin_deposito,100.8,1,1,0,1
2363,2025-12-03,2026-05-24,172,5,3,0,familiar,solo_alojamiento,directo,NL,flexible,sin_deposito,114.93,3,0,0,0
503,2025-12-03,2026-06-01,180,4,1,2,familiar,media_pension,agencia,otros,flexible,sin_deposito,106.3,1,0,0,1
5975,2025-12-04,2026-01-18,45,5,1,2,suite,todo_incluido,web_intermediaria,DE,flexible,total,204.6,0,0,0,0
853,2025-12-04,2025-12-29,25,7,2,2,estandar,media_pension,web_intermediaria,UK,flexible,sin_deposito,102.1,0,1,1,0
2814,2025-12-04,2026-02-11,69,9,2,1,estandar,todo_incluido,directo,UK,no_reembolsable,parcial,74.03,0,0,0,0
1243,2025-12-04,2026-04-13,130,3,2,0,familiar,media_pension,web_intermediaria,UK,no_reembolsable,parcial,101.32,0,0,0,1
1369,2025-12-04,2026-02-03,61,5,1,0,estandar,media_pension,directo,UK,flexible,parcial,87.65,1,0,0,0
1210,2025-12-04,2025-12-29,25,7,2,0,estandar,media_pension,directo,otros,no_reembolsable,sin_deposito,108.39,1,0,0,0
2670,2025-12-04,2026-02-13,71,11,4,1,estandar,desayuno,web_intermediaria,ES,no_reembolsable,parcial,73.47,0,0,0,0
337,2025-12-04,2026-01-12,39,4,3,0,superior,media_pension,agencia,Nordicos,no_reembolsable,sin_deposito,128.59,1,0,0,0
2668,2025-12-05,2026-01-27,53,5,2,2,familiar,media_pension,empresa,FR,flexible,parcial,141.09,2,1,1,0
3214,2025-12-05,2026-02-17,74,6,2,1,superior,desayuno,web_intermediaria,,flexible,parcial,123.76,0,0,0,0
4357,2025-12-05,2026-01-20,46,4,1,0,superior,desayuno,web_intermediaria,ES,flexible,total,105.71,1,0,0,0
2837,2025-12-05,2026-01-17,43,8,2,0,superior,desayuno,directo,Nordicos,no_reembolsable,sin_deposito,110.84,0,0,0,0
4987,2025-12-06,2026-01-12,37,7,2,0,estandar,todo_incluido,web_intermediaria,UK,flexible,parcial,89.25,0,0,0,1
4510,2025-12-06,2026-01-08,33,5,1,1,estandar,todo_incluido,web_intermediaria,IT,flexible,sin_deposito,89.15,1,0,0,0
609,2025-12-06,2026-06-07,183,4,1,0,estandar,media_pension,web_intermediaria,Nordicos,flexible,sin_deposito,64.33,0,0,0,0
466,2025-12-06,2026-02-20,76,7,3,0,estandar,desayuno,agencia,FR,flexible,total,90.89,0,0,0,0
3689,2025-12-06,2026-01-19,44,4,2,0,superior,todo_incluido,agencia,NL,flexible,sin_deposito,113.52,1,0,0,0
64,2025-12-07,2026-03-04,87,10,2,0,estandar,desayuno,directo,UK,no_reembolsable,sin_deposito,68.57,0,0,0,0
1567,2025-12-07,2026-02-25,80,4,4,1,estandar,media_pension,directo,UK,flexible,parcial,87.79,0,0,0,1
4761,2025-12-07,2026-02-19,74,7,3,0,estandar,todo_incluido,web_intermediaria,DE,flexible,parcial,71.99,1,0,0,1
5814,2025-12-07,2025-12-22,15,4,4,0,superior,desayuno,agencia,ES,flexible,parcial,117.69,1,0,0,0
797,2025-12-07,2026-03-04,87,5,3,1,superior,desayuno,directo,ES,flexible,parcial,108.36,0,0,0,0
861,2025-12-07,2026-02-07,62,4,1,0,estandar,desayuno,web_intermediaria,Nordicos,no_reembolsable,sin_deposito,83.58,0,0,0,1
4364,2025-12-07,2026-02-06,61,5,2,0,familiar,desayuno,directo,NL,no_reembolsable,sin_deposito,153.24,0,0,0,1
3663,2025-12-07,2025-12-28,21,6,2,1,estandar,solo_alojamiento,agencia,UK,no_reembolsable,parcial,87.59,0,0,0,0
2599,2025-12-07,2025-12-19,12,5,2,0,superior,solo_alojamiento,web_intermediaria,DE,no_reembolsable,sin_deposito,103.58,0,0,0,1
2579,2025-12-08,2026-01-04,27,4,1,0,superior,todo_incluido,directo,ES,flexible,sin_deposito,121.31,3,0,0,0
2806,2025-12-08,2026-01-09,32,8,4,1,familiar,desayuno,directo,DE,flexible,sin_deposito,136.59,0,0,0,0
4360,2025-12-08,2026-04-06,119,9,3,0,familiar,desayuno,web_intermediaria,ES,no_reembolsable,sin_deposito,107.61,2,0,0,0
1226,2025-12-08,2026-05-06,149,6,2,0,estandar,desayuno,agencia,UK,no_reembolsable,sin_deposito,77.69,0,1,1,1
355,2025-12-08,2025-12-26,18,4,3,0,estandar,todo_incluido,web_intermediaria,UK,no_reembolsable,sin_deposito,80.36,0,0,0,0
3944,2025-12-08,2025-12-09,1,2,3,2,familiar,todo_incluido,empresa,ES,no_reembolsable,parcial,153.84,0,1,2,0
208,2025-12-08,2026-01-10,33,7,4,0,superior,todo_incluido,web_intermediaria,UK,flexible,sin_deposito,111.96,0,0,0,1
5924,2025-12-08,2026-02-25,79,3,2,1,estandar,solo_alojamiento,web_intermediaria,ES,flexible,sin_deposito,87.26,0,1,0,0
417,2025-12-08,2026-04-30,143,3,4,1,superior,todo_incluido,directo,UK,flexible,total,93.52,0,0,0,0
3283,2025-12-08,2026-03-19,101,6,3,1,estandar,desayuno,web_intermediaria,otros,no_reembolsable,total,91.96,1,0,0,1
3912,2025-12-09,2026-01-25,47,3,1,0,suite,media_pension,web_intermediaria,UK,flexible,parcial,196.42,1,1,0,0
3949,2025-12-09,2026-07-06,209,6,1,0,estandar,todo_incluido,directo,DE,no_reembolsable,parcial,97.48,1,0,0,1
2589,2025-12-09,2026-04-10,122,4,2,0,estandar,todo_incluido,web_intermediaria,UK,flexible,sin_deposito,77.02,0,0,0,0
1233,2025-12-09,2026-01-22,44,4,2,0,estandar,desayuno,agencia,FR,no_reembolsable,parcial,77.14,0,0,0,0
2611,2025-12-09,2026-03-08,89,5,2,0,estandar,desayuno,directo,FR,no_reembolsable,total,90.78,0,0,0,1
1955,2025-12-09,2026-02-06,59,7,2,0,superior,desayuno,web_intermediaria,ES,flexible,parcial,128.31,0,0,0,1
4793,2025-12-09,2026-02-06,59,6,2,1,familiar,desayuno,directo,ES,flexible,sin_deposito,130.12,1,0,0,1
3908,2025-12-09,2026-01-02,24,6,3,0,suite,solo_alojamiento,empresa,Nordicos,flexible,parcial,178.63,0,0,0,0
4136,2025-12-09,2026-05-22,164,9,3,0,superior,media_pension,directo,ES,flexible,sin_deposito,95.05,1,0,0,0
2542,2025-12-09,2026-07-14,217,2,2,1,familiar,solo_alojamiento,directo,Nordicos,no_reembolsable,total,135.33,1,0,0,0
46,2025-12-09,2026-02-23,76,5,2,0,superior,desayuno,directo,UK,flexible,parcial,107.0,1,0,0,0
5094,2025-12-09,2026-02-08,61,12,2,0,superior,desayuno,directo,UK,flexible,sin_deposito,103.61,0,1,1,1
4325,2025-12-09,2026-02-17,70,2,2,1,estandar,desayuno,directo,otros,flexible,sin_deposito,75.27,0,0,0,0
3511,2025-12-10,2026-03-06,86,4,2,0,familiar,media_pension,directo,UK,flexible,total,132.81,0,0,0,1
2840,2025-12-10,2026-04-28,139,7,1,0,estandar,desayuno,web_intermediaria,ES,flexible,parcial,66.58,0,1,0,1
4582,2025-12-10,2026-04-18,129,5,3,0,familiar,media_pension,directo,UK,flexible,sin_deposito,99.75,0,0,0,0
959,2025-12-10,2026-02-21,73,7,2,1,estandar,desayuno,web_intermediaria,UK,no_reembolsable,sin_deposito,79.86,1,0,0,1
5422,2025-12-10,2026-08-06,239,9,1,3,superior,desayuno,empresa,UK,no_reembolsable,total,116.83,0,0,0,1
404,2025-12-10,2026-04-07,118,4,2,0,estandar,media_pension,agencia,UK,flexible,sin_deposito,69.14,0,0,0,1
3516,2025-12-10,2025-12-23,13,4,2,1,estandar,media_pension,web_intermediaria,ES,no_reembolsable,sin_deposito,88.63,0,0,0,0
4137,2025-12-11,2026-05-22,162,7,2,0,estandar,solo_alojamiento,web_intermediaria,UK,no_reembolsable,parcial,67.96,1,0,0,0
2963,2025-12-11,2026-08-03,235,6,2,0,estandar,desayuno,web_intermediaria,DE,no_reembolsable,sin_deposito,94.99,0,0,0,1
947,2025-12-11,2026-01-31,51,7,2,0,estandar,desayuno,web_intermediaria,DE,flexible,parcial,87.87,0,0,0,0
441,2025-12-11,2026-07-06,207,4,2,0,estandar,media_pension,web_intermediaria,DE,no_reembolsable,sin_deposito,87.09,0,0,0,1
325,2025-12-12,2026-09-04,266,7,2,0,superior,solo_alojamiento,empresa,Nordicos,no_reembolsable,total,86.84,1,0,0,1
2750,2025-12-12,2026-04-18,127,7,4,0,estandar,desayuno,web_intermediaria,UK,no_reembolsable,sin_deposito,76.19,0,0,0,0
5794,2025-12-12,2026-08-25,256,5,2,0,superior,solo_alojamiento,web_intermediaria,otros,flexible,sin_deposito,121.62,1,0,0,1
3355,2025-12-12,2026-02-20,70,3,2,2,estandar,media_pension,web_intermediaria,DE,flexible,sin_deposito,94.25,1,0,0,0
4824,2025-12-12,2026-06-12,182,5,2,0,superior,desayuno,web_intermediaria,UK,no_reembolsable,sin_deposito,87.72,0,0,0,1
5649,2025-12-12,2026-01-19,38,8,3,2,estandar,todo_incluido,web_intermediaria,,flexible,sin_deposito,92.94,1,0,0,1
4154,2025-12-13,2026-01-09,27,2,2,2,superior,solo_alojamiento,web_intermediaria,ES,flexible,sin_deposito,128.74,1,0,0,1
3685,2025-12-13,2026-01-13,31,3,2,2,superior,desayuno,directo,FR,flexible,parcial,128.7,0,0,0,0
2824,2025-12-13,2026-02-08,57,4,3,2,estandar,media_pension,agencia,UK,no_reembolsable,sin_deposito,85.56,0,0,0,1
4921,2025-12-13,2026-04-25,133,7,2,2,familiar,desayuno,web_intermediaria,DE,no_reembolsable,sin_deposito,114.27,0,0,0,1
2872,2025-12-13,2026-02-27,76,5,1,1,familiar,solo_alojamiento,directo,otros,flexible,parcial,129.87,1,1,1,1
2270,2025-12-13,2026-02-05,54,4,2,0,familiar,todo_incluido,directo,ES,flexible,sin_deposito,139.09,1,0,0,0
1649,2025-12-13,2026-02-24,73,5,4,2,superior,media_pension,web_intermediaria,ES,flexible,total,98.22,0,0,0,1
3789,2025-12-13,2026-03-09,86,5,2,0,estandar,todo_incluido,web_intermediaria,UK,no_reembolsable,parcial,75.95,0,0,0,1
12,2025-12-13,2026-04-02,110,9,2,1,estandar,todo_incluido,web_intermediaria,ES,flexible,sin_deposito,65.43,0,0,0,1
2388,2025-12-13,2026-07-15,214,2,2,0,superior,media_pension,web_intermediaria,ES,flexible,sin_deposito,124.07,1,0,0,1
1797,2025-12-13,2026-05-04,142,9,2,0,estandar,todo_incluido,agencia,UK,flexible,sin_deposito,67.74,0,0,0,1
2132,2025-12-13,2026-03-02,79,4,2,0,superior,desayuno,empresa,ES,no_reembolsable,parcial,120.78,1,0,0,0
1475,2025-12-14,2026-03-10,86,3,3,0,superior,solo_alojamiento,agencia,NL,no_reembolsable,total,102.06,0,0,0,0
2880,2025-12-14,2026-06-22,190,7,2,0,estandar,todo_incluido,web_intermediaria,ES,flexible,sin_deposito,73.52,0,0,0,1
4114,2025-12-14,2026-04-22,129,5,2,1,estandar,desayuno,directo,ES,flexible,sin_deposito,60.41,0,0,0,1
1250,2025-12-14,2026-04-18,125,8,2,1,superior,todo_incluido,directo,DE,flexible,parcial,96.61,1,0,0,0
4835,2025-12-14,2026-03-07,83,5,2,0,estandar,desayuno,web_intermediaria,,flexible,sin_deposito,97.11,0,0,0,1
3199,2025-12-15,2026-06-10,177,5,4,0,estandar,todo_incluido,web_intermediaria,ES,flexible,sin_deposito,66.54,1,0,0,0
5998,2025-12-15,2026-03-27,102,5,3,0,suite,desayuno,web_intermediaria,otros,flexible,sin_deposito,185.88,0,0,0,1
1746,2025-12-15,2026-02-25,72,7,2,0,estandar,desayuno,directo,otros,flexible,parcial,78.59,0,0,0,1
4317,2025-12-15,2026-01-12,28,8,2,1,estandar,desayuno,empresa,DE,flexible,sin_deposito,82.01,0,1,0,1
2627,2025-12-15,2026-04-09,115,5,4,0,estandar,solo_alojamiento,directo,UK,flexible,sin_deposito,71.42,1,0,0,0
2170,2025-12-15,2026-02-05,52,6,2,0,estandar,todo_incluido,web_intermediaria,DE,flexible,parcial,89.21,1,0,0,1
2536,2025-12-15,2026-05-06,142,10,2,0,superior,solo_alojamiento,directo,DE,flexible,parcial,92.75,1,0,0,1
5650,2025-12-16,2025-12-30,14,3,2,0,estandar,desayuno,directo,ES,no_reembolsable,parcial,91.65,1,0,0,0
594,2025-12-16,2026-02-17,63,7,2,0,estandar,desayuno,directo,otros,flexible,sin_deposito,98.63,0,0,0,0
5721,2025-12-16,2026-01-24,39,3,1,0,familiar,media_pension,directo,UK,no_reembolsable,sin_deposito,119.19,0,0,0,0
2230,2025-12-16,2026-07-10,206,7,4,0,suite,desayuno,directo,Nordicos,flexible,total,192.62,0,0,0,0
4077,2025-12-16,2026-02-14,60,5,2,1,estandar,media_pension,agencia,UK,flexible,sin_deposito,68.02,0,0,0,1
894,2025-12-16,2026-01-31,46,9,4,0,superior,todo_incluido,agencia,ES,flexible,sin_deposito,141.98,2,0,0,1
3426,2025-12-16,2026-05-01,136,7,2,0,estandar,solo_alojamiento,web_intermediaria,Nordicos,flexible,sin_deposito,74.38,1,0,0,0
1381,2025-12-16,2026-07-08,204,2,2,0,superior,todo_incluido,web_intermediaria,DE,flexible,total,106.86,1,0,0,1
914,2025-12-16,2026-08-07,234,6,4,0,suite,desayuno,directo,otros,no_reembolsable,parcial,207.66,2,0,0,1
4253,2025-12-16,2026-05-06,141,4,2,2,superior,todo_incluido,directo,DE,no_reembolsable,sin_deposito,94.53,0,1,0,0
851,2025-12-16,2026-01-15,30,6,2,1,suite,solo_alojamiento,web_intermediaria,NL,flexible,parcial,210.41,0,0,0,0
5784,2025-12-17,2026-06-23,188,4,2,2,familiar,solo_alojamiento,directo,ES,flexible,sin_deposito,99.97,0,0,0,0
1198,2025-12-17,2026-01-29,43,6,2,0,suite,desayuno,web_intermediaria,ES,no_reembolsable,sin_deposito,190.75,1,0,0,0
2690,2025-12-17,2026-02-25,70,2,1,0,superior,todo_incluido,web_intermediaria,UK,flexible,sin_deposito,128.83,0,0,0,0
2974,2025-12-17,2025-12-26,9,4,2,0,suite,todo_incluido,web_intermediaria,Nordicos,no_reembolsable,sin_deposito,191.03,1,0,0,0
4090,2025-12-17,2026-01-19,33,7,4,0,superior,desayuno,agencia,ES,flexible,total,112.59,2,0,0,0
2555,2025-12-17,2026-01-30,44,5,2,1,superior,solo_alojamiento,agencia,Nordicos,flexible,sin_deposito,116.13,0,0,0,1
4089,2025-12-18,2026-02-24,68,7,4,0,estandar,solo_alojamiento,web_intermediaria,NL,flexible,sin_deposito,86.77,0,0,0,1
1676,2025-12-18,2026-04-10,113,7,2,0,estandar,desayuno,web_intermediaria,otros,no_reembolsable,sin_deposito,60.25,1,1,0,1
3270,2025-12-18,2026-01-16,29,6,2,3,estandar,desayuno,agencia,ES,flexible,parcial,91.6,0,0,0,0
1830,2025-12-18,2026-02-01,45,7,4,0,superior,media_pension,web_intermediaria,otros,flexible,sin_deposito,126.05,0,1,1,0
1707,2025-12-18,2026-01-18,31,6,2,0,estandar,desayuno,web_intermediaria,NL,no_reembolsable,sin_deposito,86.59,0,0,0,1
141,2025-12-18,2026-04-02,105,7,2,2,suite,media_pension,directo,ES,flexible,sin_deposito,170.18,1,0,0,0
1570,2025-12-19,2026-01-14,26,6,2,0,estandar,todo_incluido,web_intermediaria,ES,flexible,sin_deposito,89.14,3,0,0,0
1203,2025-12-19,2026-03-23,94,6,3,0,familiar,desayuno,agencia,ES,no_reembolsable,sin_deposito,134.62,0,0,0,0
1228,2025-12-19,2026-03-28,99,3,2,0,estandar,desayuno,agencia,UK,flexible,sin_deposito,79.57,0,0,0,1
555,2025-12-19,2026-05-07,139,8,2,0,familiar,desayuno,agencia,ES,no_reembolsable,sin_deposito,123.37,0,0,0,0
3361,2025-12-19,2026-05-13,145,5,2,2,familiar,todo_incluido,web_intermediaria,Nordicos,flexible,sin_deposito,108.34,0,0,0,1
1828,2025-12-19,2026-03-29,100,3,2,0,superior,desayuno,web_intermediaria,FR,no_reembolsable,sin_deposito,122.04,0,0,0,1
1457,2025-12-19,2026-03-02,73,8,2,0,estandar,solo_alojamiento,agencia,UK,no_reembolsable,parcial,88.0,0,0,0,1
3785,2025-12-19,2026-01-09,21,6,2,1,superior,desayuno,web_intermediaria,IT,no_reembolsable,sin_deposito,116.47,1,1,1,1
3404,2025-12-19,2026-01-31,43,7,4,2,superior,desayuno,directo,,no_reembolsable,sin_deposito,126.13,1,0,0,1
3593,2025-12-19,2026-01-01,13,6,3,0,superior,todo_incluido,web_intermediaria,UK,no_reembolsable,sin_deposito,112.66,0,0,0,0
1393,2025-12-19,2026-05-06,138,4,2,0,estandar,desayuno,web_intermediaria,UK,flexible,parcial,68.87,0,0,0,0
2035,2025-12-20,2026-02-15,57,8,2,0,suite,media_pension,web_intermediaria,ES,no_reembolsable,sin_deposito,196.71,0,1,0,0
3219,2025-12-20,2026-01-06,17,4,1,2,estandar,desayuno,agencia,NL,no_reembolsable,total,97.93,2,0,0,1
4123,2025-12-20,2026-04-04,105,7,2,1,estandar,media_pension,web_intermediaria,IT,no_reembolsable,sin_deposito,73.21,0,0,0,1
4963,2025-12-20,2026-04-15,116,4,2,0,estandar,todo_incluido,web_intermediaria,Nordicos,flexible,sin_deposito,77.35,0,0,0,1
4652,2025-12-20,2026-08-04,227,6,3,1,estandar,todo_incluido,web_intermediaria,NL,flexible,sin_deposito,86.77,2,0,0,1
3746,2025-12-20,2026-02-09,51,7,1,0,superior,media_pension,web_intermediaria,DE,no_reembolsable,sin_deposito,114.41,0,1,1,1
3779,2025-12-20,2026-03-20,90,7,1,1,superior,media_pension,web_intermediaria,NL,no_reembolsable,parcial,122.58,0,0,0,0
3748,2025-12-20,2026-03-22,92,5,2,0,estandar,desayuno,web_intermediaria,ES,flexible,sin_deposito,84.19,0,1,0,1
1246,2025-12-20,2026-04-15,116,5,4,2,suite,todo_incluido,directo,DE,flexible,sin_deposito,157.19,0,0,0,0
5882,2025-12-21,2026-04-24,124,4,4,3,familiar,todo_incluido,web_intermediaria,otros,no_reembolsable,sin_deposito,116.27,0,0,0,0
3371,2025-12-21,2026-03-01,70,6,2,0,superior,todo_incluido,web_intermediaria,UK,flexible,parcial,106.16,1,1,0,1
4102,2025-12-21,2026-04-12,112,1,3,0,suite,media_pension,agencia,UK,no_reembolsable,total,157.45,1,0,0,0
5790,2025-12-21,2026-03-23,92,7,2,0,estandar,todo_incluido,empresa,ES,flexible,total,92.81,1,0,0,0
772,2025-12-21,2026-03-31,100,5,2,0,estandar,desayuno,web_intermediaria,DE,flexible,parcial,82.11,2,0,0,1
3978,2025-12-21,2026-01-02,12,3,2,0,estandar,desayuno,web_intermediaria,ES,flexible,sin_deposito,85.15,0,0,0,0
5388,2025-12-21,2026-03-22,91,6,3,0,superior,media_pension,web_intermediaria,DE,no_reembolsable,sin_deposito,121.4,0,0,0,0
3412,2025-12-21,2026-01-13,23,5,3,2,superior,media_pension,web_intermediaria,ES,flexible,sin_deposito,128.52,0,0,0,0
4524,2025-12-21,2026-05-07,137,4,2,0,suite,desayuno,web_intermediaria,IT,no_reembolsable,parcial,140.97,1,0,0,0
4135,2025-12-21,2026-01-27,37,4,2,0,familiar,desayuno,web_intermediaria,ES,flexible,parcial,132.95,0,0,0,1
4774,2025-12-21,2026-02-07,48,3,4,0,superior,solo_alojamiento,web_intermediaria,NL,flexible,parcial,130.5,0,0,0,1
1747,2025-12-22,2026-05-17,146,4,2,0,estandar,desayuno,web_intermediaria,UK,no_reembolsable,parcial,66.95,0,0,0,0
2379,2025-12-22,2026-02-19,59,7,2,0,familiar,todo_incluido,directo,NL,no_reembolsable,parcial,138.84,0,0,0,0
5588,2025-12-22,2026-02-17,57,6,3,0,estandar,desayuno,directo,UK,no_reembolsable,total,75.78,0,0,0,0
2039,2025-12-22,2026-07-08,198,3,2,0,estandar,media_pension,agencia,ES,no_reembolsable,total,91.9,1,0,0,0
1962,2025-12-22,2026-03-06,74,4,2,0,estandar,todo_incluido,web_intermediaria,,no_reembolsable,sin_deposito,84.06,0,0,0,0
4601,2025-12-22,2026-01-09,18,4,2,1,familiar,desayuno,web_intermediaria,ES,no_reembolsable,sin_deposito,140.06,2,0,0,0
2653,2025-12-22,2026-03-04,72,5,2,0,estandar,media_pension,directo,otros,flexible,sin_deposito,97.05,0,0,0,0
5887,2025-12-23,2026-01-20,28,3,4,0,estandar,todo_incluido,web_intermediaria,ES,flexible,sin_deposito,76.86,3,0,0,0
3726,2025-12-23,2026-05-23,151,4,1,0,estandar,todo_incluido,web_intermediaria,otros,flexible,sin_deposito,67.33,2,0,0,1
5499,2025-12-23,2026-01-21,29,4,2,1,estandar,desayuno,web_intermediaria,otros,no_reembolsable,sin_deposito,91.06,0,0,0,0
3534,2025-12-23,2026-02-17,56,2,2,0,estandar,desayuno,web_intermediaria,Nordicos,no_reembolsable,total,89.78,0,0,0,0
265,2025-12-23,2026-04-09,107,5,2,0,estandar,desayuno,web_intermediaria,ES,flexible,sin_deposito,73.45,0,0,0,0
1082,2025-12-23,2026-01-13,21,6,3,2,familiar,desayuno,web_intermediaria,otros,flexible,sin_deposito,122.49,1,0,0,1
4718,2025-12-23,2026-01-05,13,6,2,0,superior,solo_alojamiento,web_intermediaria,otros,flexible,sin_deposito,136.86,0,0,0,1
5481,2025-12-23,2026-03-03,70,4,2,1,estandar,desayuno,web_intermediaria,IT,no_reembolsable,sin_deposito,77.54,0,0,0,1
4521,2025-12-23,2026-01-19,27,5,4,1,superior,desayuno,web_intermediaria,UK,no_reembolsable,sin_deposito,124.63,0,0,0,0
2803,2025-12-23,2026-02-13,52,6,2,0,estandar,media_pension,web_intermediaria,UK,no_reembolsable,parcial,89.5,1,0,0,1
1088,2025-12-23,2026-03-10,77,5,2,0,estandar,desayuno,directo,otros,flexible,total,86.67,1,0,0,0
2376,2025-12-23,2026-06-07,166,6,2,3,estandar,solo_alojamiento,web_intermediaria,DE,no_reembolsable,parcial,66.18,2,0,0,0
3149,2025-12-23,2026-01-11,19,5,2,1,estandar,desayuno,empresa,UK,no_reembolsable,parcial,104.4,0,0,0,0
5540,2025-12-24,2025-12-29,5,7,2,1,estandar,desayuno,web_intermediaria,Nordicos,flexible,sin_deposito,86.5,0,0,0,0
2755,2025-12-24,2026-01-31,38,6,4,0,superior,desayuno,web_intermediaria,UK,no_reembolsable,total,134.1,1,0,0,0
4266,2025-12-24,2026-08-22,241,5,2,0,superior,desayuno,directo,ES,flexible,sin_deposito,121.18,1,0,0,1
4792,2025-12-24,2026-03-13,79,4,2,0,estandar,desayuno,web_intermediaria,otros,flexible,sin_deposito,93.25,2,1,0,1
4993,2025-12-24,2026-05-09,136,6,2,2,estandar,desayuno,web_intermediaria,ES,flexible,parcial,72.78,0,0,0,1
347,2025-12-24,2026-04-21,118,5,2,0,estandar,media_pension,agencia,UK,flexible,sin_deposito,60.92,1,0,0,1
4693,2025-12-24,2026-04-16,113,7,1,1,superior,media_pension,agencia,Nordicos,no_reembolsable,parcial,96.98,0,1,1,1
5436,2025-12-24,2026-03-03,69,6,1,0,estandar,todo_incluido,agencia,ES,flexible,sin_deposito,89.65,0,0,0,1
1620,2025-12-24,2026-03-05,71,7,4,2,familiar,solo_alojamiento,empresa,ES,no_reembolsable,total,149.93,0,1,0,1
2046,2025-12-25,2026-04-12,108,9,2,0,superior,desayuno,web_intermediaria,ES,flexible,sin_deposito,98.03,1,0,0,0
1626,2025-12-25,2026-01-03,9,4,2,0,estandar,desayuno,web_intermediaria,ES,flexible,parcial,84.09,0,0,0,0
3279,2025-12-25,2026-01-10,16,3,2,0,estandar,solo_alojamiento,directo,otros,flexible,sin_deposito,96.84,1,0,0,1
2260,2025-12-25,2026-01-31,37,3,2,0,estandar,desayuno,web_intermediaria,ES,no_reembolsable,parcial,75.35,0,0,0,0
4216,2025-12-25,2026-05-29,155,5,2,0,estandar,desayuno,agencia,DE,no_reembolsable,sin_deposito,67.48,3,0,0,1
145,2025-12-25,2026-01-05,11,10,2,0,estandar,desayuno,directo,ES,no_reembolsable,parcial,104.17,0,0,0,0
5113,2025-12-25,2026-03-03,68,5,1,0,familiar,desayuno,web_intermediaria,UK,no_reembolsable,sin_deposito,135.99,0,0,0,0
356,2025-12-25,2026-02-17,54,4,2,0,superior,todo_incluido,empresa,UK,flexible,total,121.53,0,0,0,0
5939,2025-12-25,2026-03-31,96,5,4,0,suite,todo_incluido,agencia,UK,flexible,sin_deposito,198.75,1,0,0,1
2617,2025-12-25,2026-04-17,113,4,2,2,estandar,todo_incluido,empresa,IT,flexible,total,74.3,1,0,0,0
5285,2025-12-25,2026-05-15,141,3,1,2,estandar,media_pension,agencia,UK,flexible,total,65.36,1,1,0,1
5302,2025-12-25,2026-02-01,38,7,2,2,superior,desayuno,web_intermediaria,UK,flexible,sin_deposito,97.09,0,0,0,0
4296,2025-12-26,2026-04-18,113,8,2,0,estandar,desayuno,web_intermediaria,DE,flexible,total,73.99,1,1,0,1
2768,2025-12-26,2026-04-10,105,7,4,0,estandar,desayuno,directo,UK,flexible,sin_deposito,65.53,0,0,0,1
1998,2025-12-26,2026-01-14,19,6,3,0,superior,media_pension,agencia,otros,flexible,sin_deposito,117.99,0,0,0,1
3238,2025-12-26,2026-04-15,110,4,3,2,estandar,desayuno,web_intermediaria,DE,flexible,sin_deposito,73.07,0,0,0,0
3724,2025-12-26,2026-04-22,117,7,2,1,estandar,todo_incluido,web_intermediaria,NL,flexible,parcial,69.3,0,1,1,1
5261,2025-12-26,2026-02-05,41,2,3,0,superior,desayuno,web_intermediaria,UK,no_reembolsable,sin_deposito,126.12,0,0,0,0
1117,2025-12-27,2026-07-29,214,7,2,0,estandar,solo_alojamiento,directo,otros,no_reembolsable,sin_deposito,85.19,1,0,0,0
511,2025-12-27,2026-04-15,109,5,2,0,familiar,desayuno,web_intermediaria,UK,no_reembolsable,parcial,122.55,1,0,0,0
3158,2025-12-27,2026-03-22,85,4,3,0,familiar,desayuno,web_intermediaria,Nordicos,flexible,parcial,133.4,0,0,0,0
5140,2025-12-27,2026-01-23,27,6,1,0,suite,todo_incluido,web_intermediaria,UK,flexible,sin_deposito,202.37,0,0,0,1
1056,2025-12-27,2026-02-02,37,7,4,0,estandar,solo_alojamiento,directo,DE,no_reembolsable,total,85.58,1,0,0,0
1559,2025-12-27,2026-05-10,134,8,2,0,familiar,media_pension,agencia,NL,flexible,parcial,110.88,0,0,0,1
3175,2025-12-27,2026-01-06,10,6,2,1,estandar,todo_incluido,directo,ES,flexible,parcial,91.01,1,0,0,0
5039,2025-12-27,2026-02-28,63,4,2,0,estandar,desayuno,web_intermediaria,UK,no_reembolsable,sin_deposito,98.83,0,1,0,1
1422,2025-12-27,2026-03-06,69,6,2,0,estandar,solo_alojamiento,web_intermediaria,ES,no_reembolsable,total,84.71,0,1,0,1
2956,2025-12-27,2026-07-11,196,6,2,0,estandar,todo_incluido,web_intermediaria,DE,no_reembolsable,parcial,106.83,0,0,0,1
4622,2025-12-27,2026-02-10,45,9,2,0,estandar,solo_alojamiento,web_intermediaria,DE,no_reembolsable,parcial,88.89,0,0,0,1
810,2025-12-28,2026-02-08,42,5,2,0,familiar,desayuno,agencia,NL,flexible,sin_deposito,133.85,1,0,0,0
2173,2025-12-28,2026-07-21,205,7,2,0,superior,desayuno,directo,UK,flexible,sin_deposito,107.78,0,0,0,1
2520,2025-12-28,2026-09-21,267,5,2,0,familiar,todo_incluido,web_intermediaria,Nordicos,no_reembolsable,sin_deposito,114.04,0,0,0,1
5808,2025-12-28,2026-01-26,29,7,2,0,familiar,desayuno,web_intermediaria,UK,flexible,parcial,146.34,0,0,0,0
3621,2025-12-28,2026-03-23,85,7,1,0,suite,desayuno,directo,UK,no_reembolsable,sin_deposito,188.92,0,0,0,0
161,2025-12-28,2026-05-23,146,4,4,0,suite,todo_incluido,directo,NL,flexible,sin_deposito,147.39,1,1,0,0
691,2025-12-28,2026-01-29,32,3,2,0,suite,desayuno,web_intermediaria,ES,flexible,parcial,211.28,1,1,0,1
5602,2025-12-29,2026-05-12,134,5,2,0,estandar,media_pension,web_intermediaria,DE,flexible,total,72.28,1,0,0,0
401,2025-12-29,2026-07-22,205,3,1,0,suite,solo_alojamiento,agencia,ES,no_reembolsable,sin_deposito,173.88,0,0,0,1
1169,2025-12-29,2026-01-29,31,6,2,3,estandar,desayuno,directo,FR,no_reembolsable,parcial,86.5,0,0,0,0
2218,2025-12-29,2026-01-08,10,6,1,0,familiar,todo_incluido,web_intermediaria,DE,no_reembolsable,total,160.34,1,0,0,0
4503,2025-12-29,2026-02-21,54,9,2,0,suite,solo_alojamiento,agencia,IT,no_reembolsable,sin_deposito,192.14,1,0,0,0
1346,2025-12-29,2026-03-08,69,3,2,0,estandar,desayuno,agencia,UK,no_reembolsable,sin_deposito,86.84,0,0,0,1
4882,2025-12-29,2026-07-06,189,2,2,1,estandar,todo_incluido,agencia,ES,no_reembolsable,sin_deposito,76.24,0,1,0,0
2262,2025-12-30,2026-02-22,54,7,2,0,superior,media_pension,directo,UK,no_reembolsable,sin_deposito,115.68,1,0,0,0
1336,2025-12-30,2026-03-05,65,5,2,0,estandar,solo_alojamiento,web_intermediaria,ES,flexible,sin_deposito,84.79,0,0,0,1
3712,2025-12-30,2026-02-22,54,8,2,1,superior,desayuno,directo,Nordicos,flexible,parcial,112.48,3,0,0,0
3122,2025-12-30,2026-06-11,163,4,2,0,estandar,desayuno,directo,UK,flexible,sin_deposito,65.29,0,0,0,0
4422,2025-12-30,2026-04-12,103,1,2,0,estandar,desayuno,web_intermediaria,ES,no_reembolsable,sin_deposito,57.18,1,0,0,1
820,2025-12-30,2026-03-09,69,3,2,2,estandar,desayuno,directo,ES,no_reembolsable,total,83.61,0,1,0,0
3207,2025-12-30,2026-05-04,125,4,1,0,superior,media_pension,web_intermediaria,DE,flexible,total,101.96,2,0,0,1
5842,2025-12-30,2026-04-15,106,3,3,1,superior,desayuno,web_intermediaria,ES,flexible,sin_deposito,103.65,1,0,0,0
3649,2025-12-30,2026-07-04,186,3,2,1,estandar,todo_incluido,directo,ES,no_reembolsable,parcial,85.02,0,0,0,1
