id_reserva,fecha_reserva,fecha_llegada,antelacion_dias,noches,adultos,ninos,tipo_habitacion,regimen,canal,pais_origen,tarifa,deposito,precio_noche,peticiones_especiales,cliente_repetidor,cancelaciones_previas,cancelada
4088,2025-11-09,2026-08-27,291,4,4.0,0,estandar,desayuno,agencia,DE,no_reembolsable,sin_deposito,84.36,0,0,0,1
935,19/11/2024,2025-04-04,136,4,2.0,2,estandar,todo_incluido,web_intermediaria,Nordicos,no_reembolsable,total,74.14,0,0,0,0
4058,22/01/2025,2025-08-12,202,6,4.0,0,superior,desayuno,web_intermediaria,UK,flexible,parcial,,1,0,0,0
4005,2025-08-07,2025-09-07,31,6,4.0,0,superior,todo_incluido,web_intermediaria,España,no_reembolsable,total,93.82,0,0,0,0
3543,2024-03-03,2024-03-09,6,4,2.0,1,estandar,desayuno,web_intermediaria,es,flexible,sin_deposito,,0,0,0,0
1925,2024-09-20,2024-10-02,12,5,2.0,0,estandar,desayuno,WEB_INTERMEDIARIA,FR,no_reembolsable,sin_deposito,77.77,0,0,0,1
4777,2024-09-01,2024-12-06,96,5,1.0,0,estandar,todo_incluido,web_intermediaria,IT,no_reembolsable,parcial,81.02,1,0,0,1
969,02/11/2025,2025-12-07,35,6,3.0,0,estandar,media_pension,web_intermediaria,UK,no_reembolsable,parcial,73.2,0,0,0,1
1750,2025-06-09,2025-08-12,64,3,3.0,0,estandar,todo_incluido,web_intermediaria,UK,no_reembolsable,parcial,76.32,0,0,0,1
907,2024-10-27,2024-12-26,60,7,2.0,0,estandar,todo_incluido,web_intermediaria,,flexible,sin_deposito,91.18,0,0,0,1
4080,2025-07-11,2026-02-19,223,4,3.0,1,estandar,desayuno,web_intermediaria,ES,flexible,parcial,103.92,1,0,0,1
4962,2025-01-03,2025-07-31,209,9,1.0,0,suite,todo_incluido,directo,ES,flexible,sin_deposito,221.38,0,0,0,1
5102,2025-01-31,2025-03-13,41,5,3.0,2,familiar,desayuno,directo,Nordicos,flexible,parcial,162.42,0,0,0,0
271,03/08/2024,2024-08-10,7,7,2.0,2,familiar,todo_incluido,web_intermediaria,otros,flexible,parcial,143.19,0,0,0,1
1158,2025-09-12,2026-01-24,134,6,2.0,0,superior,solo_alojamiento,agencia,Nordicos,flexible,sin_deposito,126.8,0,1,1,1
97,2024-06-23,2024-10-03,102,5,1.0,0,estandar,media_pension,Directo,UK,flexible,sin_deposito,"52,7",2,0,0,1
1833,05/03/2025,2025-07-22,139,5,2.0,0,estandar,,web_intermediaria,ES,flexible,sin_deposito,78.77,1,0,0,0
5273,2024-06-25,2024-09-29,96,8,2.0,2,superior,,directo,ES,flexible,parcial,"96,02",1,0,0,0
3889,2024-04-11,2024-09-16,158,7,4.0,1,estandar,media_pension,agencia,UK,flexible,sin_deposito,65.14,0,0,0,1
185,2024-12-27,2025-05-23,147,8,2.0,0,familiar,media_pension,agencia,UK,flexible,sin_deposito,107.37,1,0,0,1
3101,2024-09-23,2025-01-07,106,9,2.0,0,superior,desayuno,web_intermediaria,,no_reembolsable,parcial,97.23,0,0,0,1
2525,2024-02-15,2024-02-25,10,3,4.0,0,estandar,todo_incluido,directo,,flexible,sin_deposito,80.41,0,0,0,0
3012,2025-01-04,2025-04-12,98,5,2.0,0,estandar,desayuno,agencia,otros,flexible,total,68.23,0,0,0,0
1227,2024-03-19,2024-05-01,43,6,2.0,0,estandar,desayuno,agencia,ES,flexible,sin_deposito,71.86,2,1,0,0
842,2025-04-24,2026-01-09,260,2,3.0,0,estandar,media_pension,agencia,DE,flexible,parcial,85.05,2,0,0,1
5914,2024-04-24,2024-06-08,45,3,,1,estandar,solo_alojamiento,web_intermediaria,DE,no_reembolsable,sin_deposito,73.82,1,0,0,0
655,2025-02-07,2025-05-06,88,2,3.0,0,superior,todo_incluido,web_intermediaria,UK,no_reembolsable,sin_deposito,102.88,0,0,0,0
1092,2024-11-23,2025-02-07,76,7,2.0,0,estandar,desayuno,web_intermediaria,otros,no_reembolsable,parcial,"82,1",3,0,0,1
3253,2024-04-24,2024-06-23,60,4,2.0,0,suite,desayuno,agencia,UK,flexible,sin_deposito,145.25,0,0,0,1
3853,2024-03-17,2024-05-04,48,8,3.0,0,estandar,,empresa,ES,flexible,parcial,66.73,0,0,0,1
1195,18/01/2025,2025-05-26,128,8,3.0,1,estandar,desayuno,web_intermediaria,ES,flexible,sin_deposito,75.84,0,0,0,1
905,2024-12-01,2025-01-08,38,5,,0,suite,todo_incluido,directo,,no_reembolsable,parcial,217.38,0,0,0,1
576,2024-09-29,2024-11-07,39,2,2.0,0,superior,todo_incluido,agencia,otros,flexible,parcial,"88,73",1,0,0,1
2430,2024-07-16,2024-08-18,33,6,2.0,2,estandar,desayuno,directo,,flexible,sin_deposito,94.01,0,0,0,0
3045,2024-05-18,2024-06-20,33,8,2.0,0,estandar,solo_alojamiento,web_intermediaria,ES,flexible,sin_deposito,71.55,0,1,1,1
4015,2024-07-25,2024-10-28,95,6,1.0,1,estandar,solo_alojamiento,agencia,España,flexible,parcial,73.17,0,0,0,1
5418,2024-05-04,2024-06-17,44,10,2.0,0,superior,desayuno,directo,DE,no_reembolsable,parcial,89.06,1,0,0,0
281,2024-07-20,2024-12-17,150,7,2.0,1,superior,solo_alojamiento,directo,otros,no_reembolsable,sin_deposito,133.81,1,0,0,0
3410,2024-12-11,2025-02-13,64,9,3.0,2,familiar,,directo,España,flexible,parcial,145.41,1,0,0,0
4662,2025-02-27,2025-09-27,212,5,3.0,0,superior,media_pension,web_intermediaria,ES,no_reembolsable,sin_deposito,"98,03",0,0,0,1
3508,15/08/2025,2025-09-28,44,6,2.0,0,suite,todo_incluido,web_intermediaria,IT,flexible,sin_deposito,"153,09",1,0,0,1
3879,2024-05-10,2024-05-28,18,11,3.0,1,superior,desayuno,web_intermediaria,,no_reembolsable,parcial,104.84,0,0,0,0
1826,2025-10-20,2026-03-05,136,7,2.0,0,estandar,desayuno,web_intermediaria,UK,no_reembolsable,parcial,101.78,0,0,0,1
3769,2025-08-12,2025-11-19,99,11,1.0,1,estandar,desayuno,web_intermediaria,ES,no_reembolsable,parcial,77.93,1,0,0,1
853,2025-12-04,2025-12-29,25,7,2.0,2,estandar,media_pension,web_intermediaria,UK,flexible,sin_deposito,,0,1,1,0
3734,12/11/2025,2026-01-25,74,2,2.0,1,superior,media_pension,agencia,UK,flexible,sin_deposito,111.85,0,0,0,1
309,18/08/2024,2025-01-18,153,3,3.0,0,superior,media_pension,web_intermediaria,Reino Unido,flexible,sin_deposito,115.56,0,0,0,1
1459,2024-07-11,2024-09-23,74,6,3.0,2,superior,media_pension,agencia,otros,flexible,sin_deposito,90.52,1,0,0,1
2032,2024-05-09,2024-06-18,40,9,3.0,0,estandar,desayuno,web_intermediaria,ES,flexible,sin_deposito,77.75,0,0,0,0
647,2024-12-02,2025-01-03,32,1,3.0,0,superior,todo_incluido,web_intermediaria,DE,no_reembolsable,parcial,128.73,0,0,0,0
1687,2024-11-08,2025-01-09,62,10,1.0,0,estandar,todo_incluido,agencia,IT,flexible,parcial,86.49,0,0,0,0
5327,2025-02-16,2025-03-17,29,10,2.0,0,estandar,solo_alojamiento,Directo,,flexible,sin_deposito,-50.0,0,0,0,0
115,04/01/2025,2025-05-06,122,5,2.0,0,familiar,todo_incluido,web_intermediaria,ES,no_reembolsable,sin_deposito,113.39,0,0,0,1
121,2024-11-16,2024-11-28,12,5,2.0,0,estandar,todo_incluido,directo,NL,no_reembolsable,sin_deposito,64.36,1,0,0,0
5323,2025-05-18,2025-06-27,40,7,2.0,1,estandar,desayuno,web_intermediaria,ES,no_reembolsable,sin_deposito,61.7,1,0,0,1
5225,2025-01-20,2025-03-07,46,9,2.0,0,estandar,todo_incluido,web_intermediaria,ES,flexible,sin_deposito,86.74,0,0,0,1
2838,2025-10-18,2026-01-14,88,4,4.0,2,estandar,desayuno,web_intermediaria,UK,flexible,sin_deposito,93.69,1,0,0,0
466,2025-12-06,2026-02-20,76,7,3.0,0,estandar,desayuno,agencia,FR,flexible,total,90.89,0,0,0,0
2138,17/01/2024,2024-02-04,18,5,2.0,0,estandar,media_pension,empresa,DE,no_reembolsable,sin_deposito,88.09,1,0,0,0
1182,2025-11-08,2026-02-23,107,3,3.0,0,familiar,solo_alojamiento,directo,DE,flexible,parcial,134.65,0,0,0,1
596,2025-08-08,2025-11-13,97,7,2.0,1,estandar,solo_alojamiento,web_intermediaria,ES,flexible,sin_deposito,71.49,0,0,0,1
1676,2025-12-18,2026-04-10,113,7,2.0,0,estandar,desayuno,web_intermediaria,otros,no_reembolsable,sin_deposito,60.25,1,1,0,1
4956,2024-05-20,2024-07-04,45,5,2.0,0,superior,desayuno,web_intermediaria,DE,flexible,sin_deposito,116.28,2,0,0,1
1854,27/04/2024,2024-06-12,46,5,1.0,1,familiar,media_pension,directo,,flexible,sin_deposito,93.49,0,0,0,0
1645,2024-04-06,2024-08-25,141,7,2.0,1,estandar,desayuno,web_intermediaria,FR,no_reembolsable,parcial,83.66,0,0,0,1
265,2025-12-23,2026-04-09,107,5,2.0,0,estandar,desayuno,web_intermediaria,ES,flexible,sin_deposito,73.45,0,0,0,0
1828,2025-12-19,2026-03-29,100,3,2.0,0,superior,desayuno,web_intermediaria,FR,no_reembolsable,sin_deposito,"122,04",0,0,0,1
205,2024-11-29,2025-04-08,130,2,2.0,2,superior,media_pension,web_intermediaria,UK,flexible,sin_deposito,93.53,1,0,0,1
4302,2025-04-24,2025-06-17,54,5,2.0,0,estandar,media_pension,web_intermediaria,ES,flexible,total,71.22,1,0,0,0
3667,05/03/2025,2025-05-10,66,4,2.0,0,superior,media_pension,agencia,DE,no_reembolsable,sin_deposito,85.39,2,0,0,0
2901,2025-01-05,2025-02-16,42,8,3.0,0,estandar,desayuno,agencia,UK,flexible,parcial,86.23,0,0,0,0
2134,2024-10-18,2025-02-24,129,2,3.0,0,estandar,todo_incluido,directo,ES,flexible,sin_deposito,"73,05",2,1,0,0
3821,2024-04-02,2024-04-20,18,5,3.0,0,estandar,media_pension,directo,,flexible,sin_deposito,78.37,2,0,0,0
3359,2024-05-16,2024-10-16,153,7,2.0,0,familiar,media_pension,agencia,Nordicos,flexible,parcial,110.38,2,1,1,1
2127,2024-08-12,2024-09-13,32,6,1.0,0,familiar,solo_alojamiento,agencia,uk,flexible,parcial,103.19,1,1,0,0
4538,2025-06-12,2026-01-15,217,1,2.0,2,superior,desayuno,empresa,DE,flexible,sin_deposito,132.79,1,0,0,1
3999,2025-06-17,2025-09-03,78,5,3.0,0,estandar,solo_alojamiento,web_intermediaria,ES,no_reembolsable,sin_deposito,75.08,0,0,0,1
3644,2024-12-25,2025-02-23,60,8,3.0,0,estandar,desayuno,directo,otros,flexible,sin_deposito,"95,73",1,0,0,1
4972,2024-10-06,2024-11-21,46,7,1.0,0,estandar,todo_incluido,directo,ES,flexible,parcial,69.21,2,1,1,0
1366,2024-01-13,2024-01-22,9,8,2.0,0,familiar,desayuno,directo,ES,flexible,sin_deposito,145.63,1,0,0,1
2064,2025-06-09,2025-09-20,103,5,2.0,0,estandar,desayuno,web_intermediaria,NL,flexible,sin_deposito,71.49,0,0,0,1
3029,2024-06-12,2024-09-22,102,10,2.0,0,estandar,media_pension,web_intermediaria,UK,no_reembolsable,sin_deposito,76.37,1,0,0,1
5267,2025-01-31,2025-06-16,136,6,1.0,0,familiar,todo_incluido,web_intermediaria,UK,flexible,parcial,101.2,1,1,0,1
5197,2025-11-14,2026-04-04,141,3,1.0,1,familiar,todo_incluido,directo,UK,no_reembolsable,parcial,98.25,0,0,0,1
2706,2024-07-26,2024-08-26,31,3,2.0,0,estandar,todo_incluido,web_intermediaria,IT,flexible,sin_deposito,86.83,1,0,0,0
3018,2024-06-06,2024-06-20,14,4,4.0,1,suite,todo_incluido,web_intermediaria,IT,flexible,parcial,172.79,0,0,0,0
1406,2024-04-23,2024-08-05,104,5,2.0,0,estandar,solo_alojamiento,web_intermediaria,Nordicos,flexible,sin_deposito,"87,97",2,0,0,0
1951,2025-10-30,2026-05-05,187,4,3.0,2,suite,media_pension,directo ,,no_reembolsable,parcial,156.32,0,0,0,1
3283,2025-12-08,2026-03-19,101,6,3.0,1,estandar,desayuno,web_intermediaria,otros,no_reembolsable,total,"91,96",1,0,0,1
5473,2025-08-06,2025-12-24,140,5,2.0,0,estandar,desayuno,agencia,ES,no_reembolsable,parcial,98.87,0,0,0,1
4537,29/02/2024,2024-05-20,81,5,1.0,0,estandar,media_pension,Web Intermediaria,,no_reembolsable,parcial,74.23,0,0,0,0
784,30/03/2024,2024-08-08,131,3,4.0,0,suite,desayuno,directo,UK,flexible,sin_deposito,200.05,1,0,0,0
4975,2025-08-08,2025-08-30,22,7,2.0,2,estandar,desayuno,agencia,DE,flexible,sin_deposito,81.66,0,0,0,0
984,2025-04-18,2025-05-23,35,4,1.0,0,superior,todo_incluido,agencia,Nordicos,no_reembolsable,total,89.35,1,1,1,0
4141,2025-06-14,2025-09-13,91,3,2.0,0,estandar,desayuno,directo,DE,flexible,sin_deposito,60.3,1,0,0,1
3433,2024-05-31,2024-10-05,127,4,1.0,0,familiar,media_pension,directo,UK,no_reembolsable,sin_deposito,97.82,0,0,0,0
4484,2024-02-14,2024-09-06,205,4,3.0,0,estandar,desayuno,directo,Reino Unido,flexible,parcial,67.22,0,0,0,0
501,2024-03-24,2024-06-19,87,4,3.0,0,estandar,desayuno,web_intermediaria,ES,flexible,sin_deposito,66.68,0,0,0,1
5232,2024-12-26,2025-03-27,91,1,3.0,0,superior,desayuno,Directo,otros,flexible,sin_deposito,"106,82",1,0,0,1
5627,2024-11-01,2024-11-13,12,4,2.0,0,estandar,desayuno,web_intermediaria,ES,flexible,total,70.9,0,0,0,1
101,2025-08-30,2025-09-26,27,7,2.0,0,familiar,desayuno,web_intermediaria,DE,flexible,parcial,"103,83",1,0,0,0
671,2025-11-26,2026-01-20,55,4,4.0,0,estandar,todo_incluido,agencia,UK,flexible,sin_deposito,,1,1,1,0
4555,2025-06-01,2025-06-16,15,5,3.0,0,suite,desayuno,web_intermediaria,NL,flexible,sin_deposito,137.4,1,0,0,0
455,2025-03-11,2025-05-20,70,-2,2.0,0,estandar,solo_alojamiento,agencia,FR,flexible,total,71.3,2,0,0,0
3108,2024-09-26,2025-02-23,150,8,2.0,0,estandar,todo_incluido,agencia,NL,no_reembolsable,sin_deposito,92.96,2,0,0,1
4523,2025-01-28,2025-07-03,156,9,1.0,0,suite,desayuno,web_intermediaria,UK,flexible,parcial,198.0,1,0,0,0
3642,2025-11-08,2026-03-01,113,6,4.0,0,estandar,media_pension,web_intermediaria,ES,flexible,sin_deposito,74.96,0,0,0,1
5761,01/04/2024,2024-05-22,51,4,2.0,0,estandar,desayuno,directo,ES,flexible,parcial,76.38,2,0,0,0
557,2025-06-21,2025-10-12,113,7,2.0,0,estandar,solo_alojamiento,directo,UK,no_reembolsable,total,74.63,0,0,0,0
3273,2025-04-21,2025-06-14,54,4,2.0,0,estandar,desayuno,empresa,,no_reembolsable,total,71.0,0,0,0,0
5949,2025-11-13,2025-12-01,18,5,2.0,3,familiar,media_pension,agencia,DE,no_reembolsable,total,147.4,1,0,0,0
3957,2025-01-15,2025-11-03,292,5,2.0,0,estandar,solo_alojamiento,directo,Nordicos,no_reembolsable,sin_deposito,79.51,2,1,1,1
1739,2024-01-03,2024-02-15,43,6,3.0,2,superior,desayuno,agencia,NL,flexible,parcial,119.6,0,0,0,0
3656,2024-12-17,2025-02-13,58,4,2.0,0,estandar,desayuno,web_intermediaria,UK,flexible,sin_deposito,87.85,1,1,0,1
2513,03/12/2025,2026-01-08,36,4,3.0,0,superior,desayuno,web_intermediaria,DE,flexible,sin_deposito,97.25,2,0,0,1
4231,2024-02-23,2024-07-03,131,4,2.0,0,estandar,desayuno,web_intermediaria,DE,flexible,total,79.84,0,1,0,1
3604,2025-03-31,2025-05-20,50,5,2.0,0,superior,media_pension,web_intermediaria,otros,no_reembolsable,sin_deposito,"90,35",0,0,0,0
4199,2025-11-26,2025-12-02,6,5,1.0,2,superior,desayuno,web_intermediaria,otros,flexible,sin_deposito,127.78,2,0,0,0
5996,2024-06-02,2024-08-12,71,4,4.0,0,superior,todo_incluido,web_intermediaria,ES,flexible,total,119.96,0,1,1,1
1783,2024-01-18,2024-05-01,104,7,2.0,1,estandar,media_pension,web_intermediaria,UK,no_reembolsable,sin_deposito,"74,44",4,0,0,1
1217,2025-01-05,2025-03-29,83,2,3.0,0,estandar,desayuno,directo,UK,flexible,parcial,82.96,2,0,0,1
1790,04/07/2025,2025-10-14,102,8,1.0,0,estandar,todo_incluido,web_intermediaria,FR,flexible,sin_deposito,57.34,0,0,0,1
3685,2025-12-13,2026-01-13,31,3,2.0,2,superior,desayuno,directo,FR,flexible,parcial,128.7,0,0,0,0
4287,2025-06-05,2025-07-15,40,2,3.0,0,estandar,todo_incluido,agencia,UK,flexible,parcial,89.38,1,1,2,1
2961,2025-11-03,2026-01-13,71,9,2.0,1,familiar,desayuno,agencia,Nordicos,flexible,parcial,150.15,2,0,0,0
3820,13/10/2025,2026-03-19,157,7,,0,estandar,desayuno,agencia,FR,no_reembolsable,sin_deposito,"92,39",0,0,0,0
970,2024-01-27,2024-03-01,34,11,2.0,2,estandar,desayuno,agencia,UK,no_reembolsable,sin_deposito,86.62,1,0,0,1
1979,2024-02-11,2024-07-04,144,9,3.0,0,superior,media_pension,web intermediaria ,DE,no_reembolsable,parcial,"124,16",2,0,0,0
5643,2025-05-07,2025-05-31,24,4,2.0,0,familiar,todo_incluido,web_intermediaria,ES,flexible,sin_deposito,120.6,2,0,0,0
555,2025-12-19,2026-05-07,139,8,2.0,0,familiar,desayuno,agencia,ES,no_reembolsable,sin_deposito,123.37,0,0,0,0
3166,2024-10-20,2024-11-21,32,7,2.0,1,estandar,desayuno,web_intermediaria,UK,no_reembolsable,total,68.45,0,1,0,0
948,2024-04-07,2024-10-21,197,4,4.0,0,superior,todo_incluido,web_intermediaria,NL,no_reembolsable,total,98.62,0,0,0,0
5947,2024-07-09,2025-06-16,342,6,4.0,0,superior,media_pension,web_intermediaria,DE,flexible,sin_deposito,102.32,2,0,0,1
299,2024-07-26,2025-01-21,179,6,2.0,0,superior,solo_alojamiento,directo,es,no_reembolsable,total,117.79,1,0,0,0
761,2024-05-08,2024-07-07,60,4,2.0,1,estandar,media_pension,agencia,ES,no_reembolsable,total,93.78,1,0,0,0
2834,02/02/2025,2025-04-08,65,7,2.0,2,estandar,desayuno,agencia,otros,flexible,sin_deposito,,1,0,0,0
645,2025-07-16,2025-08-27,42,4,2.0,0,estandar,todo_incluido,agencia,otros,flexible,sin_deposito,90.91,3,0,0,0
1513,2025-06-27,2025-07-08,11,4,2.0,0,superior,desayuno,agencia,otros,no_reembolsable,parcial,107.07,0,0,0,0
3141,2024-12-25,2025-03-01,66,5,3.0,1,familiar,solo_alojamiento,Web Intermediaria,ES,flexible,parcial,133.57,1,1,0,0
2560,2025-03-06,2025-04-10,35,3,2.0,0,familiar,desayuno,web_intermediaria,NL,flexible,sin_deposito,117.75,0,0,0,1
544,2024-05-07,2024-07-12,66,5,3.0,2,superior,desayuno,directo,DE,flexible,sin_deposito,"128,2",1,0,0,0
4666,2025-08-26,2025-12-03,99,2,2.0,0,estandar,media_pension,web_intermediaria,DE,flexible,total,94.42,0,0,0,1
626,2024-06-18,2024-10-30,134,5,2.0,2,estandar,desayuno,WEB_INTERMEDIARIA,ES,flexible,sin_deposito,71.29,0,1,1,1
3456,2025-09-23,2025-12-25,93,2,2.0,0,estandar,desayuno,web_intermediaria,,flexible,sin_deposito,89.75,0,0,0,1
893,2025-01-16,2025-06-25,160,5,3.0,0,estandar,desayuno,web_intermediaria,UK,flexible,sin_deposito,73.24,0,1,0,0
1995,2025-07-04,2025-09-15,73,2,4.0,0,familiar,solo_alojamiento,web_intermediaria,otros,flexible,total,101.17,1,0,0,0
126,2025-02-16,2025-03-08,20,7,3.0,0,familiar,desayuno,web intermediaria ,FR,flexible,parcial,150.29,1,1,0,0
3274,2024-10-21,2024-12-16,56,3,2.0,0,estandar,solo_alojamiento,web_intermediaria,otros,no_reembolsable,sin_deposito,87.74,0,0,0,0
1388,2024-08-25,2024-10-24,-3,3,,0,estandar,solo_alojamiento,directo,ES,no_reembolsable,parcial,69.17,0,1,0,1
4955,2024-10-01,2024-12-22,82,3,3.0,1,estandar,media_pension,web_intermediaria,DE,flexible,parcial,96.18,0,0,0,0
868,2025-09-03,2025-10-14,41,7,2.0,0,superior,media_pension,web intermediaria ,ES,flexible,parcial,96.24,1,0,0,0
527,2025-11-05,2026-03-01,116,8,2.0,0,familiar,media_pension,web intermediaria ,DE,flexible,parcial,"133,57",0,0,0,1
5205,2025-01-16,2025-06-09,144,6,2.0,2,superior,todo_incluido,web_intermediaria,ES,flexible,sin_deposito,102.35,1,0,0,0
5073,2024-05-07,2024-07-30,84,3,3.0,0,estandar,desayuno,web_intermediaria,DE,no_reembolsable,sin_deposito,95.65,2,1,1,1
961,2024-04-22,2024-06-01,40,8,4.0,0,superior,media_pension,agencia,NL,flexible,parcial,91.33,1,0,0,0
1242,2025-07-21,2025-08-18,28,6,,0,estandar,todo_incluido,agencia,,no_reembolsable,sin_deposito,95.46,0,0,0,0
2475,2024-03-17,2024-07-22,127,6,4.0,0,estandar,solo_alojamiento,directo,España,flexible,sin_deposito,83.45,0,0,0,0
4375,09/08/2024,2024-10-02,54,3,2.0,0,suite,todo_incluido,directo,es,flexible,sin_deposito,145.68,0,1,0,1
4092,2024-01-31,2024-02-21,21,2,2.0,0,superior,solo_alojamiento,agencia,Nordicos,flexible,sin_deposito,124.89,0,0,0,0
1896,2025-09-13,2026-05-11,240,6,3.0,0,estandar,media_pension,directo,UK,flexible,sin_deposito,,0,0,0,1
958,2025-04-08,2025-04-24,16,8,2.0,3,familiar,desayuno,web_intermediaria,uk,no_reembolsable,sin_deposito,"111,74",0,0,0,0
641,2025-05-04,2025-12-04,214,1,3.0,0,estandar,todo_incluido,web_intermediaria,ES,no_reembolsable,parcial,86.85,0,1,1,1
3930,2025-06-24,2025-08-14,51,1,2.0,0,estandar,desayuno,web_intermediaria,NL,no_reembolsable,sin_deposito,86.64,2,0,0,1
4209,2024-06-14,2024-09-03,81,5,2.0,0,estandar,todo_incluido,web_intermediaria,otros,flexible,sin_deposito,73.93,0,0,0,1
3008,2024-11-06,2025-01-23,78,5,2.0,0,estandar,desayuno,web_intermediaria,España,flexible,sin_deposito,87.01,0,0,0,1
2563,2025-05-01,2025-05-26,25,6,1.0,0,superior,desayuno,directo,Reino Unido,flexible,sin_deposito,101.24,1,0,0,0
3228,2024-10-03,2025-06-24,264,4,3.0,0,estandar,,web_intermediaria,UK,no_reembolsable,sin_deposito,67.82,1,0,0,1
5205,2025-01-16,2025-06-09,144,6,2.0,2,superior,todo_incluido,web_intermediaria,ES,flexible,sin_deposito,102.35,1,0,0,0
4295,2025-11-07,2025-12-02,25,6,4.0,0,superior,media_pension,web_intermediaria,ES,flexible,parcial,116.02,0,0,0,0
5809,2024-12-18,2025-02-20,64,6,2.0,0,familiar,desayuno,web_intermediaria,,flexible,sin_deposito,134.15,2,0,0,1
3540,2025-08-26,2025-10-01,36,7,2.0,2,estandar,desayuno,web_intermediaria,UK,no_reembolsable,parcial,64.32,1,1,0,0
820,2025-12-30,2026-03-09,69,3,2.0,2,estandar,desayuno,directo,ES,no_reembolsable,total,83.61,0,1,0,0
895,2025-07-01,2025-11-16,138,4,4.0,1,superior,media_pension,web_intermediaria,UK,flexible,parcial,99.49,0,0,0,1
4518,2024-02-12,2024-05-20,98,3,3.0,0,superior,solo_alojamiento,web_intermediaria,ES,flexible,sin_deposito,89.05,0,0,0,1
2799,2025-05-31,2025-12-02,185,5,,0,estandar,todo_incluido,agencia,uk,no_reembolsable,sin_deposito,,0,1,2,1
526,2024-08-14,2024-10-12,59,1,2.0,2,superior,solo_alojamiento,web_intermediaria,DE,no_reembolsable,total,86.2,2,0,0,0
2414,2025-03-15,2025-06-20,97,5,3.0,0,estandar,solo_alojamiento,web_intermediaria,NL,no_reembolsable,parcial,68.11,0,1,2,0
1774,2024-10-14,2024-12-16,63,4,2.0,0,estandar,todo_incluido,agencia,ES,no_reembolsable,sin_deposito,96.36,1,0,0,0
4881,2024-10-04,2024-10-20,16,6,2.0,0,familiar,media_pension,directo,UK,flexible,sin_deposito,125.72,0,0,0,0
5395,2025-01-31,2025-02-07,7,4,4.0,0,estandar,solo_alojamiento,empresa,NL,flexible,sin_deposito,78.6,0,0,0,0
3149,2025-12-23,2026-01-11,19,5,2.0,1,estandar,desayuno,empresa,UK,no_reembolsable,parcial,104.4,0,0,0,0
614,2024-10-08,2024-11-07,30,5,1.0,1,superior,todo_incluido,web_intermediaria,NL,no_reembolsable,sin_deposito,95.47,0,0,0,0
2412,2024-02-06,2024-03-04,27,5,2.0,0,estandar,desayuno,agencia,UK,flexible,parcial,93.65,0,0,0,0
5561,13/12/2024,2025-01-31,49,5,2.0,0,estandar,media_pension,web_intermediaria,Nordicos,no_reembolsable,total,83.98,0,1,1,0
1791,2025-03-02,2025-03-12,10,7,2.0,0,familiar,media_pension,directo,UK,flexible,sin_deposito,129.46,2,1,0,0
4278,2025-07-12,2025-10-19,99,7,3.0,0,estandar,solo_alojamiento,web_intermediaria,UK,no_reembolsable,parcial,67.23,1,0,0,0
4876,2025-04-29,2025-07-12,74,5,1.0,0,estandar,desayuno,directo,DE,flexible,sin_deposito,90.49,0,0,0,1
873,2024-03-24,2024-07-14,112,9,4.0,0,estandar,todo_incluido,web_intermediaria,otros,flexible,sin_deposito,87.76,2,1,0,1
5210,2024-01-24,2024-02-02,9,3,2.0,0,superior,desayuno,agencia,UK,flexible,total,125.06,1,0,0,0
4878,2024-11-15,2025-04-21,157,9,1.0,0,superior,media_pension,directo,ES,flexible,sin_deposito,84.8,0,1,0,1
1715,2025-04-15,2025-07-21,97,4,2.0,0,familiar,desayuno,web_intermediaria,UK,flexible,total,160.95,1,1,0,1
1927,2024-09-19,2025-01-24,127,8,3.0,2,superior,media_pension,directo,Nordicos,no_reembolsable,sin_deposito,116.93,1,0,0,1
1798,2024-05-15,2024-11-07,176,5,2.0,2,familiar,todo_incluido,web_intermediaria,otros,flexible,parcial,115.97,0,0,0,0
4715,2024-01-21,2024-03-26,65,8,2.0,0,estandar,desayuno,Web Intermediaria,IT,no_reembolsable,sin_deposito,"80,57",1,0,0,1
336,13/08/2025,2025-10-25,73,5,2.0,0,estandar,desayuno,Web Intermediaria,ES,flexible,parcial,73.89,1,0,0,0
4621,2025-03-26,2025-08-29,156,6,3.0,3,superior,desayuno,directo,DE,no_reembolsable,sin_deposito,"104,44",0,1,0,0
543,2024-05-22,2024-07-04,43,5,1.0,0,familiar,desayuno,web_intermediaria,,flexible,sin_deposito,142.39,0,0,0,0
5191,2025-06-19,2026-04-07,292,6,2.0,0,estandar,solo_alojamiento,agencia,ES,flexible,parcial,72.51,0,1,0,1
5440,2025-02-10,2025-04-03,52,4,2.0,2,estandar,desayuno,directo,UK,no_reembolsable,parcial,78.4,2,0,0,0
1180,2024-01-19,2024-02-20,32,6,2.0,0,estandar,desayuno,web_intermediaria,UK,no_reembolsable,sin_deposito,89.85,0,0,0,0
591,2025-08-07,2025-09-07,31,6,1.0,0,estandar,todo_incluido,web_intermediaria,NL,flexible,parcial,57.11,1,0,0,0
1477,2024-12-24,2025-02-11,49,7,2.0,0,estandar,desayuno,agencia,DE,flexible,parcial,92.91,2,0,0,0
4888,2025-01-28,2025-03-02,33,3,2.0,0,superior,media_pension,directo,DE,flexible,parcial,104.1,1,0,0,0
4656,2024-05-24,2024-10-02,131,3,3.0,0,familiar,media_pension,web_intermediaria,UK,no_reembolsable,sin_deposito,106.22,1,0,0,1
474,07/12/2024,2025-02-23,78,7,3.0,0,estandar,desayuno,agencia,ES,flexible,sin_deposito,88.19,2,1,1,0
113,2025-02-09,2025-03-22,41,3,3.0,1,estandar,desayuno,web_intermediaria,FR,flexible,sin_deposito,81.49,0,0,0,1
920,2025-04-09,2025-05-10,31,7,2.0,0,estandar,solo_alojamiento,agencia,Nordicos,flexible,sin_deposito,65.17,1,0,0,0
1964,2025-08-20,2025-10-18,59,7,2.0,0,estandar,desayuno,web_intermediaria,DE,flexible,sin_deposito,62.05,0,1,1,1
2404,2025-02-06,2025-05-06,89,9,,2,superior,desayuno,agencia,ES,flexible,sin_deposito,96.67,0,0,0,1
839,2024-01-11,2024-04-07,87,5,2.0,0,estandar,todo_incluido,web_intermediaria,IT,flexible,sin_deposito,70.62,2,0,0,1
2362,2025-07-02,2026-04-09,281,7,3.0,2,estandar,media_pension,web_intermediaria,NL,no_reembolsable,sin_deposito,69.8,1,0,0,1
1789,2024-12-11,2025-01-23,43,8,3.0,0,superior,todo_incluido,agencia,DE,no_reembolsable,sin_deposito,111.85,1,0,0,0
4649,2024-08-01,2024-09-03,33,4,1.0,0,superior,todo_incluido,web_intermediaria,otros,flexible,sin_deposito,65.94,0,0,0,0
4875,2024-05-19,2025-01-30,256,3,2.0,0,estandar,,web_intermediaria,UK,no_reembolsable,sin_deposito,92.81,2,0,0,1
2667,2024-06-24,2024-08-27,64,10,1.0,0,estandar,desayuno,Web Intermediaria,ES,flexible,sin_deposito,,0,0,0,1
2812,27/07/2024,2024-08-07,11,5,2.0,0,familiar,media_pension,directo,UK,flexible,parcial,"118,89",0,0,0,0
5253,2025-06-05,2025-09-11,98,5,2.0,0,suite,desayuno,web_intermediaria,DE,flexible,parcial,167.74,0,0,0,1
3250,2024-10-15,2024-10-29,14,12,2.0,2,estandar,desayuno,directo,Nordicos,no_reembolsable,sin_deposito,60.16,1,1,0,0
3087,12/05/2024,2024-07-16,65,3,2.0,0,suite,solo_alojamiento,agencia,DE,no_reembolsable,total,177.47,0,0,0,0
2830,2024-04-02,2024-09-02,153,3,1.0,0,suite,media_pension,web_intermediaria,UK,no_reembolsable,sin_deposito,0.0,0,0,0,0
2455,2025-08-28,2025-10-23,56,4,3.0,0,estandar,solo_alojamiento,empresa,DE,flexible,sin_deposito,63.57,1,0,0,1
1350,2025-03-10,2025-04-29,50,5,2.0,0,estandar,solo_alojamiento,web_intermediaria,otros,flexible,sin_deposito,75.17,0,0,0,1
5033,2024-09-19,2025-04-06,199,6,1.0,1,familiar,desayuno,agencia,UK,flexible,sin_deposito,,1,1,1,1
1935,2024-04-17,2024-09-22,158,3,2.0,0,superior,todo_incluido,web_intermediaria,Nordicos,flexible,total,97.5,0,0,0,1
4563,2024-01-15,2024-05-06,112,4,4.0,0,estandar,desayuno,web_intermediaria,DE,no_reembolsable,parcial,74.57,0,0,0,1
855,2024-07-29,2024-08-27,29,9,2.0,0,superior,,empresa,UK,no_reembolsable,sin_deposito,118.32,0,0,0,0
1453,2024-02-07,2024-03-05,27,5,2.0,0,estandar,todo_incluido,directo,UK,no_reembolsable,parcial,71.07,0,0,0,0
2390,2025-09-29,2025-10-27,28,6,1.0,0,estandar,solo_alojamiento,web_intermediaria,NL,flexible,sin_deposito,"60,83",1,0,0,0
5504,2025-06-12,2025-09-12,92,5,2.0,0,estandar,desayuno,empresa,UK,no_reembolsable,sin_deposito,73.66,1,0,0,0
2749,2024-10-29,2024-12-28,60,6,4.0,0,estandar,todo_incluido,web_intermediaria,ES,no_reembolsable,total,78.93,0,0,0,0
884,2024-04-23,2024-06-30,68,5,2.0,0,estandar,desayuno,directo,ES,flexible,sin_deposito,58.31,2,0,0,0
1956,2024-10-19,2025-04-09,172,5,3.0,2,estandar,media_pension,directo,IT,no_reembolsable,sin_deposito,68.86,0,0,0,1
5396,2024-01-24,2024-03-05,41,3,1.0,0,estandar,desayuno,web intermediaria ,ES,no_reembolsable,sin_deposito,82.32,0,0,0,0
1408,2025-09-30,2026-02-06,129,9,2.0,0,suite,media_pension,directo,otros,no_reembolsable,parcial,199.14,1,1,0,0
5388,2025-12-21,2026-03-22,91,6,3.0,0,superior,media_pension,web_intermediaria,DE,no_reembolsable,sin_deposito,121.4,0,0,0,0
3098,2024-08-17,2025-03-26,221,3,2.0,0,estandar,desayuno,directo,Nordicos,flexible,sin_deposito,"88,43",1,0,0,1
3037,2025-08-08,2025-08-27,19,4,2.0,0,superior,desayuno,web_intermediaria,DE,no_reembolsable,parcial,114.7,0,0,0,0
5317,27/01/2025,2025-03-19,51,4,3.0,0,superior,desayuno,web intermediaria ,España,no_reembolsable,sin_deposito,117.68,1,0,0,1
1611,2025-07-20,2025-09-02,44,6,2.0,2,superior,desayuno,agencia,UK,flexible,parcial,85.15,0,0,0,0
3940,2025-01-07,2025-04-14,97,5,2.0,1,estandar,desayuno,directo,DE,flexible,parcial,69.92,2,0,0,0
2636,20/01/2024,2024-05-03,104,1,3.0,0,familiar,media_pension,web_intermediaria,DE,no_reembolsable,sin_deposito,,2,0,0,0
5325,2025-10-28,2025-12-18,51,5,,0,estandar,todo_incluido,web_intermediaria,ES,no_reembolsable,parcial,98.19,1,0,0,1
3740,2025-08-30,2026-01-30,153,2,3.0,3,estandar,todo_incluido,web_intermediaria,ES,flexible,sin_deposito,105.89,1,0,0,1
252,2024-12-26,2025-02-24,60,8,2.0,0,familiar,todo_incluido,agencia,UK,no_reembolsable,sin_deposito,"136,97",0,0,0,0
3990,2024-12-12,2025-03-01,79,6,2.0,0,estandar,desayuno,agencia,IT,flexible,sin_deposito,"89,99",0,0,0,0
4407,2024-07-07,2024-08-11,35,5,2.0,0,estandar,desayuno,web_intermediaria,,flexible,sin_deposito,81.47,0,0,0,1
3650,2025-06-22,2025-08-01,40,3,2.0,0,suite,solo_alojamiento,agencia,otros,flexible,sin_deposito,183.65,0,0,0,0
541,2025-06-01,2025-06-22,21,9,2.0,2,estandar,desayuno,web_intermediaria,Nordicos,flexible,parcial,61.32,0,0,0,1
566,2024-06-21,2024-08-26,66,8,1.0,0,superior,todo_incluido,web_intermediaria,Nordicos,flexible,sin_deposito,127.94,1,1,0,1
2151,2024-08-27,2024-09-29,33,8,2.0,0,estandar,todo_incluido,web_intermediaria,ES,flexible,sin_deposito,77.42,1,0,0,0
5148,2025-08-26,2026-02-08,166,5,2.0,0,superior,desayuno,empresa,UK,no_reembolsable,sin_deposito,"126,02",0,0,0,0
3701,2024-04-21,2025-01-01,255,3,2.0,0,estandar,desayuno,agencia,FR,no_reembolsable,total,87.99,0,0,0,1
283,2025-05-04,2025-07-05,62,5,2.0,0,superior,todo_incluido,directo,NL,flexible,sin_deposito,"114,66",2,0,0,1
1188,2025-03-12,2025-08-07,148,3,2.0,0,estandar,solo_alojamiento,web_intermediaria,UK,flexible,sin_deposito,"103,26",0,0,0,1
393,2024-09-25,2025-01-26,123,7,1.0,0,estandar,desayuno,directo,UK,no_reembolsable,sin_deposito,88.59,0,0,0,0
873,2024-03-24,2024-07-14,112,9,4.0,0,estandar,todo_incluido,web_intermediaria,otros,flexible,sin_deposito,87.76,2,1,0,1
5152,2025-03-28,2025-04-23,26,7,2.0,0,suite,,directo,UK,no_reembolsable,sin_deposito,"176,64",2,0,0,0
963,2025-09-05,2026-05-30,267,5,3.0,1,estandar,todo_incluido,WEB_INTERMEDIARIA,DE,flexible,parcial,,2,0,0,1
1181,19/03/2025,2025-08-09,143,2,2.0,2,suite,todo_incluido,web_intermediaria,IT,no_reembolsable,sin_deposito,,2,0,0,1
447,2024-08-17,2024-09-18,32,4,1.0,0,estandar,desayuno,WEB_INTERMEDIARIA,ES,flexible,sin_deposito,72.37,0,0,0,0
2845,2024-11-29,2025-02-06,69,6,,1,suite,todo_incluido,agencia,DE,no_reembolsable,parcial,191.81,1,0,0,0
529,2025-10-30,2025-12-12,43,6,2.0,1,familiar,desayuno,directo,UK,flexible,parcial,,0,0,0,0
5404,23/01/2025,2025-05-15,112,6,,0,familiar,desayuno,directo,UK,flexible,parcial,96.65,0,0,0,1
4985,2024-05-20,2024-07-11,52,8,4.0,0,superior,media_pension,agencia,ES,flexible,parcial,117.79,1,0,0,0
5641,2025-07-03,2025-08-10,38,4,4.0,1,superior,desayuno,directo ,es,flexible,sin_deposito,103.62,1,0,0,0
1586,2024-08-19,2024-10-16,58,4,2.0,0,estandar,todo_incluido,web_intermediaria,DE,flexible,sin_deposito,85.89,1,1,0,0
5182,2025-07-14,2025-10-21,99,3,2.0,1,estandar,desayuno,agencia,ES,flexible,sin_deposito,,1,0,0,0
2851,2024-05-22,2024-08-16,86,3,,0,superior,todo_incluido,web_intermediaria,uk,no_reembolsable,sin_deposito,133.92,1,0,0,0
2232,20/02/2024,2024-04-20,60,4,4.0,2,familiar,todo_incluido,web_intermediaria,Nordicos,no_reembolsable,sin_deposito,118.82,0,0,0,1
1953,22/02/2024,2024-06-28,127,8,2.0,1,superior,media_pension,web_intermediaria,otros,no_reembolsable,total,91.98,0,1,1,1
1113,2024-05-20,2024-09-17,120,9,2.0,0,estandar,desayuno,web_intermediaria,Nordicos,flexible,parcial,80.14,1,0,0,0
2720,2024-04-29,2024-08-15,108,6,1.0,0,suite,desayuno,agencia,UK,no_reembolsable,parcial,185.4,1,0,0,0
5437,2024-10-22,2025-01-09,79,4,2.0,0,superior,desayuno,web_intermediaria,Nordicos,flexible,sin_deposito,,2,1,1,0
4042,2025-04-20,2025-07-30,101,4,2.0,0,estandar,desayuno,web_intermediaria,UK,flexible,sin_deposito,90.75,1,0,0,1
590,2025-09-07,2025-10-20,43,4,2.0,0,familiar,todo_incluido,directo ,otros,flexible,parcial,"98,31",0,0,0,0
1138,2024-09-24,2024-10-19,25,11,2.0,0,estandar,todo_incluido,directo,ES,flexible,parcial,69.05,1,0,0,0
1867,2024-03-22,2024-05-26,65,5,2.0,0,estandar,desayuno,agencia,DE,flexible,sin_deposito,77.88,0,0,0,1
2467,2024-08-07,2024-12-02,117,4,3.0,0,estandar,desayuno,web_intermediaria,Nordicos,flexible,parcial,90.04,0,0,0,1
5985,2024-04-12,2024-06-05,54,2,2.0,2,superior,solo_alojamiento,web_intermediaria,UK,flexible,total,90.4,1,0,0,0
965,2025-11-23,2025-12-11,18,5,3.0,2,estandar,media_pension,agencia,Reino Unido,flexible,sin_deposito,84.23,1,0,0,1
5957,2024-06-08,2024-11-01,146,7,2.0,0,superior,desayuno,web_intermediaria,ES,flexible,total,83.88,1,0,0,0
1876,2024-03-29,2024-10-15,200,8,4.0,0,suite,todo_incluido,web_intermediaria,,no_reembolsable,sin_deposito,158.22,1,0,0,0
850,2025-03-18,2025-07-27,131,4,2.0,0,estandar,desayuno,web_intermediaria,UK,no_reembolsable,sin_deposito,86.2,0,0,0,1
2971,2025-03-22,2025-04-08,17,10,1.0,0,suite,todo_incluido,empresa,UK,flexible,sin_deposito,167.38,1,0,0,0
1002,2025-06-21,2026-02-03,227,4,2.0,0,familiar,desayuno,web_intermediaria,UK,flexible,sin_deposito,140.94,0,0,0,1
3347,2025-03-15,2025-06-15,92,5,1.0,0,familiar,desayuno,agencia,UK,flexible,sin_deposito,115.12,0,0,0,0
1945,2024-10-04,2024-10-13,9,6,2.0,0,superior,desayuno,empresa,FR,flexible,parcial,,0,0,0,0
1532,2024-01-07,2024-04-06,90,2,2.0,1,estandar,desayuno,web_intermediaria,ES,no_reembolsable,total,"73,75",1,1,0,0
3123,2024-12-10,2025-01-31,52,6,4.0,2,superior,todo_incluido,directo ,DE,flexible,sin_deposito,117.53,1,0,0,0
1962,2025-12-22,2026-03-06,74,4,2.0,0,estandar,todo_incluido,web_intermediaria,,no_reembolsable,sin_deposito,84.06,0,0,0,0
190,2024-08-08,2024-10-30,83,6,1.0,2,familiar,desayuno,agencia,DE,no_reembolsable,sin_deposito,109.74,1,0,0,1
3893,2024-11-14,2025-01-03,50,5,1.0,0,estandar,desayuno,agencia,DE,no_reembolsable,parcial,80.24,0,0,0,1
916,2024-11-30,2024-12-31,31,5,4.0,0,estandar,media_pension,web_intermediaria,Nordicos,no_reembolsable,sin_deposito,93.59,0,0,0,0
3660,2024-12-26,2025-02-19,55,8,1.0,0,estandar,desayuno,web_intermediaria,DE,no_reembolsable,parcial,88.84,1,0,0,0
2425,11/09/2024,2025-02-05,147,7,1.0,0,superior,desayuno,web_intermediaria,ES,flexible,parcial,114.15,0,0,0,1
1997,2025-02-07,2025-03-18,39,8,1.0,0,familiar,desayuno,directo,IT,no_reembolsable,parcial,139.39,0,0,0,0
2786,2024-03-26,2024-05-29,64,5,2.0,0,familiar,desayuno,web_intermediaria,ES,flexible,parcial,"100,69",0,1,0,0
3615,2025-07-02,2026-02-03,216,7,4.0,0,superior,solo_alojamiento,directo,España,flexible,sin_deposito,118.07,0,0,0,1
736,2025-05-04,2025-07-15,72,4,2.0,0,superior,desayuno,agencia,FR,flexible,total,126.11,0,0,0,0
2743,2025-01-08,2025-07-23,196,8,2.0,0,superior,desayuno,directo,,no_reembolsable,sin_deposito,114.93,0,0,0,1
1171,2025-04-04,2025-08-09,127,6,2.0,0,estandar,media_pension,directo,DE,no_reembolsable,parcial,78.19,0,0,0,0
4135,21/12/2025,2026-01-27,37,4,2.0,0,familiar,desayuno,web_intermediaria,ES,flexible,parcial,"132,95",0,0,0,1
4451,2025-09-19,2025-11-16,58,8,2.0,0,suite,media_pension,Web Intermediaria,uk,no_reembolsable,sin_deposito,164.03,0,1,1,1
3422,29/07/2025,2025-08-19,21,3,2.0,0,suite,desayuno,web_intermediaria,UK,flexible,parcial,191.0,0,0,0,1
2045,2024-07-21,2024-10-16,87,6,1.0,0,superior,media_pension,web_intermediaria,UK,flexible,sin_deposito,97.5,0,0,0,1
852,2025-08-08,2025-08-24,16,4,2.0,0,superior,media_pension,web_intermediaria,ES,flexible,sin_deposito,132.78,1,0,0,1
154,2024-08-02,2024-08-28,26,5,2.0,0,estandar,desayuno,agencia,,flexible,sin_deposito,71.02,3,0,0,0
2521,2024-11-19,2025-03-02,103,8,1.0,3,estandar,todo_incluido,empresa,ES,flexible,sin_deposito,"89,11",0,0,0,1
5442,2025-01-08,2025-03-27,78,5,2.0,0,superior,desayuno,web_intermediaria,UK,flexible,sin_deposito,122.29,0,0,0,0
4657,2024-04-07,2024-06-20,74,4,3.0,2,estandar,desayuno,directo,NL,flexible,parcial,70.97,0,0,0,0
5490,2024-09-20,2024-11-06,47,5,2.0,0,suite,desayuno,web_intermediaria,NL,no_reembolsable,sin_deposito,151.04,0,0,0,0
2623,2024-03-16,2024-09-09,177,3,2.0,0,superior,desayuno,empresa,UK,flexible,parcial,88.59,0,0,0,1
2758,2025-04-07,2025-07-10,94,9,4.0,0,estandar,desayuno,Directo,DE,flexible,sin_deposito,83.98,0,0,0,1
3885,2024-04-28,2024-08-25,119,6,2.0,0,estandar,desayuno,web_intermediaria,UK,no_reembolsable,sin_deposito,88.68,1,0,0,1
2600,2024-10-11,2025-01-27,108,8,2.0,0,estandar,desayuno,directo,ES,no_reembolsable,parcial,,0,0,0,0
4452,2024-07-03,2024-09-05,64,5,2.0,1,superior,desayuno,web_intermediaria,UK,no_reembolsable,parcial,"99,11",0,0,0,0
5294,2025-06-16,2025-06-26,10,7,2.0,0,estandar,desayuno,web_intermediaria,ES,flexible,sin_deposito,71.35,3,0,0,1
4024,2024-07-28,2024-09-14,48,7,3.0,3,familiar,solo_alojamiento,directo,otros,no_reembolsable,parcial,"119,38",0,0,0,0
3441,2025-11-23,2025-12-03,10,8,4.0,0,estandar,todo_incluido,web_intermediaria,FR,flexible,sin_deposito,82.25,0,0,0,1
931,2025-01-27,2025-04-13,76,6,2.0,0,superior,desayuno,web_intermediaria,DE,flexible,parcial,94.01,2,0,0,0
612,2024-12-03,2024-12-24,21,10,4.0,0,estandar,desayuno,directo,UK,flexible,sin_deposito,76.96,2,0,0,1
2466,2024-05-22,2024-06-11,20,8,2.0,2,estandar,desayuno,web_intermediaria,DE,no_reembolsable,parcial,58.72,1,0,0,0
4648,2024-02-28,2024-05-26,88,7,2.0,1,superior,solo_alojamiento,web_intermediaria,DE,flexible,sin_deposito,"82,75",0,0,0,1
4820,2025-11-11,2026-01-06,56,11,,2,estandar,solo_alojamiento,agencia,DE,flexible,sin_deposito,77.72,1,0,0,1
4174,2024-09-16,2025-01-18,124,7,2.0,0,estandar,desayuno,directo,NL,flexible,parcial,91.45,0,0,0,0
583,2024-03-18,2024-03-22,4,6,2.0,0,superior,desayuno,web_intermediaria,España,no_reembolsable,sin_deposito,127.45,0,0,0,0
5786,2025-03-26,2025-08-27,154,5,2.0,1,estandar,media_pension,web_intermediaria,otros,no_reembolsable,parcial,93.7,1,0,0,1
2337,2024-11-27,2025-06-01,186,5,2.0,0,estandar,media_pension,web_intermediaria,DE,flexible,sin_deposito,70.78,0,0,0,1
987,2025-03-26,2025-06-11,77,5,2.0,3,estandar,media_pension,directo,DE,flexible,sin_deposito,68.33,0,0,0,0
533,2024-04-23,2024-06-20,58,2,2.0,0,estandar,,agencia,ES,flexible,sin_deposito,70.02,0,0,0,1
4164,2024-05-26,2024-09-08,105,8,2.0,0,estandar,desayuno,agencia,ES,flexible,sin_deposito,69.3,0,0,0,1
874,2024-04-01,2024-07-02,92,4,2.0,0,superior,todo_incluido,web_intermediaria,IT,flexible,parcial,106.04,1,1,0,1
774,2025-06-07,2025-09-04,89,7,1.0,0,superior,solo_alojamiento,web_intermediaria,NL,no_reembolsable,parcial,83.94,0,0,0,1
832,2024-06-24,2024-08-22,59,8,3.0,1,estandar,desayuno,web_intermediaria,ES,no_reembolsable,sin_deposito,72.08,0,0,0,1
1302,2024-10-19,2024-12-21,63,5,4.0,1,superior,media_pension,Directo,NL,no_reembolsable,parcial,119.18,1,0,0,0
1839,2024-06-11,2025-01-19,222,2,2.0,0,superior,todo_incluido,web_intermediaria,DE,no_reembolsable,sin_deposito,130.04,0,0,0,0
3443,2024-11-28,2025-02-18,82,6,1.0,0,estandar,todo_incluido,directo ,NL,no_reembolsable,parcial,,1,0,0,0
724,2024-03-28,2024-07-31,125,8,1.0,0,estandar,desayuno,web_intermediaria,ES,flexible,sin_deposito,99.04,0,0,0,1
2610,2025-08-26,2025-10-29,64,5,2.0,0,suite,desayuno,web_intermediaria,UK,no_reembolsable,parcial,155.99,0,0,0,0
5056,20/10/2025,2025-11-04,15,3,1.0,2,estandar,todo_incluido,web_intermediaria,DE,flexible,parcial,84.07,0,0,0,0
3881,2025-09-23,2025-11-27,65,6,1.0,0,superior,desayuno,Directo,UK,flexible,sin_deposito,103.18,0,0,0,1
5500,2024-01-25,2024-03-17,52,6,2.0,0,estandar,todo_incluido,web_intermediaria,DE,flexible,sin_deposito,91.6,1,0,0,1
1934,2025-11-26,2026-03-27,121,4,2.0,2,superior,desayuno,agencia,UK,flexible,sin_deposito,"115,55",1,0,0,1
5978,2024-04-27,2024-07-02,66,2,1.0,3,superior,desayuno,Directo,IT,flexible,total,116.86,1,0,0,0
579,2025-10-14,2026-01-25,103,7,,0,estandar,desayuno,web_intermediaria,otros,flexible,sin_deposito,86.12,1,0,0,1
485,2024-12-03,2025-10-21,322,4,2.0,0,superior,desayuno,agencia,UK,flexible,parcial,102.95,0,0,0,1
4562,2024-11-02,2025-01-26,85,8,2.0,2,superior,solo_alojamiento,agencia,otros,no_reembolsable,sin_deposito,123.7,0,0,0,0
2531,2025-10-30,2026-04-12,164,7,2.0,0,superior,,web_intermediaria,otros,no_reembolsable,total,93.97,2,0,0,0
4855,2024-02-10,2024-06-15,126,6,2.0,0,suite,desayuno,empresa,UK,flexible,sin_deposito,,0,0,0,1
1770,2024-05-23,2024-08-16,85,6,1.0,0,superior,desayuno,agencia,DE,flexible,sin_deposito,126.18,1,0,0,1
1116,2024-12-23,2025-03-05,72,6,2.0,0,familiar,todo_incluido,agencia,ES,flexible,sin_deposito,148.44,2,0,0,0
1230,2024-07-29,2024-09-28,61,4,2.0,0,superior,todo_incluido,web_intermediaria,UK,no_reembolsable,sin_deposito,104.96,0,1,0,0
4658,22/02/2025,2025-03-07,13,10,2.0,0,superior,desayuno,agencia,DE,flexible,sin_deposito,124.74,0,1,1,0
3499,2024-03-30,2024-06-06,68,6,3.0,0,familiar,desayuno,agencia,ES,flexible,sin_deposito,118.0,0,0,0,1
312,2025-05-05,2025-08-27,114,9,1.0,0,estandar,todo_incluido,web_intermediaria,UK,no_reembolsable,parcial,79.12,0,0,0,1
4517,2024-09-13,2024-11-15,63,3,2.0,0,estandar,desayuno,web_intermediaria,ES,flexible,sin_deposito,77.7,0,0,0,1
1241,2025-01-05,2025-01-20,15,5,2.0,0,suite,solo_alojamiento,web_intermediaria,IT,flexible,sin_deposito,200.35,0,0,0,1
122,2025-05-02,2025-07-27,86,6,2.0,0,familiar,solo_alojamiento,WEB_INTERMEDIARIA,UK,flexible,sin_deposito,129.21,0,0,0,1
5779,31/05/2025,2025-07-10,40,0,3.0,0,estandar,todo_incluido,directo,UK,no_reembolsable,parcial,"76,64",2,0,0,0
5286,2025-02-23,2025-11-16,266,7,2.0,0,familiar,media_pension,agencia,NL,no_reembolsable,total,115.37,0,0,0,1
3594,2025-02-19,2025-03-23,32,7,2.0,1,estandar,media_pension,web_intermediaria,otros,flexible,sin_deposito,83.67,1,1,0,0
3620,2024-03-04,2024-03-15,11,6,1.0,0,superior,media_pension,agencia,otros,flexible,sin_deposito,114.89,0,0,0,1
5110,2024-07-27,2024-11-19,115,5,2.0,1,estandar,media_pension,web_intermediaria,IT,flexible,sin_deposito,71.51,0,1,0,1
2666,2025-01-26,2025-03-10,43,6,2.0,0,estandar,media_pension,agencia,DE,no_reembolsable,sin_deposito,88.35,1,0,0,1
701,2025-01-14,2025-04-01,77,5,2.0,0,estandar,desayuno,agencia,NL,no_reembolsable,sin_deposito,68.19,0,0,0,0
3476,2024-06-06,2024-06-22,16,2,2.0,0,familiar,todo_incluido,empresa,,flexible,sin_deposito,105.34,2,0,0,0
3179,2024-06-06,2024-08-29,84,6,4.0,1,superior,todo_incluido,agencia,Nordicos,no_reembolsable,parcial,112.79,1,1,0,0
5330,2024-12-24,2025-02-18,56,5,2.0,0,estandar,media_pension,Directo,UK,no_reembolsable,total,76.46,2,0,0,0
5209,2024-12-24,2024-12-30,6,5,2.0,0,superior,desayuno,web_intermediaria,NL,flexible,total,130.69,1,0,0,0
168,2024-05-01,2024-07-13,73,8,4.0,0,estandar,todo_incluido,web_intermediaria,,flexible,sin_deposito,83.86,1,0,0,1
4913,2024-01-19,2024-03-05,46,6,2.0,0,superior,solo_alojamiento,web_intermediaria,ES,flexible,sin_deposito,112.44,0,0,0,1
3319,05/07/2024,2024-11-03,121,10,2.0,1,suite,media_pension,directo,ES,flexible,parcial,166.52,0,0,0,0
5418,2024-05-04,2024-06-17,44,10,2.0,0,superior,desayuno,directo,DE,no_reembolsable,parcial,89.06,1,0,0,0
3036,2025-11-28,2026-04-06,129,7,2.0,0,familiar,desayuno,directo,FR,flexible,parcial,107.18,2,0,0,0
2948,2024-12-29,2025-01-17,19,8,1.0,0,familiar,desayuno,directo,Nordicos,flexible,sin_deposito,125.43,0,1,1,0
4414,2025-06-08,2025-08-06,59,7,2.0,0,familiar,solo_alojamiento,web_intermediaria,IT,no_reembolsable,parcial,131.7,0,0,0,0
5092,2024-09-30,2024-12-02,63,3,2.0,0,suite,media_pension,directo,ES,flexible,total,209.54,0,0,0,0
2362,2025-07-02,2026-04-09,281,7,3.0,2,estandar,media_pension,web_intermediaria,NL,no_reembolsable,sin_deposito,69.8,1,0,0,1
1637,2024-04-30,2024-07-23,84,7,3.0,0,estandar,solo_alojamiento,web_intermediaria,,no_reembolsable,sin_deposito,92.18,1,0,0,1
2643,2024-05-28,2024-08-20,84,1,2.0,0,estandar,media_pension,agencia,uk,no_reembolsable,parcial,96.68,1,0,0,0
5312,2025-11-07,2026-06-03,208,7,3.0,0,estandar,solo_alojamiento,web_intermediaria,FR,no_reembolsable,sin_deposito,66.25,2,0,0,1
5621,2024-01-16,2024-03-13,57,8,1.0,1,familiar,media_pension,web_intermediaria,DE,flexible,sin_deposito,132.46,1,0,0,1
616,2025-04-11,2025-08-05,116,8,1.0,2,familiar,todo_incluido,directo,ES,flexible,sin_deposito,153.1,0,0,0,0
3419,2024-03-12,2024-06-24,104,6,2.0,0,estandar,desayuno,empresa,ES,flexible,sin_deposito,66.53,2,0,0,0
3587,2024-11-26,2025-04-26,151,6,3.0,0,estandar,desayuno,directo,DE,flexible,sin_deposito,65.44,1,0,0,0
5164,02/09/2025,2026-01-09,129,6,2.0,0,superior,media_pension,agencia,ES,flexible,sin_deposito,141.49,0,0,0,0
4331,2024-05-15,2024-08-09,86,3,3.0,0,estandar,media_pension,web_intermediaria,otros,no_reembolsable,sin_deposito,96.69,1,1,0,0
4432,2024-03-05,2024-05-04,60,6,2.0,0,familiar,media_pension,web_intermediaria,ES,no_reembolsable,sin_deposito,105.0,0,0,0,1
899,2024-02-21,2024-05-21,90,5,2.0,0,estandar,desayuno,web_intermediaria,UK,flexible,sin_deposito,65.8,0,0,0,1
5185,2025-07-23,2025-08-30,38,4,1.0,0,estandar,media_pension,agencia,Reino Unido,no_reembolsable,sin_deposito,80.13,0,0,0,0
3884,2024-11-28,2024-12-19,21,7,3.0,0,estandar,desayuno,empresa,DE,flexible,parcial,77.63,1,0,0,0
4867,2024-12-07,2024-12-30,23,4,2.0,0,superior,desayuno,empresa,otros,no_reembolsable,sin_deposito,134.58,1,0,0,0
2538,2024-12-30,2025-04-03,94,5,2.0,0,superior,media_pension,web intermediaria ,ES,flexible,sin_deposito,85.16,0,0,0,1
5125,2024-03-25,2024-06-21,88,4,2.0,0,estandar,todo_incluido,directo,IT,no_reembolsable,sin_deposito,"68,52",0,0,0,0
5663,2025-09-20,2026-02-05,138,5,2.0,1,estandar,desayuno,agencia,DE,no_reembolsable,sin_deposito,88.31,1,0,0,1
3298,2025-10-24,2025-12-25,62,6,2.0,0,estandar,todo_incluido,web_intermediaria,ES,no_reembolsable,total,97.27,0,0,0,0
668,2025-09-20,2025-12-29,100,4,2.0,0,suite,todo_incluido,agencia,otros,flexible,sin_deposito,165.31,0,0,0,1
3074,2025-07-25,2025-11-13,111,8,2.0,2,estandar,todo_incluido,agencia,ES,no_reembolsable,sin_deposito,78.67,0,0,0,1
4350,2024-09-13,2025-01-24,133,6,2.0,0,suite,todo_incluido,agencia,UK,flexible,sin_deposito,185.92,2,0,0,0
5589,2025-08-12,2025-09-10,29,5,4.0,0,estandar,solo_alojamiento,directo,NL,no_reembolsable,total,74.34,1,0,0,0
4767,2025-02-20,2025-10-03,225,10,2.0,0,estandar,desayuno,empresa,DE,no_reembolsable,parcial,55.72,0,0,0,0
3382,2025-07-28,2025-12-22,147,3,2.0,2,superior,media_pension,web_intermediaria,DE,flexible,sin_deposito,115.93,0,0,0,1
3039,2024-07-25,2024-11-15,113,8,4.0,0,superior,solo_alojamiento,web_intermediaria,DE,flexible,total,84.96,0,0,0,1
4007,02/07/2024,2024-10-15,105,7,4.0,0,estandar,desayuno,directo,,flexible,parcial,76.55,0,0,0,0
3860,2024-11-16,2025-03-24,128,7,2.0,0,familiar,solo_alojamiento,web_intermediaria,ES,no_reembolsable,parcial,"149,23",1,0,0,0
192,2025-04-05,2025-05-17,42,5,2.0,0,superior,todo_incluido,web_intermediaria,UK,flexible,sin_deposito,"83,36",3,0,0,1
4352,2025-02-17,2025-04-30,72,2,3.0,0,familiar,desayuno,web_intermediaria,España,no_reembolsable,sin_deposito,"108,03",0,1,1,1
3813,2025-05-07,2025-08-18,103,7,3.0,0,superior,solo_alojamiento,directo,NL,flexible,sin_deposito,119.21,1,0,0,0
2881,2024-01-30,2024-02-16,17,5,2.0,0,superior,media_pension,web_intermediaria,UK,no_reembolsable,total,111.14,0,1,0,1
4143,2024-04-29,2024-08-11,104,6,1.0,0,familiar,desayuno,agencia,ES,flexible,sin_deposito,150.67,0,0,0,0
5848,2025-05-07,2025-06-14,38,5,1.0,0,estandar,solo_alojamiento,web_intermediaria,NL,no_reembolsable,parcial,59.86,0,0,0,1
3096,2025-07-02,2025-10-12,102,6,2.0,0,superior,desayuno,web_intermediaria,otros,no_reembolsable,sin_deposito,89.91,1,0,0,0
3377,2025-01-03,2025-11-08,309,6,1.0,0,estandar,media_pension,agencia,DE,no_reembolsable,parcial,71.89,0,0,0,1
4633,2024-07-19,2025-01-07,172,4,3.0,0,estandar,desayuno,WEB_INTERMEDIARIA,UK,flexible,sin_deposito,92.31,1,0,0,1
4891,2025-09-03,2025-12-02,90,3,2.0,0,estandar,desayuno,agencia,IT,no_reembolsable,total,84.32,1,0,0,0
4031,2025-01-30,2025-04-30,90,9,2.0,0,estandar,desayuno,web_intermediaria,FR,no_reembolsable,sin_deposito,"65,27",1,0,0,0
2202,2024-01-06,2024-01-17,11,5,4.0,3,estandar,todo_incluido,directo,NL,no_reembolsable,sin_deposito,77.54,1,0,0,0
1814,2024-12-27,2025-04-11,105,3,3.0,0,suite,desayuno,web_intermediaria,ES,no_reembolsable,total,195.76,1,0,0,0
901,2024-01-04,2024-04-08,95,7,3.0,0,superior,desayuno,web_intermediaria,UK,no_reembolsable,parcial,78.74,1,0,0,0
487,2024-08-31,2024-11-01,62,4,2.0,0,superior,solo_alojamiento,agencia,UK,flexible,sin_deposito,90.23,1,0,0,1
1253,2024-02-24,2024-03-12,17,5,2.0,1,estandar,todo_incluido,web_intermediaria,ES,no_reembolsable,sin_deposito,"93,02",1,1,0,0
4851,08/11/2025,2025-12-04,26,3,2.0,1,familiar,todo_incluido,web_intermediaria,IT,no_reembolsable,parcial,138.43,2,0,0,1
1116,2024-12-23,2025-03-05,72,6,2.0,0,familiar,todo_incluido,agencia,ES,flexible,sin_deposito,148.44,2,0,0,0
4162,13/10/2024,2025-04-15,184,6,4.0,0,estandar,media_pension,directo,ES,no_reembolsable,sin_deposito,58.51,0,1,1,1
3849,2025-06-24,2025-11-17,146,4,2.0,0,suite,todo_incluido,web_intermediaria,otros,flexible,parcial,167.99,1,0,0,1
1803,2024-11-27,2025-01-28,62,2,,2,superior,desayuno,web_intermediaria,DE,flexible,sin_deposito,109.82,0,1,0,0
517,2025-10-05,2025-11-16,42,4,2.0,0,estandar,solo_alojamiento,agencia,DE,no_reembolsable,total,69.24,0,0,0,1
398,2024-05-23,2024-09-24,124,5,2.0,0,superior,desayuno,empresa,DE,no_reembolsable,sin_deposito,100.02,1,0,0,1
1730,2024-03-17,2024-04-06,20,3,2.0,2,suite,desayuno,directo,UK,no_reembolsable,total,162.98,1,0,0,0
1443,13/11/2025,2026-07-18,247,3,1.0,0,superior,desayuno,web_intermediaria,ES,no_reembolsable,sin_deposito,116.72,0,0,0,1
5420,2025-04-14,2025-05-16,32,9,1.0,0,estandar,todo_incluido,agencia,DE,flexible,parcial,76.61,0,0,0,0
3951,02/10/2024,2025-04-27,207,5,2.0,0,estandar,todo_incluido,agencia,ES,flexible,total,"71,86",0,0,0,0
3125,2024-11-17,2025-05-05,169,4,3.0,0,superior,desayuno,agencia,ES,no_reembolsable,sin_deposito,113.01,0,0,0,1
3015,2024-12-23,2025-04-28,126,5,2.0,2,estandar,desayuno,directo,UK,flexible,parcial,71.69,0,0,0,0
1752,09/10/2025,2026-02-26,140,3,2.0,0,superior,desayuno,agencia,ES,flexible,parcial,121.29,1,1,0,1
911,2025-07-16,2025-08-14,29,9,2.0,1,familiar,desayuno,web_intermediaria,UK,flexible,parcial,133.74,2,0,0,0
5728,2024-03-17,2024-06-08,83,6,2.0,2,familiar,media_pension,web_intermediaria,Nordicos,no_reembolsable,sin_deposito,95.2,0,0,0,0
5258,29/07/2024,2024-09-24,57,2,4.0,0,estandar,desayuno,web_intermediaria,UK,flexible,sin_deposito,71.33,1,0,0,1
5004,2025-05-13,2025-08-17,96,3,4.0,0,estandar,desayuno,empresa,UK,no_reembolsable,parcial,,1,1,3,1
2322,2024-01-26,2024-10-10,258,3,2.0,0,estandar,media_pension,empresa,es,no_reembolsable,parcial,74.18,0,1,2,1
5647,03/10/2025,2025-10-25,22,5,2.0,0,familiar,desayuno,web_intermediaria,,flexible,sin_deposito,100.32,0,1,0,1
2595,2024-08-11,2024-12-07,118,5,3.0,2,familiar,desayuno,web_intermediaria,DE,no_reembolsable,sin_deposito,121.24,1,0,0,1
5682,2025-07-28,2025-09-13,47,5,2.0,0,estandar,solo_alojamiento,Directo,DE,flexible,parcial,88.98,2,0,0,0
5029,27/05/2025,2025-07-27,61,4,4.0,0,suite,todo_incluido,web_intermediaria,ES,no_reembolsable,sin_deposito,,0,1,2,0
3534,2025-12-23,2026-02-17,56,2,2.0,0,estandar,desayuno,web_intermediaria,Nordicos,no_reembolsable,total,"89,78",0,0,0,0
2869,2025-09-20,2026-03-04,165,3,3.0,0,superior,solo_alojamiento,agencia,FR,no_reembolsable,sin_deposito,98.13,0,0,0,1
46,2025-12-09,2026-02-23,76,5,2.0,0,superior,,directo,Reino Unido,flexible,parcial,,1,0,0,0
1387,2025-02-13,2025-03-30,45,7,2.0,3,familiar,todo_incluido,agencia,es,flexible,sin_deposito,"132,12",1,1,1,1
1226,2025-12-08,2026-05-06,149,6,2.0,0,estandar,desayuno,agencia,UK,no_reembolsable,sin_deposito,77.69,0,1,1,1
3418,2025-10-01,2025-12-22,82,7,3.0,2,estandar,solo_alojamiento,web_intermediaria,UK,flexible,sin_deposito,92.43,0,0,0,1
217,2024-02-27,2024-05-14,77,7,2.0,3,estandar,todo_incluido,web_intermediaria,DE,flexible,sin_deposito,67.26,3,0,0,1
5316,2025-02-16,2025-03-10,22,3,3.0,0,estandar,todo_incluido,WEB_INTERMEDIARIA,ES,flexible,sin_deposito,97.31,2,0,0,0
426,2024-05-25,2025-01-13,-3,9,1.0,0,estandar,desayuno,web_intermediaria,DE,flexible,sin_deposito,78.02,1,0,0,0
573,2024-07-25,2024-08-31,37,3,2.0,0,superior,todo_incluido,web_intermediaria,Nordicos,no_reembolsable,total,124.19,0,0,0,0
2056,2024-09-24,2025-02-20,149,5,2.0,0,suite,,agencia,Nordicos,flexible,parcial,228.66,1,0,0,1
272,2024-01-17,2024-06-27,162,1,2.0,3,estandar,desayuno,directo,Nordicos,no_reembolsable,sin_deposito,74.87,2,1,0,1
4900,2025-03-03,2025-07-21,140,5,3.0,0,estandar,todo_incluido,web intermediaria ,ES,no_reembolsable,sin_deposito,91.13,0,0,0,1
5583,2025-06-01,2025-08-09,69,9,2.0,0,estandar,solo_alojamiento,empresa,otros,flexible,total,89.59,1,1,1,0
1196,2025-04-07,2025-04-16,9,8,3.0,0,superior,solo_alojamiento,agencia,UK,no_reembolsable,sin_deposito,92.95,1,0,0,0
1481,20/04/2024,2024-08-28,130,4,,0,superior,desayuno,web_intermediaria,DE,flexible,sin_deposito,"121,68",0,0,0,1
5002,2024-01-25,2024-03-21,56,7,3.0,1,familiar,desayuno,directo,IT,flexible,parcial,133.78,2,0,0,0
3267,23/06/2025,2025-11-13,143,4,3.0,0,estandar,solo_alojamiento,directo,es,flexible,sin_deposito,74.81,0,0,0,1
3979,2025-01-30,2025-03-20,49,4,2.0,0,familiar,media_pension,web_intermediaria,Nordicos,flexible,parcial,131.68,0,0,0,0
2523,2024-06-02,2024-08-03,62,4,3.0,0,estandar,desayuno,web_intermediaria,UK,flexible,parcial,99.5,0,0,0,1
3551,2024-11-17,2025-02-08,83,6,2.0,0,suite,,web_intermediaria,,flexible,parcial,160.66,0,0,0,1
373,2024-10-26,2025-02-16,113,5,3.0,0,superior,solo_alojamiento,directo,UK,flexible,sin_deposito,115.24,0,0,0,1
2355,13/08/2024,2024-09-29,47,8,3.0,0,suite,desayuno,web_intermediaria,ES,flexible,sin_deposito,174.89,0,0,0,1
4788,08/01/2024,2024-06-17,161,7,1.0,0,familiar,desayuno,Directo,,flexible,sin_deposito,107.66,0,1,0,0
3447,2024-08-21,2024-10-10,50,6,2.0,0,suite,media_pension,web_intermediaria,,no_reembolsable,sin_deposito,161.41,0,0,0,0
2627,2025-12-15,2026-04-09,115,5,4.0,0,estandar,solo_alojamiento,directo,UK,flexible,sin_deposito,,1,0,0,0
4463,2025-03-05,2025-05-14,70,5,2.0,0,estandar,todo_incluido,agencia,ES,no_reembolsable,sin_deposito,68.23,0,0,0,0
3522,2024-08-30,2024-10-31,62,8,4.0,0,estandar,media_pension,WEB_INTERMEDIARIA,IT,flexible,sin_deposito,"77,09",0,1,1,0
2193,2024-07-28,2024-09-18,52,8,2.0,0,estandar,desayuno,agencia,UK,flexible,sin_deposito,71.3,2,0,0,0
3958,2025-06-19,2025-11-24,158,6,4.0,0,familiar,media_pension,web_intermediaria,,flexible,parcial,113.56,0,0,0,0
419,2024-08-04,2024-11-14,102,3,2.0,1,estandar,media_pension,web_intermediaria,ES,flexible,sin_deposito,71.88,0,0,0,1
412,2024-06-16,2024-09-25,101,5,3.0,0,superior,todo_incluido,directo,ES,flexible,sin_deposito,99.54,2,0,0,0
2483,2024-05-11,2024-05-25,14,5,2.0,1,suite,media_pension,web_intermediaria,UK,flexible,parcial,158.41,0,0,0,0
2556,2024-03-16,2024-04-13,28,6,2.0,2,estandar,desayuno,web_intermediaria,otros,flexible,sin_deposito,68.37,2,0,0,1
3842,2024-12-26,2025-02-10,46,7,,0,estandar,media_pension,web_intermediaria,UK,no_reembolsable,total,96.18,1,0,0,1
1040,2025-08-26,2025-10-02,37,3,3.0,1,estandar,media_pension,web_intermediaria,,no_reembolsable,total,67.63,0,0,0,0
5622,2024-02-02,2024-03-17,44,6,2.0,1,suite,solo_alojamiento,empresa,IT,no_reembolsable,parcial,188.22,0,0,0,0
4351,2025-03-20,2025-05-20,61,3,,1,superior,media_pension,web_intermediaria,DE,flexible,total,102.59,3,1,0,0
5756,2024-10-19,2025-03-21,153,6,4.0,0,estandar,todo_incluido,web_intermediaria,Nordicos,flexible,total,79.16,1,0,0,1
4191,2024-11-09,2024-11-18,9,3,1.0,0,estandar,desayuno,directo,ES,flexible,sin_deposito,64.05,0,0,0,1
3529,2024-05-16,2024-06-24,39,5,2.0,1,estandar,desayuno,directo,es,no_reembolsable,parcial,75.07,0,0,0,0
656,2025-01-23,2025-03-08,44,9,2.0,0,superior,,web_intermediaria,ES,flexible,parcial,123.42,1,0,0,0
4203,2024-09-08,2024-12-21,104,4,2.0,0,familiar,media_pension,web_intermediaria,DE,no_reembolsable,sin_deposito,,0,0,0,1
4622,2025-12-27,2026-02-10,45,9,2.0,0,estandar,solo_alojamiento,web intermediaria ,DE,no_reembolsable,parcial,88.89,0,0,0,1
2600,2024-10-11,2025-01-27,108,8,2.0,0,estandar,desayuno,directo,ES,no_reembolsable,parcial,,0,0,0,0
1291,2024-06-19,2024-08-07,49,6,3.0,0,familiar,solo_alojamiento,directo,ES,no_reembolsable,parcial,137.65,1,1,1,0
1613,2025-05-04,2025-12-21,231,6,1.0,1,estandar,todo_incluido,agencia,ES,flexible,sin_deposito,86.94,1,1,1,0
4959,2025-11-01,2026-01-05,65,3,2.0,2,estandar,desayuno,web_intermediaria,ES,no_reembolsable,parcial,85.92,0,0,0,0
1723,2025-04-21,2025-08-21,122,5,2.0,0,superior,desayuno,empresa,ES,no_reembolsable,total,129.39,0,0,0,1
3110,2024-06-21,2025-01-15,208,5,2.0,3,estandar,desayuno,Directo,otros,flexible,parcial,73.75,1,0,0,0
1345,2024-05-16,2024-09-22,129,3,2.0,0,superior,solo_alojamiento,web_intermediaria,UK,flexible,total,95.3,0,0,0,0
2551,2025-04-22,2025-10-14,175,8,2.0,0,familiar,todo_incluido,web_intermediaria,uk,flexible,sin_deposito,118.95,0,0,0,1
5793,13/10/2024,2024-12-17,65,10,3.0,0,superior,desayuno,web_intermediaria,ES,no_reembolsable,parcial,112.97,1,0,0,0
1486,2025-09-21,2026-01-13,114,4,2.0,0,superior,desayuno,web_intermediaria,ES,flexible,sin_deposito,107.05,1,1,0,1
2293,2024-06-20,2024-08-02,43,4,2.0,0,estandar,media_pension,web_intermediaria,,no_reembolsable,sin_deposito,74.41,2,0,0,0
4461,2024-03-15,2024-08-20,158,5,1.0,1,estandar,desayuno,directo ,,no_reembolsable,sin_deposito,81.13,0,0,0,1
4765,2024-11-14,2025-01-03,50,9,3.0,0,familiar,desayuno,web_intermediaria,FR,no_reembolsable,parcial,130.84,0,0,0,1
5977,2025-11-11,2025-12-29,48,6,1.0,3,superior,,directo,FR,flexible,sin_deposito,"124,65",0,0,0,0
834,2024-04-14,2024-08-30,138,4,2.0,0,estandar,desayuno,web_intermediaria,ES,no_reembolsable,sin_deposito,83.37,0,0,0,0
3719,2025-05-13,2025-05-18,5,3,4.0,3,superior,media_pension,directo,IT,no_reembolsable,parcial,96.96,0,0,0,0
3321,2024-03-03,2024-11-12,254,6,2.0,0,superior,todo_incluido,web_intermediaria,,flexible,sin_deposito,90.75,1,0,0,1
1792,2025-10-05,2025-10-31,26,9,1.0,1,estandar,media_pension,agencia,UK,flexible,sin_deposito,66.26,0,0,0,0
880,2025-04-04,2025-04-26,22,5,3.0,0,estandar,todo_incluido,web_intermediaria,DE,flexible,parcial,75.56,0,0,0,0
867,2025-08-21,2025-10-16,56,6,3.0,0,estandar,todo_incluido,web_intermediaria,UK,flexible,total,"70,19",1,0,0,1
144,2024-10-25,2025-01-13,80,5,3.0,0,superior,desayuno,empresa,IT,flexible,parcial,119.9,2,0,0,0
5648,2025-11-28,2026-05-16,169,6,2.0,0,familiar,todo_incluido,web_intermediaria,otros,no_reembolsable,sin_deposito,106.44,0,0,0,1
3030,2025-10-15,2026-07-21,279,3,1.0,0,estandar,desayuno,web_intermediaria,UK,no_reembolsable,sin_deposito,78.93,1,0,0,1
3564,04/08/2025,2025-08-14,10,6,2.0,0,estandar,todo_incluido,web intermediaria ,,flexible,parcial,88.1,0,0,0,0
1282,2025-06-23,2025-07-24,31,8,1.0,2,familiar,desayuno,web_intermediaria,UK,no_reembolsable,sin_deposito,131.32,0,0,0,0
1510,2025-05-13,2025-10-31,171,6,4.0,0,superior,media_pension,web_intermediaria,,flexible,sin_deposito,101.79,0,1,0,1
1635,29/10/2024,2024-12-07,39,7,3.0,0,estandar,media_pension,agencia,ES,flexible,total,83.3,0,0,0,0
1371,04/10/2025,2026-01-07,-3,7,2.0,0,estandar,media_pension,web intermediaria ,IT,flexible,sin_deposito,101.73,0,0,0,1
872,27/05/2024,2024-08-04,69,10,2.0,1,estandar,desayuno,directo,Nordicos,no_reembolsable,parcial,90.1,0,0,0,0
1236,2024-09-09,2025-01-01,114,10,4.0,0,estandar,,directo,UK,no_reembolsable,total,92.45,0,0,0,0
2831,2025-11-04,2026-01-08,65,4,3.0,0,estandar,desayuno,Web Intermediaria,NL,flexible,parcial,85.48,1,1,0,0
3692,2025-04-02,2025-04-26,24,3,2.0,0,estandar,todo_incluido,directo,ES,no_reembolsable,parcial,66.22,1,0,0,0
5760,2024-01-01,2024-03-21,80,3,3.0,2,estandar,media_pension,empresa,ES,flexible,parcial,89.24,0,0,0,1
1579,2024-03-23,2024-07-31,130,3,2.0,1,suite,todo_incluido,directo,ES,flexible,parcial,,2,0,0,1
1461,2025-07-30,2025-12-23,146,5,3.0,0,familiar,desayuno,WEB_INTERMEDIARIA,UK,flexible,total,132.08,2,0,0,1
2603,23/07/2025,2026-05-06,287,3,1.0,0,estandar,desayuno,agencia,UK,flexible,sin_deposito,,2,1,0,1
5541,2024-07-26,2024-10-28,94,5,3.0,2,superior,desayuno,agencia,otros,flexible,sin_deposito,88.13,0,0,0,0
476,2025-07-26,2025-09-04,40,7,3.0,0,estandar,solo_alojamiento,directo,DE,no_reembolsable,parcial,66.18,0,0,0,0
3715,2025-06-13,2025-07-31,48,9,2.0,1,suite,desayuno,WEB_INTERMEDIARIA,otros,flexible,parcial,210.9,0,0,0,0
1865,01/09/2025,2025-10-24,53,8,4.0,1,superior,todo_incluido,web_intermediaria,DE,flexible,sin_deposito,95.94,0,0,0,0
4817,2025-09-29,2025-12-08,70,3,3.0,0,estandar,solo_alojamiento,web_intermediaria,otros,flexible,sin_deposito,93.42,4,0,0,1
3545,2024-01-28,2024-05-30,123,5,2.0,0,superior,media_pension,web_intermediaria,UK,no_reembolsable,sin_deposito,98.23,2,0,0,1
1352,2024-10-13,2025-03-09,147,4,4.0,1,superior,todo_incluido,directo,IT,flexible,sin_deposito,109.61,0,0,0,1
3521,2025-08-25,2025-09-20,26,6,3.0,0,estandar,media_pension,web_intermediaria,UK,flexible,sin_deposito,71.32,0,0,0,0
4762,2025-09-10,2025-11-27,78,5,2.0,1,estandar,todo_incluido,web_intermediaria,IT,no_reembolsable,parcial,67.91,2,0,0,0
2011,2024-12-28,2025-02-23,57,8,1.0,2,estandar,media_pension,agencia,UK,flexible,parcial,93.76,0,0,0,1
2136,2025-05-15,2025-06-11,27,3,1.0,0,estandar,solo_alojamiento,web_intermediaria,UK,flexible,sin_deposito,71.93,0,0,0,1
341,2025-04-08,2025-05-19,41,7,2.0,0,superior,todo_incluido,web_intermediaria,ES,flexible,sin_deposito,104.8,0,0,0,0
4985,2024-05-20,2024-07-11,52,8,4.0,0,superior,media_pension,agencia,ES,flexible,parcial,117.79,1,0,0,0
4937,2025-12-02,2026-03-13,101,9,2.0,2,estandar,desayuno,web_intermediaria,IT,flexible,sin_deposito,92.32,0,0,0,1
4785,2025-09-08,2025-10-25,47,7,2.0,0,estandar,media_pension,directo,ES,no_reembolsable,sin_deposito,80.26,0,0,0,0
2230,2025-12-16,2026-07-10,206,7,4.0,0,suite,desayuno,directo,,flexible,total,192.62,0,0,0,0
2340,2024-03-08,2024-05-22,75,4,4.0,0,estandar,solo_alojamiento,web_intermediaria,ES,flexible,parcial,81.22,2,0,0,0
5888,2024-05-03,2024-07-20,78,5,2.0,1,estandar,solo_alojamiento,Web Intermediaria,otros,flexible,total,,0,0,0,0
4581,2024-05-21,2024-08-11,82,7,1.0,0,familiar,desayuno,web_intermediaria,UK,flexible,sin_deposito,,1,0,0,0
1639,2024-05-13,2024-11-19,190,5,4.0,0,estandar,todo_incluido,web_intermediaria,UK,flexible,parcial,75.25,0,0,0,1
743,2025-04-08,2025-04-27,19,8,2.0,2,estandar,todo_incluido,agencia,UK,flexible,sin_deposito,"60,87",0,0,0,1
1434,2025-02-14,2025-04-07,52,2,2.0,2,superior,solo_alojamiento,web_intermediaria,DE,no_reembolsable,sin_deposito,,1,0,0,0
4225,2025-07-24,2025-08-28,35,5,2.0,1,estandar,media_pension,Web Intermediaria,DE,no_reembolsable,sin_deposito,78.86,1,0,0,1
2410,2024-01-20,2024-03-08,48,4,,0,estandar,todo_incluido,web_intermediaria,ES,flexible,sin_deposito,86.44,1,0,0,1
3093,2025-06-08,2025-07-10,32,3,2.0,1,superior,desayuno,web_intermediaria,DE,no_reembolsable,total,"127,82",2,0,0,0
3666,2024-11-24,2024-12-13,19,5,3.0,1,familiar,desayuno,directo,DE,flexible,sin_deposito,114.55,0,0,0,0
4215,2025-05-15,2025-05-29,14,7,2.0,0,estandar,desayuno,web_intermediaria,ES,flexible,sin_deposito,78.2,0,0,0,0
3033,2025-02-15,2025-05-26,100,8,1.0,2,estandar,media_pension,web_intermediaria,UK,flexible,total,77.04,1,0,0,0
1407,2024-09-10,2024-09-22,12,7,2.0,0,superior,solo_alojamiento,web_intermediaria,otros,no_reembolsable,sin_deposito,"92,42",1,0,0,0
2903,2025-09-22,2025-11-03,42,7,2.0,0,estandar,media_pension,empresa,otros,no_reembolsable,parcial,67.9,2,1,0,0
5133,2024-12-13,2025-03-12,89,6,3.0,0,estandar,todo_incluido,Directo,ES,flexible,sin_deposito,9999.0,0,0,0,0
3184,2024-02-12,2024-05-16,94,2,1.0,3,estandar,desayuno,web_intermediaria,Reino Unido,flexible,sin_deposito,73.68,1,0,0,0
1549,2024-12-26,2025-05-11,136,4,2.0,2,suite,desayuno,web_intermediaria,otros,no_reembolsable,sin_deposito,167.54,1,0,0,1
2762,10/11/2024,2025-01-12,63,6,2.0,0,familiar,desayuno,agencia,,no_reembolsable,total,"127,11",0,0,0,1
5632,2025-02-11,2025-03-20,37,4,3.0,0,superior,desayuno,agencia,otros,flexible,sin_deposito,93.09,0,1,2,1
4858,2025-04-06,2025-05-07,31,3,2.0,0,superior,desayuno,web_intermediaria,,no_reembolsable,sin_deposito,97.46,0,1,1,0
3019,2025-03-12,2025-09-21,193,4,2.0,0,familiar,solo_alojamiento,directo,DE,no_reembolsable,sin_deposito,115.92,1,0,0,1
4085,2025-01-01,2025-04-12,101,6,1.0,1,superior,todo_incluido,web_intermediaria,,flexible,parcial,87.7,0,0,0,0
3408,2025-04-10,2025-08-14,126,5,2.0,0,suite,todo_incluido,web_intermediaria,DE,flexible,sin_deposito,200.15,0,0,0,1
4183,2024-03-14,2024-06-03,81,3,4.0,0,estandar,desayuno,agencia,otros,flexible,total,68.67,1,0,0,0
446,2025-04-28,2025-07-27,90,6,2.0,0,estandar,todo_incluido,web_intermediaria,UK,flexible,parcial,94.96,0,0,0,0
1440,2025-11-28,2026-01-25,58,4,1.0,0,estandar,media_pension,agencia,DE,no_reembolsable,parcial,93.19,1,0,0,0
3810,2025-03-18,2025-06-15,89,5,2.0,0,suite,todo_incluido,web_intermediaria,,flexible,parcial,149.05,0,0,0,1
5378,2024-07-05,2025-03-04,242,7,3.0,1,estandar,desayuno,web_intermediaria,,no_reembolsable,parcial,88.76,0,0,0,1
2246,2025-08-30,2025-09-05,6,7,2.0,0,estandar,todo_incluido,agencia,otros,flexible,sin_deposito,60.53,0,1,0,0
411,2024-05-07,2024-07-13,67,3,2.0,0,superior,desayuno,directo,DE,flexible,total,123.34,2,0,0,0
4422,2025-12-30,2026-04-12,103,1,2.0,0,estandar,desayuno,web_intermediaria,ES,no_reembolsable,sin_deposito,57.18,1,0,0,1
910,2024-03-07,2024-07-13,128,5,2.0,0,familiar,media_pension,agencia,DE,flexible,parcial,147.11,1,0,0,1
1095,2024-08-27,2024-10-07,41,5,4.0,0,estandar,todo_incluido,directo,ES,flexible,sin_deposito,72.35,3,0,0,0
2400,2025-06-20,2025-07-16,26,6,2.0,0,estandar,desayuno,web_intermediaria,,no_reembolsable,total,80.82,2,0,0,0
3351,2024-04-26,2025-05-31,400,6,2.0,0,superior,media_pension,empresa,ES,no_reembolsable,sin_deposito,99.25,0,0,0,1
5057,2025-11-22,2026-03-12,110,8,4.0,1,suite,todo_incluido,web_intermediaria,FR,flexible,parcial,231.78,0,0,0,1
1846,2025-03-26,2025-05-13,48,3,4.0,1,estandar,todo_incluido,web intermediaria ,uk,flexible,sin_deposito,72.4,0,1,0,0
1908,2024-04-27,2024-06-04,38,5,2.0,0,estandar,media_pension,agencia,otros,no_reembolsable,total,57.26,1,0,0,0
5835,2024-07-05,2024-09-27,84,4,2.0,2,familiar,solo_alojamiento,web_intermediaria,UK,no_reembolsable,total,119.2,2,0,0,0
1711,2024-09-07,2025-06-05,271,4,3.0,0,superior,media_pension,directo,ES,flexible,total,88.96,0,0,0,1
3474,2025-10-08,2025-12-03,56,2,4.0,1,familiar,todo_incluido,web_intermediaria,ES,flexible,total,125.62,0,0,0,1
5550,2025-07-04,2025-08-26,53,5,2.0,0,suite,desayuno,empresa,NL,no_reembolsable,total,202.79,0,0,0,0
2639,20/04/2024,2024-06-12,53,5,4.0,0,superior,media_pension,web_intermediaria,ES,no_reembolsable,total,91.8,0,1,1,0
738,2024-08-31,2025-01-05,127,8,2.0,0,estandar,solo_alojamiento,web_intermediaria,IT,no_reembolsable,sin_deposito,78.49,0,0,0,1
5437,2024-10-22,2025-01-09,79,4,2.0,0,superior,desayuno,web_intermediaria,Nordicos,flexible,sin_deposito,,2,1,1,0
5973,2024-12-29,2025-01-22,24,3,4.0,2,suite,,web_intermediaria,Reino Unido,no_reembolsable,sin_deposito,208.97,0,0,0,0
65,2024-10-26,2025-01-19,85,7,2.0,0,superior,todo_incluido,web_intermediaria,España,no_reembolsable,parcial,118.71,1,0,0,1
2492,2024-07-12,2024-10-30,110,7,3.0,0,estandar,desayuno,empresa,,no_reembolsable,sin_deposito,64.73,0,0,0,0
3060,2024-07-18,2024-09-16,60,4,2.0,1,suite,media_pension,WEB_INTERMEDIARIA,,flexible,sin_deposito,167.49,0,1,1,1
801,2024-01-09,2024-04-16,98,11,1.0,2,estandar,media_pension,web_intermediaria,DE,flexible,total,56.28,1,0,0,1
5539,2025-08-18,2025-10-13,56,4,2.0,0,suite,desayuno,web_intermediaria,ES,flexible,sin_deposito,169.79,1,0,0,1
1550,2024-01-04,2024-04-10,97,5,3.0,0,superior,desayuno,agencia,otros,no_reembolsable,sin_deposito,"87,25",0,0,0,0
5706,2025-08-17,2026-01-25,161,2,2.0,0,familiar,solo_alojamiento,directo,NL,flexible,total,130.76,1,0,0,0
4554,2025-02-10,2025-04-06,55,9,2.0,0,estandar,solo_alojamiento,web_intermediaria,UK,flexible,total,61.31,0,1,1,1
3658,2025-11-03,2026-04-01,149,3,2.0,1,estandar,desayuno,directo,UK,flexible,sin_deposito,69.12,1,0,0,1
578,2025-01-17,2025-05-09,112,5,4.0,0,estandar,desayuno,web_intermediaria,NL,no_reembolsable,parcial,73.01,1,0,0,0
4047,2024-11-26,2025-02-20,86,5,2.0,0,suite,todo_incluido,web_intermediaria,ES,flexible,sin_deposito,219.05,2,0,0,1
1892,28/06/2024,2025-01-16,202,8,3.0,0,estandar,solo_alojamiento,directo,FR,flexible,parcial,78.42,1,1,0,0
3992,2025-07-04,2026-02-04,215,10,2.0,1,superior,desayuno,web_intermediaria,DE,flexible,sin_deposito,126.44,2,0,0,1
2102,02/05/2025,2025-09-20,141,10,2.0,0,estandar,todo_incluido,WEB_INTERMEDIARIA,,no_reembolsable,sin_deposito,68.63,1,0,0,1
3328,2024-06-02,2025-02-02,245,5,2.0,1,estandar,media_pension,directo,ES,flexible,parcial,87.55,1,0,0,1
2207,2024-04-08,2024-05-08,30,6,2.0,0,estandar,desayuno,web_intermediaria,ES,flexible,parcial,72.24,0,0,0,0
1732,2025-10-21,2025-12-21,61,4,2.0,0,estandar,solo_alojamiento,directo,Nordicos,no_reembolsable,sin_deposito,88.53,0,0,0,0
3259,2025-02-15,2025-03-19,32,5,,0,superior,solo_alojamiento,web_intermediaria,IT,flexible,parcial,122.52,0,1,0,0
1984,02/07/2025,2025-08-11,40,3,3.0,0,superior,desayuno,directo,UK,flexible,sin_deposito,122.52,0,1,2,0
5195,2024-09-27,2025-04-03,188,8,2.0,2,superior,desayuno,web_intermediaria,IT,flexible,sin_deposito,99.53,0,0,0,1
3633,2024-01-28,2024-04-09,72,6,2.0,1,estandar,media_pension,web_intermediaria,NL,no_reembolsable,sin_deposito,76.14,1,0,0,1
5235,2024-10-01,2024-10-19,18,4,3.0,0,estandar,solo_alojamiento,Web Intermediaria,IT,no_reembolsable,sin_deposito,63.3,0,0,0,0
5399,2025-11-14,2026-01-12,59,7,2.0,1,superior,todo_incluido,WEB_INTERMEDIARIA,IT,no_reembolsable,sin_deposito,131.18,0,0,0,0
5697,2024-02-25,2024-05-18,83,10,3.0,0,estandar,desayuno,web_intermediaria,,no_reembolsable,sin_deposito,"76,89",2,0,0,0
1239,2024-08-05,2024-08-26,21,7,2.0,0,estandar,desayuno,empresa,ES,no_reembolsable,sin_deposito,,2,0,0,0
2061,2025-10-14,2025-12-30,77,6,1.0,0,estandar,desayuno,web_intermediaria,ES,no_reembolsable,sin_deposito,70.99,0,0,0,1
2722,2025-05-02,2025-10-14,165,-2,2.0,0,familiar,media_pension,agencia,FR,flexible,sin_deposito,103.06,2,0,0,1
2065,2025-03-06,2025-06-15,101,4,2.0,0,estandar,desayuno,web_intermediaria,UK,no_reembolsable,sin_deposito,73.09,2,0,0,1
5276,2024-06-01,2024-10-08,129,5,2.0,0,estandar,solo_alojamiento,WEB_INTERMEDIARIA,NL,no_reembolsable,parcial,65.18,1,0,0,1
3100,2024-07-18,2024-09-15,59,5,3.0,0,estandar,media_pension,web_intermediaria,ES,no_reembolsable,parcial,,0,0,0,0
4902,2025-04-24,2025-05-09,15,2,2.0,0,estandar,media_pension,web_intermediaria,FR,no_reembolsable,sin_deposito,68.78,0,0,0,0
4564,2024-05-17,2024-08-01,76,4,2.0,0,estandar,media_pension,web_intermediaria,otros,flexible,sin_deposito,90.5,0,1,1,0
2214,2024-03-25,2024-07-22,119,3,2.0,0,estandar,media_pension,directo,ES,flexible,parcial,94.45,0,0,0,0
1681,2025-11-19,2026-01-06,48,8,2.0,0,superior,todo_incluido,agencia,otros,no_reembolsable,sin_deposito,119.05,0,1,0,1
3398,02/12/2025,2026-05-18,167,2,2.0,2,estandar,desayuno,web_intermediaria,,no_reembolsable,sin_deposito,65.86,0,1,1,1
4761,2025-12-07,2026-02-19,74,7,3.0,0,estandar,todo_incluido,web_intermediaria,DE,flexible,parcial,71.99,1,0,0,1
1332,2025-06-07,2025-08-11,65,6,2.0,0,familiar,solo_alojamiento,web_intermediaria,NL,flexible,sin_deposito,"134,1",0,0,0,0
2145,2024-09-21,2025-02-10,142,3,1.0,0,familiar,media_pension,web_intermediaria,UK,flexible,parcial,128.19,0,0,0,1
3318,2024-10-18,2024-12-23,66,4,2.0,0,superior,media_pension,web_intermediaria,DE,flexible,sin_deposito,124.37,0,0,0,1
3349,2024-03-29,2024-09-04,159,3,2.0,0,estandar,,WEB_INTERMEDIARIA,IT,no_reembolsable,total,75.42,1,1,0,1
2311,2024-07-23,2024-10-23,-3,5,2.0,2,superior,todo_incluido,agencia,FR,flexible,total,"95,25",0,0,0,0
883,2024-11-23,2025-02-22,91,4,4.0,0,familiar,solo_alojamiento,web_intermediaria,UK,flexible,total,133.17,0,0,0,0
371,2024-09-01,2024-12-26,116,7,2.0,0,familiar,solo_alojamiento,web_intermediaria,NL,flexible,parcial,144.84,1,0,0,0
3618,2024-10-25,2025-01-31,98,4,1.0,1,familiar,solo_alojamiento,directo,UK,flexible,sin_deposito,154.34,1,0,0,1
1419,2025-09-20,2025-11-04,45,6,2.0,0,superior,todo_incluido,directo,otros,flexible,parcial,88.16,1,0,0,0
4707,2024-12-09,2025-02-07,60,6,1.0,0,superior,desayuno,directo,Nordicos,flexible,parcial,,0,0,0,0
1655,2024-04-24,2024-05-23,29,5,2.0,0,estandar,media_pension,directo,Reino Unido,flexible,sin_deposito,65.63,0,0,0,0
1389,2025-10-12,2026-02-04,115,2,3.0,2,estandar,media_pension,web_intermediaria,FR,flexible,sin_deposito,98.67,0,0,0,1
1295,2025-11-25,2026-01-18,54,6,1.0,0,familiar,solo_alojamiento,agencia,DE,flexible,total,148.3,0,0,0,1
1735,2025-09-20,2025-10-22,32,3,2.0,2,superior,,agencia,UK,flexible,sin_deposito,96.61,1,0,0,0
2383,2025-11-01,2026-04-02,152,5,2.0,2,estandar,desayuno,directo,UK,flexible,sin_deposito,66.71,1,0,0,1
2202,2024-01-06,2024-01-17,11,5,4.0,3,estandar,todo_incluido,directo,NL,no_reembolsable,sin_deposito,77.54,1,0,0,0
2114,2025-10-26,2026-01-19,85,5,4.0,2,estandar,desayuno,agencia,,flexible,sin_deposito,85.94,3,0,0,1
2607,2025-01-23,2025-03-22,58,7,2.0,1,superior,desayuno,directo,,no_reembolsable,total,109.85,0,0,0,0
4915,2025-07-21,2025-09-17,58,3,3.0,0,superior,desayuno,agencia,,flexible,sin_deposito,90.2,1,0,0,1
1099,2024-01-31,2024-05-16,106,4,2.0,0,estandar,todo_incluido,empresa,,no_reembolsable,sin_deposito,71.11,0,0,0,0
1422,2025-12-27,2026-03-06,69,6,2.0,0,estandar,solo_alojamiento,web_intermediaria,ES,no_reembolsable,total,,0,1,0,1
1265,2024-06-23,2024-08-02,40,4,1.0,0,estandar,todo_incluido,web_intermediaria,UK,flexible,parcial,93.86,1,0,0,1
2302,2024-04-15,2024-07-30,106,7,2.0,0,estandar,desayuno,web_intermediaria,ES,flexible,parcial,93.77,1,1,1,1
4446,2024-10-30,2025-03-31,152,10,2.0,0,estandar,todo_incluido,web_intermediaria,otros,flexible,sin_deposito,89.4,1,0,0,1
3482,2024-06-28,2024-07-19,21,7,2.0,1,estandar,desayuno,directo,DE,no_reembolsable,sin_deposito,97.58,1,0,0,0
3397,27/11/2024,2024-12-07,10,3,1.0,0,estandar,todo_incluido,web_intermediaria,UK,no_reembolsable,parcial,99.46,1,1,0,0
4417,2024-12-09,2025-02-22,75,7,4.0,1,estandar,solo_alojamiento,directo,,flexible,parcial,87.61,0,0,0,0
267,2024-11-22,2025-06-02,-3,4,1.0,3,estandar,todo_incluido,agencia,UK,flexible,total,63.66,0,1,0,1
2416,2024-12-20,2025-02-20,62,5,2.0,2,suite,desayuno,empresa,UK,no_reembolsable,sin_deposito,189.38,1,0,0,0
4381,2025-11-17,2026-04-24,158,4,2.0,2,estandar,todo_incluido,web_intermediaria,IT,flexible,sin_deposito,"68,22",0,0,0,1
1292,2025-09-18,2025-12-12,85,3,3.0,0,superior,solo_alojamiento,web_intermediaria,Nordicos,no_reembolsable,sin_deposito,123.92,0,0,0,1
4507,2024-07-30,2024-12-08,131,4,2.0,0,estandar,media_pension,web intermediaria ,es,flexible,sin_deposito,82.41,0,0,0,1
2788,13/02/2024,2024-05-16,93,7,2.0,0,estandar,media_pension,agencia,otros,flexible,sin_deposito,67.28,0,0,0,0
4325,09/12/2025,2026-02-17,70,2,2.0,1,estandar,desayuno,directo,otros,flexible,sin_deposito,75.27,0,0,0,0
227,2025-08-13,2025-10-26,74,6,1.0,2,estandar,desayuno,agencia,UK,no_reembolsable,sin_deposito,58.53,0,0,0,0
4207,2025-10-23,2025-11-12,20,1,2.0,0,superior,todo_incluido,web_intermediaria,ES,flexible,sin_deposito,93.86,1,0,0,1
346,2024-07-05,2024-08-07,33,6,2.0,0,estandar,solo_alojamiento,web_intermediaria,Nordicos,no_reembolsable,parcial,74.01,2,0,0,0
1081,2025-11-02,2026-02-04,94,5,,0,superior,todo_incluido,web_intermediaria,UK,flexible,sin_deposito,110.21,1,0,0,1
4073,2025-08-31,2025-10-09,39,7,2.0,0,estandar,solo_alojamiento,directo,ES,flexible,sin_deposito,80.72,0,0,0,1
1373,2024-11-24,2025-01-10,47,8,2.0,0,superior,solo_alojamiento,web_intermediaria,,no_reembolsable,sin_deposito,117.62,0,0,0,1
1953,22/02/2024,2024-06-28,127,8,2.0,1,superior,media_pension,web_intermediaria,otros,no_reembolsable,total,91.98,0,1,1,1
4123,2025-12-20,2026-04-04,105,7,2.0,1,estandar,media_pension,web_intermediaria,IT,no_reembolsable,sin_deposito,"73,21",0,0,0,1
4226,09/05/2024,2024-06-27,49,7,4.0,0,superior,todo_incluido,directo,otros,flexible,sin_deposito,92.95,0,0,0,1
2886,22/04/2024,2024-08-21,121,8,3.0,0,superior,desayuno,web_intermediaria,,no_reembolsable,sin_deposito,113.75,1,1,0,0
3019,2025-03-12,2025-09-21,193,4,2.0,0,familiar,solo_alojamiento,directo,DE,no_reembolsable,sin_deposito,115.92,1,0,0,1
1564,2025-11-01,2026-01-02,62,7,2.0,2,familiar,todo_incluido,web_intermediaria,ES,flexible,sin_deposito,134.16,0,0,0,0
1186,2024-08-12,2024-12-07,117,2,4.0,0,estandar,desayuno,empresa,FR,flexible,sin_deposito,"86,75",1,0,0,1
1401,2025-09-15,2025-09-28,13,2,2.0,0,superior,solo_alojamiento,web_intermediaria,ES,no_reembolsable,sin_deposito,107.06,1,0,0,0
2601,2025-09-22,2025-11-07,46,7,2.0,0,superior,desayuno,web_intermediaria,DE,flexible,sin_deposito,95.0,1,0,0,0
5015,2025-04-26,2025-05-17,21,6,2.0,0,superior,todo_incluido,directo,IT,flexible,sin_deposito,95.13,1,0,0,0
3264,2025-09-21,2025-10-20,29,7,2.0,0,superior,todo_incluido,agencia,,no_reembolsable,parcial,83.78,0,0,0,0
4034,2024-07-23,2024-10-23,92,10,2.0,1,suite,,web_intermediaria,Nordicos,flexible,total,162.76,1,0,0,0
2740,2024-09-08,2025-01-13,127,9,3.0,0,familiar,desayuno,web_intermediaria,uk,flexible,sin_deposito,"144,68",0,0,0,1
3954,2024-12-04,2024-12-17,13,5,2.0,0,estandar,,directo,Nordicos,flexible,sin_deposito,92.41,0,0,0,0
2739,25/12/2024,2025-03-29,94,6,2.0,0,estandar,desayuno,empresa,,no_reembolsable,parcial,81.96,0,0,0,1
4447,2024-08-12,2024-11-10,90,3,2.0,0,familiar,media_pension,directo,otros,no_reembolsable,parcial,111.49,1,0,0,0
1667,2025-07-02,2025-08-29,58,4,2.0,0,estandar,media_pension,empresa,es,no_reembolsable,sin_deposito,98.16,0,0,0,0
4336,2024-11-06,2025-02-21,107,4,2.0,2,estandar,todo_incluido,web_intermediaria,UK,flexible,sin_deposito,77.48,2,0,0,1
4198,2024-03-31,2024-09-04,157,6,2.0,0,suite,desayuno,web_intermediaria,España,no_reembolsable,sin_deposito,"169,09",1,0,0,0
944,2024-12-12,2025-03-08,86,2,4.0,2,superior,media_pension,directo,ES,no_reembolsable,parcial,121.84,0,1,1,0
1527,2024-08-20,2024-09-28,39,6,2.0,0,estandar,media_pension,web intermediaria ,IT,no_reembolsable,total,62.57,0,0,0,0
4201,2025-05-10,2025-11-26,200,4,2.0,0,superior,media_pension,web_intermediaria,UK,no_reembolsable,sin_deposito,103.88,1,0,0,1
2760,2024-11-09,2025-02-04,87,6,4.0,0,familiar,desayuno,web_intermediaria,DE,flexible,parcial,128.54,1,0,0,1
2185,2025-04-07,2025-11-08,215,5,2.0,2,superior,solo_alojamiento,Directo,uk,no_reembolsable,parcial,,1,0,0,0
5713,2024-12-04,2025-03-07,93,4,4.0,1,superior,media_pension,Directo,NL,no_reembolsable,parcial,118.45,1,1,1,0
2577,2024-07-16,2024-08-21,36,6,2.0,0,familiar,todo_incluido,web_intermediaria,Nordicos,flexible,total,134.3,0,0,0,0
890,2024-07-16,2024-10-26,102,6,4.0,0,superior,todo_incluido,web_intermediaria,DE,no_reembolsable,sin_deposito,93.25,0,0,0,0
5758,2025-01-21,2025-03-28,66,4,3.0,0,familiar,desayuno,web_intermediaria,DE,flexible,sin_deposito,138.35,1,0,0,0
3094,2024-06-24,2024-09-22,90,10,2.0,3,superior,desayuno,web_intermediaria,UK,flexible,sin_deposito,97.79,0,0,0,0
2780,2024-02-02,2024-02-11,9,6,1.0,0,superior,media_pension,directo,UK,no_reembolsable,parcial,110.07,0,1,0,0
5975,2025-12-04,2026-01-18,45,5,1.0,2,suite,,Web Intermediaria,DE,flexible,total,204.6,0,0,0,0
5415,2024-08-15,2024-09-10,26,4,2.0,3,familiar,media_pension,directo,UK,no_reembolsable,total,,0,0,0,0
1483,2024-07-30,2024-12-17,140,5,2.0,0,estandar,todo_incluido,agencia,UK,flexible,sin_deposito,92.44,0,1,0,1
2267,2025-05-13,2025-06-12,30,3,2.0,0,estandar,media_pension,WEB_INTERMEDIARIA,ES,flexible,sin_deposito,64.38,1,0,0,1
4759,2024-11-25,2025-02-18,85,6,2.0,0,estandar,media_pension,Web Intermediaria,DE,no_reembolsable,sin_deposito,,0,1,1,1
881,2024-03-03,2024-05-06,64,1,2.0,2,estandar,desayuno,web_intermediaria,IT,no_reembolsable,sin_deposito,61.46,0,0,0,1
5777,2024-10-17,2024-12-03,47,6,2.0,0,estandar,desayuno,directo,ES,flexible,total,83.38,0,0,0,0
4122,2025-11-21,2026-09-02,285,8,2.0,0,superior,desayuno,agencia,otros,flexible,sin_deposito,85.56,1,1,0,1
3111,2025-01-28,2025-03-03,34,5,2.0,0,estandar,desayuno,web_intermediaria,,flexible,total,76.54,0,0,0,0
3190,2025-08-31,2025-12-11,102,6,2.0,0,estandar,media_pension,web_intermediaria,UK,flexible,total,93.83,1,0,0,1
2160,2024-08-31,2025-02-14,167,5,,0,suite,desayuno,web_intermediaria,UK,no_reembolsable,parcial,173.47,1,0,0,0
2790,2025-09-01,2025-12-06,96,11,2.0,0,suite,solo_alojamiento,directo,ES,flexible,sin_deposito,195.15,1,0,0,1
5142,12/01/2024,2024-03-16,64,3,2.0,0,superior,media_pension,agencia,ES,no_reembolsable,total,112.05,1,0,0,0
1785,14/06/2025,2026-07-03,384,8,2.0,0,superior,desayuno,web_intermediaria,DE,no_reembolsable,parcial,114.25,0,1,0,1
3606,2024-04-08,2024-06-21,74,5,1.0,0,superior,media_pension,web_intermediaria,ES,flexible,total,95.42,1,0,0,0
2900,2024-05-27,2024-11-13,170,4,2.0,0,superior,todo_incluido,agencia,otros,no_reembolsable,parcial,97.61,0,0,0,1
3289,2024-05-06,2024-10-16,163,7,3.0,0,familiar,solo_alojamiento,web_intermediaria,DE,flexible,sin_deposito,106.63,0,0,0,1
755,2025-02-09,2025-03-09,28,7,2.0,1,familiar,todo_incluido,web_intermediaria,UK,no_reembolsable,sin_deposito,135.43,1,0,0,0
1772,2024-10-02,2024-12-13,72,10,2.0,1,familiar,desayuno,directo,,flexible,sin_deposito,167.66,1,0,0,0
100,12/04/2024,2024-05-26,44,3,1.0,0,estandar,todo_incluido,directo,otros,flexible,total,62.18,1,1,0,0
936,2025-11-17,2026-01-09,53,3,4.0,0,familiar,media_pension,directo,,flexible,parcial,137.36,0,0,0,0
599,2025-04-03,2025-05-03,30,8,2.0,0,estandar,desayuno,web_intermediaria,Nordicos,flexible,sin_deposito,72.23,1,0,0,1
2808,14/08/2024,2024-08-23,9,4,4.0,0,estandar,solo_alojamiento,web intermediaria ,UK,no_reembolsable,parcial,85.87,1,0,0,0
2692,2025-03-19,2025-05-31,73,6,2.0,1,superior,media_pension,agencia,ES,flexible,sin_deposito,,3,0,0,1
5430,2025-09-20,2025-10-17,27,4,1.0,1,estandar,todo_incluido,web_intermediaria,UK,no_reembolsable,sin_deposito,71.31,0,0,0,0
1370,2025-04-08,2025-09-05,150,3,4.0,1,familiar,todo_incluido,empresa,IT,flexible,sin_deposito,80.66,3,0,0,0
5183,2025-04-10,2025-05-03,23,7,2.0,0,estandar,desayuno,web_intermediaria,ES,flexible,sin_deposito,71.12,0,1,0,1
4651,2024-10-17,2025-01-21,96,4,3.0,0,superior,todo_incluido,directo,NL,flexible,parcial,"118,05",0,0,0,1
2962,03/11/2024,2025-05-31,209,5,2.0,0,familiar,desayuno,empresa,otros,no_reembolsable,sin_deposito,112.22,1,0,0,0
2862,2025-11-10,2026-05-18,189,4,2.0,0,superior,todo_incluido,WEB_INTERMEDIARIA,ES,flexible,sin_deposito,92.53,2,0,0,1
4920,2025-01-20,2025-02-05,16,6,4.0,0,familiar,desayuno,directo,UK,flexible,parcial,153.42,1,0,0,0
2125,2025-06-28,2025-08-13,46,7,3.0,0,estandar,todo_incluido,agencia,DE,no_reembolsable,total,92.85,1,1,0,0
2642,2024-12-28,2025-04-08,101,4,2.0,0,estandar,solo_alojamiento,web_intermediaria,UK,no_reembolsable,parcial,70.55,1,0,0,1
663,2024-01-26,2024-03-17,51,4,3.0,1,estandar,desayuno,agencia,UK,flexible,total,87.8,0,0,0,1
4346,2025-01-01,2025-09-28,270,5,1.0,0,familiar,media_pension,empresa,UK,flexible,parcial,123.48,1,0,0,1
3109,2025-10-19,2025-12-10,52,7,1.0,0,estandar,solo_alojamiento,agencia,otros,no_reembolsable,sin_deposito,82.36,1,1,1,0
4754,2025-09-28,2025-11-30,63,8,2.0,1,estandar,desayuno,web_intermediaria,DE,no_reembolsable,sin_deposito,65.73,0,0,0,1
1657,2025-09-10,2025-10-30,50,6,1.0,0,estandar,desayuno,web_intermediaria,ES,flexible,parcial,,0,0,0,1
3825,2025-03-09,2025-06-23,106,3,2.0,0,estandar,desayuno,web_intermediaria,,flexible,sin_deposito,67.63,0,0,0,0
5537,2024-02-10,2024-03-15,34,5,2.0,1,familiar,desayuno,web_intermediaria,otros,no_reembolsable,sin_deposito,125.44,0,0,0,1
3759,2024-02-28,2024-04-12,44,6,2.0,0,estandar,todo_incluido,web_intermediaria,Nordicos,flexible,parcial,74.45,0,0,0,0
5102,2025-01-31,2025-03-13,41,5,3.0,2,familiar,desayuno,directo,Nordicos,flexible,parcial,162.42,0,0,0,0
5448,2024-10-26,2025-02-01,98,8,2.0,2,superior,solo_alojamiento,directo,otros,no_reembolsable,total,112.18,0,0,0,0
2481,20/04/2025,2026-02-13,299,4,1.0,0,estandar,desayuno,agencia,ES,flexible,total,94.38,1,0,0,1
3516,2025-12-10,2025-12-23,13,4,2.0,1,estandar,media_pension,web_intermediaria,ES,no_reembolsable,sin_deposito,88.63,0,0,0,0
3758,2025-02-03,2025-05-22,108,5,3.0,0,superior,media_pension,web_intermediaria,NL,flexible,sin_deposito,92.26,0,0,0,1
1154,2025-10-25,2025-12-26,62,4,2.0,0,estandar,solo_alojamiento,directo,FR,no_reembolsable,total,89.8,0,0,0,0
2661,2024-11-13,2025-03-17,124,4,4.0,1,superior,desayuno,web_intermediaria,ES,flexible,sin_deposito,123.39,0,0,0,1
5128,2025-01-12,2025-04-15,93,5,2.0,0,superior,media_pension,agencia,otros,no_reembolsable,sin_deposito,80.57,0,0,0,0
2910,2024-09-10,2024-10-06,26,6,2.0,0,familiar,desayuno,directo,España,no_reembolsable,sin_deposito,106.69,1,0,0,0
4347,2024-02-06,2024-03-30,53,5,1.0,0,estandar,desayuno,directo,otros,flexible,sin_deposito,88.97,0,0,0,0
818,2024-03-18,2024-07-15,119,5,1.0,0,estandar,desayuno,web_intermediaria,UK,flexible,parcial,85.85,0,0,0,0
1545,2024-06-17,2024-08-26,70,9,3.0,0,estandar,media_pension,web_intermediaria,UK,flexible,parcial,88.87,1,0,0,1
1534,2024-05-17,2024-08-14,89,4,2.0,0,estandar,desayuno,web_intermediaria,UK,no_reembolsable,total,91.02,1,0,0,0
772,2025-12-21,2026-03-31,100,5,2.0,0,estandar,desayuno,web_intermediaria,DE,flexible,parcial,82.11,2,0,0,1
2776,2024-08-08,2024-10-20,73,4,2.0,1,estandar,todo_incluido,directo ,FR,flexible,total,61.68,1,0,0,0
1633,2024-03-07,2024-04-28,52,5,2.0,0,estandar,todo_incluido,web_intermediaria,otros,flexible,sin_deposito,69.99,1,0,0,1
2276,2024-11-06,2024-12-25,49,4,2.0,0,estandar,media_pension,web_intermediaria,DE,flexible,parcial,90.71,1,0,0,1
993,2024-05-23,2024-11-07,168,5,2.0,0,estandar,desayuno,directo,,flexible,total,69.89,0,0,0,1
5439,2024-11-04,2025-02-05,93,3,1.0,0,familiar,desayuno,web_intermediaria,ES,no_reembolsable,total,"134,42",3,1,0,0
5976,2025-02-04,2025-03-07,31,4,3.0,0,estandar,,web_intermediaria,otros,flexible,sin_deposito,90.09,1,0,0,1
2012,2024-10-13,2024-11-22,40,6,3.0,0,estandar,media_pension,web_intermediaria,FR,no_reembolsable,sin_deposito,"75,65",0,0,0,0
3156,10/09/2025,2025-11-14,65,3,1.0,1,familiar,media_pension,agencia,ES,flexible,parcial,,1,0,0,0
490,18/03/2025,2025-05-15,58,6,2.0,2,estandar,media_pension,directo,FR,flexible,sin_deposito,71.57,1,0,0,0
1694,2024-10-15,2024-11-17,33,4,2.0,2,estandar,desayuno,agencia,ES,no_reembolsable,parcial,75.52,0,0,0,0
4839,2025-09-13,2025-10-14,31,5,3.0,0,estandar,desayuno,directo,UK,flexible,total,79.43,1,0,0,0
4953,2025-07-25,2025-09-07,44,4,2.0,1,estandar,todo_incluido,web_intermediaria,ES,no_reembolsable,parcial,,0,0,0,1
1887,2025-04-20,2025-10-05,168,3,2.0,0,estandar,media_pension,directo,UK,flexible,parcial,73.27,0,1,0,1
5149,2024-09-27,2024-11-15,49,4,2.0,0,superior,desayuno,web_intermediaria,ES,flexible,total,99.33,0,0,0,1
5820,2025-02-18,2025-08-29,192,6,3.0,0,superior,desayuno,agencia,Reino Unido,flexible,sin_deposito,123.23,0,0,0,1
4752,2024-04-19,2024-05-17,28,5,4.0,1,estandar,media_pension,empresa,es,flexible,sin_deposito,65.09,0,0,0,0
3926,2025-02-21,2025-04-15,53,5,2.0,0,superior,solo_alojamiento,web_intermediaria,UK,flexible,total,83.57,2,1,0,0
453,2024-12-30,2025-04-03,94,7,2.0,1,superior,desayuno,web_intermediaria,UK,flexible,sin_deposito,106.77,1,0,0,1
5441,2025-01-12,2025-02-22,41,6,2.0,0,estandar,solo_alojamiento,web_intermediaria,,flexible,sin_deposito,96.44,0,1,0,0
2583,2024-07-31,2024-08-17,17,8,4.0,3,superior,desayuno,web_intermediaria,otros,flexible,parcial,126.11,0,0,0,1
3531,2024-10-04,2024-11-04,31,9,2.0,1,superior,todo_incluido,web_intermediaria,otros,flexible,sin_deposito,100.06,0,0,0,1
5003,2025-04-02,2025-05-27,55,2,2.0,1,superior,desayuno,web_intermediaria,DE,flexible,total,93.23,0,0,0,0
809,2024-10-12,2025-03-10,149,4,2.0,0,estandar,desayuno,web_intermediaria,ES,flexible,parcial,"94,35",0,0,0,0
3736,2024-05-28,2024-07-29,62,8,1.0,0,estandar,todo_incluido,directo,ES,flexible,sin_deposito,"82,67",0,0,0,1
4022,2024-02-04,2024-10-13,252,6,1.0,1,estandar,desayuno,web_intermediaria,,no_reembolsable,sin_deposito,71.36,1,0,0,1
1684,2025-08-04,2025-08-27,23,5,2.0,2,estandar,,web_intermediaria,,flexible,parcial,77.18,3,0,0,0
5538,2025-09-06,2026-02-21,168,9,4.0,0,superior,desayuno,directo,Nordicos,flexible,parcial,"117,23",1,0,0,1
2429,2025-07-04,2025-10-11,99,4,4.0,0,estandar,todo_incluido,directo,UK,flexible,sin_deposito,"64,73",1,1,1,1
5964,2024-07-22,2024-11-07,108,6,1.0,1,superior,todo_incluido,agencia,NL,flexible,sin_deposito,94.67,1,0,0,0
4628,2024-05-11,2024-06-30,50,7,2.0,1,suite,todo_incluido,directo,ES,no_reembolsable,sin_deposito,138.93,0,0,0,0
1932,2024-12-17,2025-02-06,51,5,2.0,0,estandar,todo_incluido,web_intermediaria,ES,no_reembolsable,sin_deposito,80.69,0,1,0,0
3756,2024-08-22,2024-10-19,58,0,4.0,1,estandar,,web_intermediaria,DE,flexible,sin_deposito,"76,96",0,0,0,0
465,2024-01-05,2024-04-09,95,8,2.0,1,familiar,desayuno,web_intermediaria,UK,flexible,parcial,117.96,0,0,0,1
2729,2025-02-28,2025-06-28,120,4,2.0,0,superior,todo_incluido,web_intermediaria,ES,flexible,total,106.72,0,1,1,0
942,21/10/2024,2025-01-08,79,7,2.0,0,suite,media_pension,web_intermediaria,ES,no_reembolsable,sin_deposito,192.3,0,0,0,0
4852,2025-06-13,2025-12-14,184,7,2.0,0,estandar,solo_alojamiento,web_intermediaria,Nordicos,no_reembolsable,sin_deposito,,0,0,0,1
5650,2025-12-16,2025-12-30,14,3,2.0,0,estandar,desayuno,directo ,es,no_reembolsable,parcial,91.65,1,0,0,0
111,2024-07-21,2024-08-28,38,4,1.0,0,superior,desayuno,web_intermediaria,IT,no_reembolsable,sin_deposito,108.35,0,0,0,1
898,2024-02-09,2024-04-21,72,3,3.0,0,superior,desayuno,web_intermediaria,UK,flexible,parcial,110.86,0,0,0,0
164,2024-10-23,2024-12-19,57,5,2.0,0,estandar,desayuno,directo,UK,flexible,total,89.97,2,0,0,1
5715,2025-11-29,2026-01-06,38,4,2.0,1,superior,desayuno,agencia,NL,flexible,sin_deposito,130.36,1,0,0,0
3690,2024-05-02,2024-10-01,152,2,2.0,0,estandar,solo_alojamiento,agencia,otros,flexible,sin_deposito,,1,0,0,1
630,2024-09-24,2024-12-28,95,9,2.0,1,estandar,media_pension,WEB_INTERMEDIARIA,DE,flexible,parcial,80.3,2,0,0,1
837,2025-08-13,2025-10-30,78,4,3.0,0,estandar,desayuno,directo,UK,no_reembolsable,sin_deposito,70.65,3,0,0,1
449,2025-01-15,2025-07-27,193,6,2.0,1,superior,desayuno,web_intermediaria,UK,flexible,total,128.31,0,0,0,1
835,2025-09-15,2025-12-20,96,6,4.0,0,estandar,media_pension,directo,NL,flexible,parcial,79.19,1,1,0,0
5770,2025-02-04,2025-05-24,109,6,2.0,1,estandar,todo_incluido,web_intermediaria,IT,flexible,parcial,"62,63",0,0,0,1
4804,2025-08-01,2026-01-31,183,6,2.0,0,superior,desayuno,web_intermediaria,,flexible,total,126.7,3,1,2,0
2428,2024-10-08,2025-01-16,100,3,2.0,1,estandar,media_pension,web intermediaria ,ES,flexible,parcial,90.52,2,0,0,1
407,12/11/2024,2025-05-10,179,6,3.0,1,estandar,media_pension,web_intermediaria,UK,flexible,sin_deposito,71.9,1,0,0,1
1515,2024-06-29,2024-08-02,34,1,2.0,0,familiar,todo_incluido,web_intermediaria,NL,flexible,parcial,121.8,0,0,0,1
3509,2024-02-12,2024-04-23,71,5,2.0,0,superior,desayuno,web intermediaria ,ES,no_reembolsable,sin_deposito,104.8,1,1,0,0
4184,2025-09-14,2025-12-18,95,6,1.0,0,estandar,solo_alojamiento,agencia,IT,no_reembolsable,sin_deposito,95.43,1,0,0,1
5318,2024-03-18,2024-05-02,45,2,3.0,0,superior,solo_alojamiento,agencia,otros,flexible,sin_deposito,"76,13",0,0,0,0
2442,2024-01-01,2024-06-23,174,6,2.0,0,estandar,desayuno,agencia,ES,flexible,parcial,69.8,1,0,0,0
2438,2025-05-08,2025-06-30,53,5,2.0,0,estandar,media_pension,agencia,IT,flexible,sin_deposito,72.38,0,1,0,0
3853,2024-03-17,2024-05-04,48,8,3.0,0,estandar,,empresa,ES,flexible,parcial,66.73,0,0,0,1
3322,2024-04-28,2024-07-26,89,4,3.0,0,estandar,desayuno,directo,DE,flexible,parcial,77.18,1,0,0,1
1306,2025-05-05,2025-06-08,34,8,3.0,0,estandar,todo_incluido,agencia,ES,flexible,parcial,69.27,1,0,0,0
3753,2025-12-02,2026-03-14,102,4,2.0,3,estandar,media_pension,empresa,NL,no_reembolsable,parcial,85.98,0,0,0,1
4773,2024-05-09,2024-07-08,60,6,1.0,0,superior,todo_incluido,web_intermediaria,UK,flexible,sin_deposito,137.0,0,0,0,1
4607,2024-06-24,2024-11-03,132,5,3.0,2,estandar,desayuno,agencia,NL,no_reembolsable,total,68.26,3,0,0,0
531,2025-03-12,2025-06-12,92,6,1.0,0,estandar,solo_alojamiento,web_intermediaria,ES,flexible,total,78.12,0,0,0,0
3064,2024-04-02,2024-04-26,24,2,1.0,1,estandar,desayuno,web_intermediaria,UK,no_reembolsable,parcial,59.82,0,0,0,0
5116,2024-07-10,2024-11-10,123,8,1.0,1,estandar,desayuno,web_intermediaria,IT,flexible,sin_deposito,67.86,0,0,0,1
5586,2025-06-24,2025-09-25,93,10,3.0,1,estandar,desayuno,directo,DE,flexible,parcial,70.58,0,0,0,0
5688,2024-06-28,2024-07-09,11,6,2.0,0,suite,,web_intermediaria,ES,no_reembolsable,sin_deposito,183.91,0,0,0,0
1607,2024-04-17,2024-12-29,256,5,4.0,2,familiar,,directo,ES,no_reembolsable,sin_deposito,141.9,1,0,0,0
3035,2024-03-13,2024-09-21,192,6,3.0,3,suite,todo_incluido,web_intermediaria,IT,flexible,sin_deposito,144.13,1,0,0,1
6000,2024-03-12,2024-04-24,43,6,2.0,0,familiar,todo_incluido,empresa,otros,no_reembolsable,sin_deposito,107.38,1,0,0,1
1624,2024-01-13,2024-02-21,39,3,2.0,0,estandar,media_pension,directo ,UK,flexible,parcial,72.57,0,0,0,0
2861,2024-05-21,2024-08-13,84,7,3.0,0,superior,desayuno,empresa,ES,no_reembolsable,parcial,120.87,0,0,0,0
413,2024-07-22,2024-09-12,52,6,2.0,0,estandar,desayuno,directo,FR,no_reembolsable,sin_deposito,79.16,0,0,0,0
3487,2024-09-05,2025-01-14,131,4,3.0,0,familiar,desayuno,agencia,Nordicos,no_reembolsable,parcial,"129,78",0,1,0,0
1206,2025-10-21,2026-01-24,95,6,3.0,0,estandar,desayuno,web_intermediaria,ES,no_reembolsable,parcial,87.28,1,0,0,0
2345,2025-03-04,2025-05-15,72,9,2.0,0,estandar,desayuno,empresa,UK,flexible,parcial,67.57,1,1,0,0
3370,2024-03-27,2024-08-09,135,6,1.0,0,estandar,todo_incluido,directo,UK,flexible,parcial,85.73,0,0,0,1
3106,09/08/2024,2024-11-06,89,3,2.0,0,familiar,todo_incluido,agencia,UK,flexible,sin_deposito,106.08,1,0,0,1
369,2024-01-17,2024-01-26,9,5,1.0,0,suite,todo_incluido,web_intermediaria,ES,flexible,total,208.84,0,0,0,0
2468,2025-05-11,2025-06-30,50,7,4.0,0,estandar,desayuno,web_intermediaria,ES,flexible,parcial,"73,8",0,0,0,1
795,2024-11-10,2025-01-28,79,5,4.0,0,estandar,desayuno,empresa,UK,flexible,sin_deposito,90.03,0,1,1,0
5204,2025-05-02,2025-06-16,45,4,1.0,1,familiar,desayuno,directo,UK,flexible,parcial,93.51,0,0,0,0
654,2025-08-10,2025-11-07,89,7,3.0,0,familiar,solo_alojamiento,agencia,otros,flexible,parcial,120.27,1,0,0,1
712,2025-01-16,2025-04-23,97,4,4.0,0,estandar,desayuno,web_intermediaria,Nordicos,flexible,parcial,76.28,0,0,0,1
5013,2025-03-13,2025-07-16,125,4,1.0,0,superior,desayuno,WEB_INTERMEDIARIA,UK,flexible,sin_deposito,114.78,1,1,1,1
2635,2024-03-01,2024-04-12,42,6,2.0,0,estandar,media_pension,web_intermediaria,UK,flexible,sin_deposito,57.64,1,0,0,0
29,2025-02-02,2025-08-09,188,5,2.0,0,estandar,todo_incluido,agencia,DE,flexible,total,"88,19",0,0,0,1
5187,2025-09-22,2025-10-18,26,8,2.0,0,superior,desayuno,agencia,ES,flexible,sin_deposito,89.85,1,0,0,1
5833,2025-08-23,2025-11-09,78,6,4.0,0,estandar,desayuno,web intermediaria ,UK,no_reembolsable,sin_deposito,73.12,3,0,0,0
2299,2024-06-11,2024-07-27,46,8,4.0,0,familiar,desayuno,web_intermediaria,,flexible,parcial,139.8,0,0,0,0
192,2025-04-05,2025-05-17,42,5,2.0,0,superior,todo_incluido,web_intermediaria,UK,flexible,sin_deposito,"83,36",3,0,0,1
4884,2024-04-27,2024-07-04,68,9,2.0,0,estandar,desayuno,directo,DE,flexible,sin_deposito,100.29,1,0,0,1
2732,2025-01-16,2025-04-19,93,2,2.0,0,familiar,,agencia,,flexible,parcial,121.1,0,1,1,0
4401,2024-10-03,2024-12-09,67,10,3.0,0,familiar,solo_alojamiento,web_intermediaria,DE,flexible,sin_deposito,135.63,0,0,0,0
4931,2024-01-11,2024-04-06,86,9,,0,estandar,desayuno,web_intermediaria,FR,flexible,parcial,"74,81",0,0,0,1
1956,2024-10-19,2025-04-09,172,5,3.0,2,estandar,media_pension,directo,IT,no_reembolsable,sin_deposito,68.86,0,0,0,1
3695,2024-10-15,2025-01-24,101,5,2.0,0,suite,media_pension,web_intermediaria,FR,flexible,sin_deposito,199.5,1,0,0,0
3742,09/08/2024,2024-12-10,123,4,3.0,0,superior,desayuno,agencia,otros,flexible,parcial,115.43,1,1,1,1
5520,2025-01-18,2025-04-14,86,6,2.0,1,suite,desayuno,directo,,flexible,sin_deposito,168.53,0,0,0,1
4889,2024-09-03,2025-03-12,190,7,,0,superior,media_pension,web_intermediaria,España,no_reembolsable,parcial,105.43,1,0,0,1
4376,2025-03-02,2025-04-02,31,3,1.0,0,suite,solo_alojamiento,web_intermediaria,UK,no_reembolsable,sin_deposito,151.27,2,0,0,0
3977,2025-04-15,2025-05-03,18,6,2.0,0,familiar,media_pension,directo,ES,flexible,total,109.08,0,1,0,0
189,2024-06-23,2024-10-20,119,7,2.0,0,suite,desayuno,web_intermediaria,UK,flexible,parcial,176.18,0,0,0,1
1866,2024-10-22,2024-12-30,69,3,2.0,0,estandar,media_pension,agencia,,no_reembolsable,sin_deposito,"90,87",0,0,0,1
4746,2024-08-11,2024-12-11,122,5,2.0,0,estandar,desayuno,web_intermediaria,DE,flexible,parcial,80.58,0,0,0,1
378,2025-06-29,2025-09-07,70,4,2.0,0,estandar,desayuno,web_intermediaria,ES,flexible,sin_deposito,"78,26",1,1,0,0
2379,2025-12-22,2026-02-19,59,7,2.0,0,familiar,todo_incluido,directo,NL,no_reembolsable,parcial,138.84,0,0,0,0
5366,2024-04-22,2024-08-22,122,5,2.0,2,suite,todo_incluido,directo,,flexible,parcial,187.91,0,0,0,1
2107,2025-07-13,2025-10-04,83,6,2.0,3,estandar,media_pension,empresa,,flexible,parcial,76.25,0,1,1,0
2962,03/11/2024,2025-05-31,209,5,2.0,0,familiar,desayuno,empresa,otros,no_reembolsable,sin_deposito,112.22,1,0,0,0
4494,2024-07-10,2024-11-06,119,6,2.0,0,estandar,todo_incluido,web_intermediaria,ES,no_reembolsable,parcial,67.58,0,0,0,0
1716,2025-10-03,2025-12-19,77,7,2.0,2,familiar,media_pension,web_intermediaria,Nordicos,flexible,sin_deposito,142.83,1,1,0,1
5091,2025-10-09,2025-11-19,41,4,2.0,0,estandar,todo_incluido,web_intermediaria,DE,no_reembolsable,parcial,77.4,1,0,0,0
2110,2024-07-25,2024-08-17,23,15,1.0,0,estandar,desayuno,directo,DE,no_reembolsable,parcial,92.44,1,0,0,0
4133,2025-06-17,2025-06-24,7,4,4.0,1,estandar,todo_incluido,agencia,ES,no_reembolsable,parcial,61.43,0,1,1,1
3177,2025-03-24,2025-10-31,221,9,2.0,2,estandar,todo_incluido,web_intermediaria,UK,flexible,sin_deposito,71.14,1,0,0,1
342,2024-07-31,2024-09-30,61,4,2.0,0,estandar,solo_alojamiento,web_intermediaria,DE,flexible,sin_deposito,70.41,0,1,0,1
2919,2025-09-12,2026-02-23,164,4,3.0,2,superior,todo_incluido,WEB_INTERMEDIARIA,otros,no_reembolsable,sin_deposito,122.27,0,0,0,1
3275,2024-06-26,2024-10-23,119,9,3.0,0,familiar,solo_alojamiento,agencia,ES,flexible,parcial,114.15,0,0,0,1
2711,2024-02-18,2024-10-26,251,3,2.0,1,estandar,media_pension,web_intermediaria,UK,flexible,parcial,77.47,0,1,1,1
402,2025-07-21,2025-09-10,51,6,2.0,0,estandar,,web_intermediaria,Reino Unido,flexible,sin_deposito,69.7,1,0,0,1
3973,2024-03-31,2024-07-27,118,6,4.0,0,estandar,solo_alojamiento,Web Intermediaria,NL,no_reembolsable,total,95.35,0,0,0,0
5342,2025-03-24,2025-09-27,187,8,4.0,0,estandar,media_pension,web_intermediaria,España,flexible,sin_deposito,76.2,0,0,0,1
669,2025-11-01,2026-02-09,100,5,2.0,2,familiar,,web_intermediaria,UK,flexible,total,134.93,0,0,0,0
1451,2024-08-02,2024-12-26,146,5,2.0,2,superior,desayuno,web_intermediaria,UK,flexible,sin_deposito,103.2,0,0,0,1
114,2024-12-01,2025-03-22,111,7,2.0,2,superior,todo_incluido,Directo,,flexible,sin_deposito,112.75,0,0,0,1
751,2025-12-02,2026-04-14,133,11,2.0,0,estandar,todo_incluido,web_intermediaria,ES,flexible,total,"78,56",0,0,0,0
2740,2024-09-08,2025-01-13,127,9,3.0,0,familiar,desayuno,web_intermediaria,uk,flexible,sin_deposito,"144,68",0,0,0,1
3312,20/10/2024,2024-12-11,52,6,2.0,0,estandar,solo_alojamiento,web_intermediaria,otros,no_reembolsable,sin_deposito,84.13,1,1,1,1
1303,2025-05-25,2025-07-05,41,7,2.0,0,estandar,media_pension,agencia,es,flexible,sin_deposito,72.46,1,0,0,1
5666,2024-12-03,2025-01-13,41,4,2.0,0,familiar,media_pension,agencia,DE,flexible,parcial,128.88,0,0,0,0
511,27/12/2025,2026-04-15,109,5,2.0,0,familiar,desayuno,web_intermediaria,UK,no_reembolsable,parcial,"122,55",1,0,0,0
1429,2024-07-13,2024-08-07,25,5,1.0,0,estandar,media_pension,directo,es,flexible,parcial,75.03,1,0,0,0
1640,2024-07-18,2024-12-17,152,4,2.0,2,estandar,todo_incluido,web_intermediaria,UK,no_reembolsable,sin_deposito,92.16,1,0,0,1
4037,2025-05-15,2026-01-03,233,5,4.0,0,estandar,todo_incluido,directo,UK,flexible,parcial,97.36,1,1,0,0
2653,2025-12-22,2026-03-04,72,5,2.0,0,estandar,media_pension,directo,otros,flexible,sin_deposito,97.05,0,0,0,0
1560,2025-09-16,2025-10-26,40,7,1.0,0,superior,solo_alojamiento,agencia,IT,no_reembolsable,sin_deposito,90.23,0,0,0,1
77,2024-08-29,2024-10-02,34,9,2.0,2,estandar,desayuno,agencia,Nordicos,flexible,parcial,61.45,1,0,0,0
294,2024-08-30,2024-10-27,58,3,2.0,0,estandar,solo_alojamiento,agencia,ES,flexible,parcial,"67,65",1,0,0,1
1609,2024-06-21,2024-08-09,49,8,2.0,0,estandar,desayuno,directo,ES,no_reembolsable,total,84.36,0,0,0,0
672,24/03/2025,2025-09-30,190,5,2.0,0,superior,media_pension,web_intermediaria,UK,no_reembolsable,total,109.21,0,0,0,0
1758,20/03/2025,2025-05-11,52,4,3.0,1,suite,solo_alojamiento,web_intermediaria,ES,no_reembolsable,parcial,161.22,1,0,0,0
5760,2024-01-01,2024-03-21,80,3,3.0,2,estandar,media_pension,empresa,ES,flexible,parcial,89.24,0,0,0,1
488,2025-01-22,2025-03-06,43,8,1.0,0,estandar,desayuno,agencia,ES,flexible,sin_deposito,87.88,2,0,0,1
2341,2024-11-05,2024-11-18,13,5,,0,estandar,media_pension,web_intermediaria,ES,flexible,sin_deposito,75.57,0,0,0,0
3862,2025-04-15,2025-05-15,30,8,3.0,0,estandar,desayuno,directo,DE,flexible,parcial,65.91,0,0,0,0
2587,2024-09-26,2024-10-28,32,5,,0,estandar,media_pension,web intermediaria ,UK,no_reembolsable,parcial,76.06,0,0,0,0
2296,2025-08-08,2025-11-12,96,3,2.0,3,estandar,desayuno,web_intermediaria,ES,flexible,sin_deposito,65.9,0,0,0,1
4012,2025-10-08,2026-02-06,121,3,2.0,0,superior,,agencia,Reino Unido,flexible,parcial,120.52,0,0,0,1
4482,2024-08-04,2025-04-07,246,6,2.0,3,superior,solo_alojamiento,web_intermediaria,DE,flexible,parcial,82.8,0,0,0,0
3571,2025-08-06,2025-11-16,102,10,2.0,1,superior,desayuno,directo,,flexible,sin_deposito,"94,49",1,0,0,1
5391,2024-05-10,2024-08-25,107,6,1.0,0,estandar,media_pension,web_intermediaria,Nordicos,flexible,total,98.73,0,0,0,1
2221,2025-11-21,2026-01-13,53,12,2.0,2,superior,solo_alojamiento,web_intermediaria,UK,no_reembolsable,sin_deposito,,0,1,1,0
4385,2024-10-06,2025-01-07,93,4,2.0,0,estandar,todo_incluido,directo,ES,flexible,sin_deposito,96.5,3,0,0,0
3146,2025-02-07,2025-06-19,132,8,2.0,0,estandar,todo_incluido,directo,UK,no_reembolsable,parcial,58.48,1,1,0,0
4321,2025-04-26,2025-07-16,81,5,2.0,0,superior,todo_incluido,web_intermediaria,DE,no_reembolsable,total,125.12,0,0,0,0
3905,2025-09-29,2025-12-18,80,3,1.0,0,estandar,desayuno,web_intermediaria,UK,flexible,sin_deposito,97.76,1,0,0,0
1055,2024-02-25,2024-03-23,27,5,2.0,0,estandar,desayuno,web_intermediaria,ES,no_reembolsable,sin_deposito,91.5,0,0,0,0
1288,2024-06-20,2024-08-09,50,5,2.0,0,estandar,todo_incluido,agencia,FR,no_reembolsable,parcial,91.13,0,0,0,1
178,27/04/2024,2024-09-30,156,7,4.0,3,estandar,todo_incluido,agencia,es,flexible,sin_deposito,80.51,0,0,0,0
4589,2025-03-18,2025-04-27,40,6,1.0,0,superior,todo_incluido,agencia,UK,flexible,sin_deposito,85.21,1,0,0,0
1191,2024-10-30,2025-05-02,184,8,2.0,0,estandar,media_pension,web_intermediaria,uk,flexible,parcial,"62,26",0,0,0,1
4330,2025-10-03,2025-11-28,56,7,2.0,0,familiar,desayuno,web_intermediaria,ES,flexible,sin_deposito,109.56,1,1,1,1
2690,2025-12-17,2026-02-25,70,2,1.0,0,superior,todo_incluido,web_intermediaria,UK,flexible,sin_deposito,128.83,0,0,0,0
1441,2025-07-23,2025-08-24,32,6,2.0,0,suite,media_pension,agencia,ES,no_reembolsable,sin_deposito,193.26,0,0,0,0
3641,2025-06-10,2025-07-19,39,5,2.0,0,superior,,web_intermediaria,ES,flexible,parcial,105.9,0,0,0,0
5135,2025-06-14,2025-11-02,141,2,2.0,0,superior,desayuno,web_intermediaria,ES,flexible,total,85.97,1,0,0,0
4703,2025-02-01,2025-05-28,116,10,4.0,0,suite,solo_alojamiento,agencia,IT,no_reembolsable,parcial,152.72,0,0,0,1
3993,12/04/2024,2024-08-26,136,4,2.0,0,estandar,desayuno,Web Intermediaria,IT,flexible,total,83.25,1,0,0,1
3754,2024-07-15,2024-08-10,26,7,2.0,1,estandar,desayuno,web_intermediaria,DE,flexible,sin_deposito,92.06,1,0,0,1
2424,2025-08-26,2025-09-30,35,3,2.0,0,estandar,solo_alojamiento,web_intermediaria,uk,no_reembolsable,sin_deposito,"77,3",0,0,0,1
3126,2025-10-11,2026-07-12,274,6,1.0,0,superior,todo_incluido,directo,ES,no_reembolsable,sin_deposito,112.41,0,0,0,1
2382,2024-11-23,2024-12-27,34,7,2.0,0,estandar,desayuno,web_intermediaria,DE,flexible,parcial,79.7,0,0,0,0
4764,2024-06-22,2024-09-02,72,5,2.0,3,superior,todo_incluido,directo,FR,flexible,parcial,103.92,0,0,0,0
816,2025-09-02,2025-12-19,108,5,3.0,3,superior,desayuno,WEB_INTERMEDIARIA,ES,flexible,sin_deposito,137.61,1,0,0,0
972,2024-11-01,2024-11-26,25,4,2.0,0,estandar,desayuno,agencia,ES,flexible,sin_deposito,72.66,0,0,0,1
1108,2025-10-24,2025-11-07,14,5,1.0,0,estandar,desayuno,web_intermediaria,UK,flexible,sin_deposito,68.08,2,0,0,0
3241,2024-06-01,2024-07-31,60,7,2.0,0,superior,media_pension,agencia,DE,no_reembolsable,sin_deposito,108.94,0,0,0,0
2880,2025-12-14,2026-06-22,190,7,2.0,0,estandar,todo_incluido,web_intermediaria,ES,flexible,sin_deposito,73.52,0,0,0,1
1730,2024-03-17,2024-04-06,20,3,2.0,2,suite,desayuno,directo,UK,no_reembolsable,total,162.98,1,0,0,0
946,2024-03-28,2024-07-20,114,4,2.0,0,estandar,todo_incluido,web_intermediaria,,no_reembolsable,parcial,78.59,0,0,0,0
4160,2024-01-23,2024-03-01,38,1,2.0,0,suite,desayuno,web_intermediaria,Reino Unido,no_reembolsable,sin_deposito,186.18,1,0,0,0
4567,29/05/2025,2025-07-18,50,6,1.0,1,familiar,desayuno,agencia,,no_reembolsable,sin_deposito,"144,61",1,0,0,0
1720,2025-01-12,2025-10-17,278,9,2.0,0,superior,desayuno,web_intermediaria,Reino Unido,no_reembolsable,parcial,114.12,0,0,0,1
4618,2025-03-12,2025-05-01,50,3,2.0,0,superior,desayuno,directo,otros,no_reembolsable,total,103.64,0,0,0,0
481,2024-07-29,2024-09-29,62,8,4.0,2,suite,media_pension,agencia,ES,no_reembolsable,sin_deposito,164.95,2,1,0,0
5670,2025-05-14,2025-10-21,160,7,2.0,0,estandar,media_pension,web_intermediaria,ES,no_reembolsable,total,"74,37",1,1,1,1
1435,2024-08-21,2024-09-21,31,4,2.0,1,estandar,solo_alojamiento,directo,Nordicos,flexible,parcial,74.82,0,0,0,0
5921,2024-04-16,2024-05-20,34,8,2.0,0,familiar,desayuno,agencia,ES,flexible,parcial,108.33,0,0,0,1
4882,2025-12-29,2026-07-06,189,2,2.0,1,estandar,,agencia,ES,no_reembolsable,sin_deposito,76.24,0,1,0,0
184,2025-05-23,2025-08-15,84,6,4.0,0,familiar,solo_alojamiento,empresa,otros,flexible,parcial,124.38,1,0,0,0
4732,2025-05-15,2025-08-30,107,5,2.0,0,estandar,media_pension,directo,UK,flexible,sin_deposito,93.71,1,1,1,0
2219,2024-07-28,2024-09-27,61,6,1.0,2,familiar,desayuno,agencia,UK,flexible,parcial,104.56,0,0,0,1
3169,2025-08-23,2025-10-28,66,3,2.0,0,superior,,web_intermediaria,DE,flexible,parcial,101.82,1,0,0,0
4677,2025-02-09,2025-06-01,112,5,3.0,0,superior,media_pension,directo,uk,flexible,sin_deposito,94.4,0,1,1,0
4988,2025-11-05,2026-04-16,162,4,2.0,0,estandar,desayuno,agencia,ES,flexible,parcial,"66,11",0,0,0,1
2077,2024-12-04,2025-01-21,48,7,2.0,0,superior,todo_incluido,empresa,uk,flexible,parcial,114.02,0,0,0,1
1376,01/12/2025,2025-12-15,14,4,1.0,1,superior,solo_alojamiento,web_intermediaria,Nordicos,flexible,parcial,121.86,0,1,1,0
5536,2025-05-08,2025-07-25,78,8,3.0,0,superior,desayuno,web_intermediaria,ES,flexible,parcial,114.2,1,0,0,0
1908,2024-04-27,2024-06-04,38,5,2.0,0,estandar,media_pension,agencia,otros,no_reembolsable,total,57.26,1,0,0,0
1146,2024-12-18,2025-04-13,116,5,2.0,2,estandar,solo_alojamiento,web_intermediaria,ES,flexible,sin_deposito,"76,96",0,1,0,1
4217,2024-12-22,2025-01-05,14,8,3.0,0,estandar,desayuno,web_intermediaria,DE,no_reembolsable,sin_deposito,88.36,0,0,0,1
3525,2024-07-31,2024-09-28,59,3,2.0,3,estandar,todo_incluido,web_intermediaria,UK,no_reembolsable,parcial,,1,0,0,0
715,2025-11-02,2026-02-14,104,7,4.0,0,estandar,solo_alojamiento,web_intermediaria,UK,no_reembolsable,sin_deposito,83.99,0,0,0,1
5916,2024-01-09,2024-02-01,23,3,4.0,0,estandar,desayuno,web intermediaria ,Nordicos,no_reembolsable,total,79.59,0,0,0,0
3362,2025-06-27,2026-02-08,226,9,2.0,0,suite,todo_incluido,web_intermediaria,FR,no_reembolsable,parcial,187.75,0,1,1,1
5363,01/03/2025,2025-06-03,94,6,1.0,1,estandar,,agencia,IT,flexible,sin_deposito,84.23,0,0,0,1
2908,2025-11-23,2025-12-10,17,9,1.0,0,suite,todo_incluido,agencia,,flexible,parcial,170.91,1,0,0,0
4826,2024-10-31,2025-07-02,244,5,1.0,0,estandar,todo_incluido,web_intermediaria,ES,no_reembolsable,parcial,"91,91",0,0,0,1
1506,2024-06-26,2024-07-23,27,7,2.0,0,estandar,desayuno,directo,ES,no_reembolsable,sin_deposito,80.64,1,1,1,0
5368,2025-03-01,2025-08-23,175,6,3.0,0,estandar,desayuno,web_intermediaria,IT,no_reembolsable,parcial,,0,1,0,1
906,2025-06-01,2025-10-12,133,2,3.0,3,superior,media_pension,web_intermediaria,IT,no_reembolsable,parcial,96.83,0,0,0,0
433,2025-08-25,2025-11-27,94,6,1.0,1,estandar,desayuno,web_intermediaria,ES,flexible,sin_deposito,"69,4",0,0,0,0
5324,2024-10-16,2024-12-31,76,3,2.0,1,superior,todo_incluido,directo,ES,no_reembolsable,parcial,118.41,0,0,0,0
2978,2025-10-16,2026-02-04,111,6,1.0,1,estandar,desayuno,Web Intermediaria,otros,flexible,total,88.91,2,1,0,1
4678,2025-02-18,2025-03-11,21,3,,0,familiar,media_pension,web_intermediaria,,flexible,sin_deposito,140.6,0,0,0,1
1028,23/07/2024,2024-08-11,19,4,2.0,0,superior,media_pension,agencia,DE,flexible,sin_deposito,125.64,1,0,0,1
5737,2024-08-06,2024-10-03,58,6,2.0,0,suite,desayuno,directo,DE,no_reembolsable,sin_deposito,170.59,0,0,0,0
2997,2024-08-08,2024-08-22,14,5,2.0,0,estandar,media_pension,web intermediaria ,ES,no_reembolsable,sin_deposito,87.07,2,0,0,1
5766,2025-02-05,2025-03-19,42,6,2.0,1,estandar,media_pension,web_intermediaria,DE,flexible,parcial,69.33,0,1,1,1
3315,2024-10-21,2025-01-10,81,5,,0,suite,media_pension,directo,IT,flexible,parcial,202.2,0,0,0,1
5022,2024-12-03,2025-09-14,285,5,3.0,0,superior,desayuno,directo,ES,no_reembolsable,sin_deposito,95.04,3,0,0,1
4822,2025-05-12,2025-05-25,13,7,1.0,0,superior,media_pension,empresa,UK,flexible,parcial,109.66,0,0,0,1
5689,2025-07-07,2025-08-03,27,5,2.0,0,superior,desayuno,web_intermediaria,España,flexible,sin_deposito,,0,0,0,0
2399,2024-07-02,2024-10-27,117,4,2.0,2,estandar,todo_incluido,agencia,ES,no_reembolsable,parcial,70.5,3,0,0,0
5132,2024-10-16,2024-12-03,48,4,2.0,0,superior,todo_incluido,directo ,FR,no_reembolsable,sin_deposito,124.69,1,0,0,1
4408,2024-05-15,2024-05-28,13,12,1.0,3,estandar,media_pension,empresa,otros,flexible,sin_deposito,70.6,1,0,0,0
5358,28/06/2025,2025-12-27,182,7,4.0,3,estandar,media_pension,Directo,es,flexible,sin_deposito,90.36,0,0,0,0
4610,2024-11-14,2024-12-01,17,9,2.0,1,estandar,desayuno,web_intermediaria,,no_reembolsable,sin_deposito,,0,0,0,1
5150,2025-02-01,2025-07-07,156,4,2.0,0,familiar,media_pension,agencia,DE,flexible,total,130.89,0,0,0,1
5321,2024-08-17,2024-08-30,13,5,1.0,2,familiar,media_pension,Web Intermediaria,otros,flexible,sin_deposito,131.83,0,0,0,0
1437,2024-11-07,2024-12-15,38,4,1.0,0,familiar,media_pension,directo,ES,flexible,parcial,130.0,0,0,0,0
5901,2025-11-09,2025-12-07,28,5,3.0,0,suite,,agencia,ES,no_reembolsable,parcial,201.12,0,1,1,0
1420,2024-12-13,2025-02-08,57,2,1.0,0,familiar,desayuno,web_intermediaria,otros,flexible,total,148.59,0,0,0,1
1035,2024-02-18,2024-05-06,78,6,2.0,0,suite,desayuno,web_intermediaria,,flexible,sin_deposito,162.64,1,0,0,1
1153,2024-11-10,2025-08-05,268,10,2.0,0,estandar,desayuno,web_intermediaria,UK,no_reembolsable,sin_deposito,81.94,1,0,0,1
2290,2024-10-31,2025-05-18,199,4,1.0,2,suite,media_pension,empresa,ES,no_reembolsable,parcial,153.59,0,0,0,0
5649,2025-12-12,2026-01-19,38,8,3.0,2,estandar,todo_incluido,web_intermediaria,,flexible,sin_deposito,"92,94",1,0,0,1
2257,2025-08-04,2025-09-19,46,6,2.0,0,superior,todo_incluido,web_intermediaria,otros,flexible,sin_deposito,"88,32",0,0,0,0
1972,2025-11-03,2026-01-24,82,5,2.0,0,superior,solo_alojamiento,web_intermediaria,IT,flexible,parcial,116.76,2,0,0,1
5147,2024-12-13,2025-02-12,61,5,3.0,0,superior,media_pension,empresa,Nordicos,no_reembolsable,parcial,,1,1,0,0
1417,2025-04-08,2025-07-12,95,5,3.0,0,estandar,media_pension,agencia,UK,flexible,sin_deposito,75.83,0,0,0,1
5320,2024-06-13,2024-10-27,136,5,2.0,0,estandar,todo_incluido,directo,Nordicos,flexible,sin_deposito,,0,0,0,0
1678,2024-11-02,2025-02-03,93,4,,0,suite,desayuno,agencia,UK,flexible,sin_deposito,182.0,0,0,0,1
4551,2024-02-02,2024-03-16,43,5,4.0,0,familiar,desayuno,directo,ES,no_reembolsable,parcial,138.16,2,0,0,0
1605,2024-03-31,2024-06-06,67,7,4.0,0,familiar,solo_alojamiento,web_intermediaria,UK,flexible,sin_deposito,102.88,0,0,0,1
4011,2024-09-14,2024-10-28,44,5,2.0,0,superior,desayuno,agencia,UK,flexible,total,99.77,1,0,0,0
3375,05/05/2025,2025-05-17,12,4,2.0,0,estandar,solo_alojamiento,web_intermediaria,es,flexible,sin_deposito,61.22,1,0,0,1
4749,2025-09-23,2025-11-27,65,5,2.0,0,estandar,desayuno,agencia,DE,no_reembolsable,parcial,63.05,0,0,0,1
3358,2025-10-01,2026-03-17,167,6,4.0,0,superior,,agencia,DE,flexible,total,"120,07",0,0,0,1
1377,2025-12-03,2026-03-02,89,5,2.0,0,estandar,todo_incluido,Web Intermediaria,DE,no_reembolsable,total,93.22,1,0,0,0
1935,2024-04-17,2024-09-22,158,3,2.0,0,superior,todo_incluido,web_intermediaria,Nordicos,flexible,total,97.5,0,0,0,1
2535,2025-08-07,2025-12-02,117,5,2.0,2,estandar,todo_incluido,agencia,UK,flexible,total,93.35,0,0,0,0
2127,2024-08-12,2024-09-13,32,6,1.0,0,familiar,solo_alojamiento,agencia,uk,flexible,parcial,103.19,1,1,0,0
4792,2025-12-24,2026-03-13,79,4,2.0,0,estandar,desayuno,web_intermediaria,otros,flexible,sin_deposito,93.25,2,1,0,1
900,2025-03-25,2025-05-22,58,5,2.0,2,estandar,solo_alojamiento,directo,otros,no_reembolsable,sin_deposito,69.78,1,0,0,0
4196,2024-12-27,2025-01-21,25,7,1.0,1,suite,solo_alojamiento,agencia,,flexible,sin_deposito,,2,1,0,0
1683,2024-01-26,2024-02-21,26,3,2.0,0,superior,media_pension,agencia,IT,flexible,sin_deposito,125.99,1,0,0,1
5474,2024-05-12,2024-11-23,195,5,3.0,0,estandar,desayuno,agencia,DE,flexible,sin_deposito,67.09,0,1,0,0
5371,2025-07-26,2025-12-30,157,8,2.0,0,estandar,desayuno,empresa,DE,flexible,parcial,,1,0,0,1
2036,2025-09-09,2025-09-27,18,7,2.0,0,estandar,media_pension,agencia,otros,flexible,sin_deposito,71.86,1,0,0,1
6,2025-09-18,2025-12-16,89,6,2.0,0,superior,todo_incluido,web_intermediaria,UK,flexible,sin_deposito,112.34,0,0,0,1
5431,2025-12-02,2026-03-11,99,6,2.0,0,superior,desayuno,web_intermediaria,DE,no_reembolsable,total,123.63,0,0,0,0
2227,2025-10-02,2025-12-17,76,5,3.0,0,estandar,todo_incluido,agencia,ES,flexible,sin_deposito,,0,1,0,0
5896,2025-08-05,2026-03-04,211,6,1.0,1,superior,desayuno,agencia,DE,no_reembolsable,parcial,110.11,0,0,0,1
1762,2024-10-25,2025-01-16,83,4,2.0,0,estandar,desayuno,agencia,NL,flexible,sin_deposito,84.09,0,1,0,1
1467,2025-04-08,2025-09-17,162,2,4.0,0,estandar,desayuno,directo,ES,flexible,parcial,66.24,1,0,0,0
1217,2025-01-05,2025-03-29,83,2,3.0,0,estandar,desayuno,directo,UK,flexible,parcial,82.96,2,0,0,1
2216,2024-10-11,2024-11-15,35,4,2.0,0,superior,,web_intermediaria,UK,flexible,sin_deposito,104.83,0,0,0,1
3754,2024-07-15,2024-08-10,26,7,2.0,1,estandar,desayuno,web_intermediaria,DE,flexible,sin_deposito,92.06,1,0,0,1
1191,2024-10-30,2025-05-02,184,8,2.0,0,estandar,media_pension,web_intermediaria,uk,flexible,parcial,"62,26",0,0,0,1
3276,2025-11-05,2026-03-30,145,4,2.0,0,familiar,desayuno,web_intermediaria,Nordicos,no_reembolsable,sin_deposito,140.42,0,1,0,1
3878,2024-06-28,2024-07-29,31,8,2.0,1,estandar,solo_alojamiento,directo,ES,no_reembolsable,sin_deposito,81.18,0,0,0,0
3662,2024-12-07,2025-04-06,120,10,2.0,0,estandar,,agencia,,no_reembolsable,parcial,67.14,1,0,0,1
512,2025-06-28,2025-08-29,62,3,2.0,0,familiar,todo_incluido,web_intermediaria,ES,flexible,sin_deposito,137.67,0,0,0,0
5048,2025-04-02,2025-05-01,29,3,1.0,0,familiar,,web_intermediaria,UK,flexible,total,105.19,1,0,0,0
187,2024-05-01,2024-09-02,124,3,4.0,2,estandar,media_pension,directo,otros,no_reembolsable,parcial,69.41,1,0,0,0
4247,2024-07-18,2024-08-15,28,9,4.0,1,estandar,solo_alojamiento,agencia,ES,flexible,sin_deposito,82.86,2,0,0,0
3028,2025-06-29,2025-08-12,44,7,2.0,2,familiar,solo_alojamiento,directo,ES,flexible,total,135.95,0,0,0,0
4966,2024-03-18,2024-07-19,123,3,2.0,0,estandar,desayuno,web_intermediaria,DE,flexible,sin_deposito,76.99,0,0,0,1
2898,2025-04-01,2025-05-12,41,8,2.0,1,superior,desayuno,web_intermediaria,ES,flexible,sin_deposito,"93,33",1,0,0,1
675,2025-03-29,2025-05-09,41,8,3.0,2,suite,desayuno,directo,UK,flexible,total,151.43,0,0,0,0
2046,2025-12-25,2026-04-12,108,9,2.0,0,superior,desayuno,web_intermediaria,ES,flexible,sin_deposito,98.03,1,0,0,0
459,2025-09-05,2025-11-24,80,6,2.0,0,estandar,todo_incluido,directo,otros,flexible,total,82.8,0,0,0,0
865,2025-09-09,2025-11-27,79,10,4.0,0,superior,todo_incluido,web_intermediaria,UK,no_reembolsable,total,88.75,0,0,0,0
3716,2024-07-28,2024-12-01,126,4,1.0,2,estandar,media_pension,web_intermediaria,UK,flexible,total,92.02,2,0,0,0
2655,2025-09-13,2026-03-15,183,4,3.0,0,superior,media_pension,web_intermediaria,otros,flexible,sin_deposito,111.09,0,0,0,1
919,04/07/2024,2024-12-20,169,6,4.0,0,superior,todo_incluido,web_intermediaria,otros,no_reembolsable,total,123.82,0,0,0,0
1256,2024-03-02,2024-04-17,46,5,2.0,0,suite,solo_alojamiento,web_intermediaria,España,flexible,parcial,181.68,2,1,0,0
917,2025-01-31,2025-04-27,86,4,1.0,0,estandar,desayuno,web_intermediaria,,flexible,sin_deposito,61.5,1,0,0,0
5227,2024-08-15,2024-11-15,92,3,2.0,0,superior,desayuno,web_intermediaria,ES,no_reembolsable,total,,0,0,0,0
815,2025-07-21,2025-10-24,95,4,4.0,0,superior,solo_alojamiento,agencia,ES,flexible,sin_deposito,91.08,0,0,0,1
3766,25/10/2024,2025-01-12,79,9,3.0,2,superior,todo_incluido,empresa,ES,flexible,sin_deposito,107.52,0,0,0,1
2598,11/06/2025,2025-07-11,30,5,2.0,0,suite,todo_incluido,directo,Nordicos,no_reembolsable,sin_deposito,186.4,1,0,0,0
1218,2025-06-18,2025-08-15,58,5,2.0,0,suite,desayuno,web_intermediaria,UK,no_reembolsable,sin_deposito,213.98,0,0,0,0
1619,2024-03-29,2024-07-28,121,5,3.0,0,superior,media_pension,empresa,,flexible,sin_deposito,116.44,1,0,0,1
4458,2024-01-29,2024-03-05,36,6,2.0,0,familiar,media_pension,web_intermediaria,DE,flexible,sin_deposito,121.04,1,0,0,1
5940,2024-05-13,2024-06-21,39,3,1.0,2,superior,solo_alojamiento,web_intermediaria,NL,flexible,parcial,110.18,0,0,0,0
3697,2024-08-12,2025-05-26,287,8,4.0,0,estandar,solo_alojamiento,web_intermediaria,otros,no_reembolsable,sin_deposito,,2,0,0,0
4965,2025-11-20,2025-12-20,30,5,4.0,0,suite,solo_alojamiento,web_intermediaria,ES,flexible,parcial,202.8,0,0,0,0
3794,23/04/2025,2025-09-25,155,2,1.0,0,estandar,media_pension,directo,es,no_reembolsable,parcial,70.45,0,0,0,1
2385,2024-05-14,2024-06-09,26,6,2.0,3,superior,desayuno,web_intermediaria,ES,no_reembolsable,sin_deposito,94.81,0,0,0,0
5442,2025-01-08,2025-03-27,78,5,2.0,0,superior,desayuno,web_intermediaria,UK,flexible,sin_deposito,122.29,0,0,0,0
2365,2025-07-08,2025-07-30,22,5,3.0,0,superior,media_pension,agencia,ES,flexible,sin_deposito,128.77,2,0,0,0
4591,2025-05-21,2025-08-12,83,7,4.0,0,estandar,media_pension,directo,DE,flexible,sin_deposito,86.25,1,0,0,1
2699,2024-04-03,2024-04-07,4,4,1.0,0,suite,todo_incluido,web_intermediaria,ES,flexible,total,166.0,1,1,0,0
4897,2025-09-12,2025-10-31,49,7,2.0,0,estandar,desayuno,agencia,ES,no_reembolsable,parcial,69.65,1,0,0,0
925,2024-06-30,2024-11-02,125,7,1.0,2,superior,todo_incluido,web_intermediaria,,flexible,parcial,75.89,0,1,0,0
5024,2024-11-02,2024-12-26,54,4,2.0,2,familiar,desayuno,web_intermediaria,otros,no_reembolsable,total,133.3,0,0,0,0
4700,2024-01-18,2024-03-20,62,3,3.0,0,estandar,,WEB_INTERMEDIARIA,UK,no_reembolsable,total,93.61,3,1,2,0
1928,2024-04-01,2024-07-08,98,7,3.0,0,estandar,desayuno,directo,UK,flexible,sin_deposito,87.76,1,0,0,1
5478,30/05/2025,2025-08-07,69,7,4.0,0,estandar,solo_alojamiento,web_intermediaria,UK,flexible,parcial,97.61,1,0,0,0
2142,2025-09-30,2025-12-04,65,9,4.0,0,estandar,todo_incluido,web_intermediaria,UK,no_reembolsable,sin_deposito,93.11,1,0,0,1
5108,2025-11-24,2026-01-05,42,9,2.0,1,superior,,web_intermediaria,otros,no_reembolsable,parcial,109.85,0,0,0,1
1009,2025-06-19,2025-12-24,188,7,2.0,0,familiar,todo_incluido,WEB_INTERMEDIARIA,NL,no_reembolsable,total,"132,3",0,0,0,1
5270,2025-01-15,2025-03-07,51,4,3.0,0,estandar,media_pension,web_intermediaria,FR,no_reembolsable,parcial,"75,55",1,0,0,0
4609,28/09/2025,2025-11-20,53,8,2.0,0,superior,todo_incluido,web_intermediaria,ES,no_reembolsable,parcial,89.89,1,1,0,1
2822,28/08/2025,2025-12-07,101,5,2.0,0,estandar,desayuno,web_intermediaria,ES,flexible,parcial,"82,69",1,0,0,0
2593,2025-01-23,2025-04-01,68,7,2.0,0,estandar,media_pension,agencia,,no_reembolsable,parcial,75.84,0,0,0,0
5903,2024-03-09,2024-06-24,107,5,1.0,0,estandar,media_pension,web_intermediaria,es,flexible,sin_deposito,75.13,0,0,0,1
2871,2024-07-25,2024-08-14,20,7,2.0,1,estandar,solo_alojamiento,web_intermediaria,ES,no_reembolsable,total,85.8,0,0,0,0
3917,2024-02-18,2024-11-27,283,5,2.0,3,suite,desayuno,directo,ES,no_reembolsable,total,"161,41",2,1,0,0
1507,2025-10-29,2026-01-27,90,2,4.0,0,estandar,todo_incluido,directo,DE,no_reembolsable,parcial,103.88,1,0,0,0
2718,2025-05-18,2025-06-13,26,5,2.0,0,estandar,desayuno,Web Intermediaria,DE,flexible,parcial,76.99,0,0,0,0
436,2024-03-31,2024-07-10,101,5,,0,estandar,desayuno,empresa,,flexible,sin_deposito,73.55,0,1,0,1
3103,2024-01-11,2024-06-01,142,8,1.0,1,familiar,solo_alojamiento,web_intermediaria,IT,no_reembolsable,sin_deposito,103.24,1,1,2,1
3726,2025-12-23,2026-05-23,151,4,1.0,0,estandar,,web_intermediaria,otros,flexible,sin_deposito,67.33,2,0,0,1
5092,2024-09-30,2024-12-02,63,3,2.0,0,suite,media_pension,directo,ES,flexible,total,209.54,0,0,0,0
3265,2025-01-19,2025-02-27,39,8,3.0,1,estandar,,web_intermediaria,,flexible,sin_deposito,81.74,0,0,0,1
2184,2025-04-15,2025-06-14,60,5,3.0,0,suite,desayuno,directo,DE,no_reembolsable,parcial,149.31,1,0,0,0
2891,2024-04-18,2024-08-08,112,5,2.0,0,suite,desayuno,agencia,ES,flexible,parcial,"193,94",0,0,0,0
5998,2025-12-15,2026-03-27,102,5,3.0,0,suite,desayuno,web_intermediaria,otros,flexible,sin_deposito,"185,88",0,0,0,1
284,2024-12-24,2025-04-21,118,7,2.0,0,superior,todo_incluido,web_intermediaria,IT,no_reembolsable,sin_deposito,95.11,0,0,0,1
1795,2024-12-14,2025-05-19,156,2,2.0,0,superior,desayuno,directo,Nordicos,flexible,total,95.57,0,0,0,1
5166,2024-02-26,2024-06-20,115,3,2.0,0,estandar,desayuno,web_intermediaria,ES,flexible,sin_deposito,69.73,1,0,0,1
1957,2025-01-20,2025-03-20,59,1,2.0,0,superior,desayuno,web_intermediaria,UK,no_reembolsable,sin_deposito,130.1,0,0,0,1
2540,26/12/2024,2025-01-10,15,8,2.0,1,estandar,todo_incluido,web_intermediaria,ES,flexible,sin_deposito,"85,36",1,0,0,1
1940,2024-05-31,2024-07-18,48,4,1.0,0,superior,media_pension,web_intermediaria,UK,no_reembolsable,sin_deposito,,0,0,0,1
593,2024-06-24,2024-11-21,150,4,1.0,0,estandar,desayuno,directo,ES,flexible,sin_deposito,"58,96",1,0,0,0
3132,2024-12-02,2025-01-08,37,4,2.0,0,familiar,desayuno,web_intermediaria,España,flexible,sin_deposito,125.58,0,0,0,1
5609,2025-03-19,2025-05-23,65,4,1.0,2,estandar,desayuno,agencia,ES,no_reembolsable,parcial,85.49,2,0,0,0
4597,2025-10-18,2025-11-19,32,8,2.0,1,estandar,solo_alojamiento,web_intermediaria,DE,flexible,sin_deposito,65.96,0,0,0,1
978,2025-02-21,2025-04-06,44,3,2.0,1,estandar,media_pension,web_intermediaria,otros,flexible,sin_deposito,69.85,1,0,0,1
2426,2025-02-13,2025-03-05,20,3,,0,superior,desayuno,directo,ES,flexible,total,123.03,0,0,0,0
3502,2025-04-12,2025-05-14,32,5,4.0,2,suite,desayuno,web_intermediaria,ES,no_reembolsable,sin_deposito,158.7,0,0,0,0
558,2025-09-30,2026-02-14,137,4,2.0,0,suite,todo_incluido,directo,NL,no_reembolsable,sin_deposito,220.71,1,1,0,0
5465,2024-05-24,2024-06-28,35,5,3.0,1,superior,todo_incluido,empresa,Nordicos,flexible,sin_deposito,"98,7",2,0,0,0
4580,2024-08-01,2024-08-09,8,7,2.0,0,superior,desayuno,web_intermediaria,ES,no_reembolsable,parcial,"103,42",1,0,0,1
1197,2025-06-04,2025-10-05,123,6,4.0,0,superior,media_pension,empresa,UK,flexible,sin_deposito,96.28,1,1,1,1
3181,12/06/2024,2024-08-02,51,7,3.0,0,estandar,todo_incluido,agencia,DE,flexible,parcial,"94,79",1,0,0,1
3752,2025-08-05,2026-02-09,188,6,1.0,0,estandar,todo_incluido,web_intermediaria,UK,flexible,total,90.06,0,1,0,1
3417,2025-03-25,2025-04-11,17,3,2.0,0,estandar,media_pension,directo,UK,no_reembolsable,sin_deposito,"67,85",1,0,0,0
3300,2025-08-08,2025-09-28,51,6,3.0,0,superior,,agencia,DE,no_reembolsable,sin_deposito,85.1,0,0,0,1
4244,2024-01-24,2024-02-05,12,6,2.0,0,superior,todo_incluido,agencia,ES,flexible,parcial,123.17,0,0,0,0
1646,2024-08-03,2025-02-18,199,7,2.0,0,estandar,solo_alojamiento,web_intermediaria,Nordicos,flexible,parcial,78.97,0,0,0,1
1593,2024-10-06,2025-01-17,103,5,2.0,0,superior,desayuno,web_intermediaria,ES,flexible,parcial,127.35,0,1,0,0
2299,2024-06-11,2024-07-27,46,8,4.0,0,familiar,desayuno,web_intermediaria,,flexible,parcial,139.8,0,0,0,0
4953,2025-07-25,2025-09-07,44,4,2.0,1,estandar,todo_incluido,web_intermediaria,ES,no_reembolsable,parcial,,0,0,0,1
2135,17/11/2024,2025-02-02,77,2,4.0,2,estandar,solo_alojamiento,directo,España,flexible,total,90.2,0,1,1,1
162,2025-04-29,2025-08-04,97,6,4.0,0,superior,desayuno,web_intermediaria,DE,flexible,sin_deposito,108.6,3,0,0,1
3151,2025-06-04,2025-08-16,73,9,4.0,1,familiar,desayuno,web_intermediaria,UK,no_reembolsable,parcial,157.34,0,0,0,1
2909,2024-04-03,2024-04-16,13,10,1.0,0,superior,desayuno,web intermediaria ,NL,no_reembolsable,parcial,103.39,0,0,0,0
2564,2024-10-25,2025-01-04,71,5,,0,estandar,todo_incluido,web_intermediaria,ES,no_reembolsable,sin_deposito,97.25,4,0,0,0
2974,2025-12-17,2025-12-26,9,4,2.0,0,suite,todo_incluido,web_intermediaria,Nordicos,no_reembolsable,sin_deposito,191.03,1,0,0,0
216,2024-07-17,2024-11-01,107,3,2.0,2,estandar,todo_incluido,agencia,UK,flexible,sin_deposito,"65,23",0,0,0,1
248,2024-10-30,2025-07-02,245,6,4.0,1,superior,todo_incluido,directo,NL,no_reembolsable,parcial,124.45,0,0,0,0
5883,2025-08-31,2025-10-05,35,4,2.0,1,suite,todo_incluido,agencia,Reino Unido,flexible,sin_deposito,167.55,1,0,0,1
549,2025-01-11,2025-02-22,42,5,2.0,0,estandar,todo_incluido,WEB_INTERMEDIARIA,IT,flexible,sin_deposito,87.98,2,0,0,1
3466,2025-07-01,2025-08-25,55,2,3.0,0,familiar,solo_alojamiento,web_intermediaria,DE,no_reembolsable,parcial,145.66,1,1,0,0
2139,2025-01-28,2025-03-24,55,7,2.0,0,estandar,desayuno,web_intermediaria,DE,no_reembolsable,sin_deposito,92.04,0,0,0,0
5319,2025-07-10,2025-10-05,87,7,2.0,0,estandar,solo_alojamiento,agencia,UK,flexible,sin_deposito,,1,0,0,0
4815,28/06/2025,2025-09-21,85,5,2.0,0,familiar,todo_incluido,web_intermediaria,ES,flexible,sin_deposito,118.24,0,0,0,1
2864,2025-03-22,2025-04-13,22,8,2.0,0,estandar,,web_intermediaria,ES,flexible,sin_deposito,62.86,2,0,0,0
3665,2025-01-09,2025-02-26,48,8,1.0,0,superior,todo_incluido,agencia,otros,flexible,parcial,"120,27",0,0,0,0
2212,2025-07-19,2025-10-07,80,8,3.0,0,suite,solo_alojamiento,directo ,,flexible,total,155.38,0,0,0,0
5433,2024-08-30,2024-12-16,108,7,4.0,1,estandar,desayuno,WEB_INTERMEDIARIA,otros,flexible,sin_deposito,81.78,0,0,0,1
3117,2025-04-03,2025-11-05,216,4,1.0,0,superior,todo_incluido,directo,ES,flexible,parcial,93.45,0,1,0,1
3915,2025-07-30,2025-10-22,84,11,,1,superior,,agencia,DE,no_reembolsable,parcial,99.02,2,0,0,0
945,04/04/2024,2024-12-06,246,8,2.0,1,estandar,media_pension,agencia,otros,no_reembolsable,parcial,,0,0,0,1
825,2025-03-31,2025-05-26,56,8,1.0,0,suite,desayuno,web_intermediaria,FR,no_reembolsable,total,169.79,1,0,0,0
1402,2024-06-25,2024-12-05,163,8,3.0,0,estandar,solo_alojamiento,web_intermediaria,ES,flexible,parcial,82.24,1,0,0,1
4171,2024-09-29,2025-08-10,315,4,2.0,0,estandar,desayuno,Directo,ES,no_reembolsable,parcial,79.46,0,0,0,1
2411,22/01/2025,2025-06-26,155,4,2.0,0,estandar,desayuno,web_intermediaria,NL,no_reembolsable,sin_deposito,72.87,0,0,0,1
4447,2024-08-12,2024-11-10,90,3,2.0,0,familiar,media_pension,directo,otros,no_reembolsable,parcial,111.49,1,0,0,0
5139,2024-02-28,2024-08-25,179,8,4.0,0,estandar,todo_incluido,Web Intermediaria,otros,flexible,sin_deposito,,0,1,0,1
282,2024-12-21,2025-02-21,62,7,1.0,0,suite,todo_incluido,agencia,Nordicos,flexible,sin_deposito,181.68,0,1,2,1
2386,2025-09-30,2026-03-10,161,7,4.0,0,estandar,desayuno,web_intermediaria,NL,flexible,parcial,90.06,0,0,0,0
5889,2025-04-29,2025-10-05,159,6,4.0,0,superior,desayuno,directo,Nordicos,flexible,sin_deposito,105.66,0,0,0,1
4404,2025-11-15,2026-02-12,89,8,3.0,0,superior,solo_alojamiento,empresa,DE,no_reembolsable,sin_deposito,"122,51",1,0,0,1
1074,2025-01-18,2025-04-30,102,6,2.0,1,suite,desayuno,directo,uk,no_reembolsable,sin_deposito,150.36,0,0,0,0
2200,2024-05-02,2024-08-31,121,3,2.0,2,estandar,todo_incluido,empresa,FR,flexible,sin_deposito,84.38,2,1,1,1
3198,2025-08-15,2026-02-14,183,1,,1,superior,todo_incluido,agencia,Nordicos,flexible,total,113.72,0,0,0,0
5383,2024-10-10,2025-04-15,187,9,4.0,1,estandar,desayuno,web_intermediaria,otros,flexible,total,61.42,0,0,0,0
1340,2024-10-24,2025-01-02,70,6,2.0,3,estandar,solo_alojamiento,web_intermediaria,Nordicos,flexible,parcial,79.65,1,1,0,1
1987,2025-08-26,2025-11-12,78,6,2.0,1,estandar,todo_incluido,agencia,,flexible,sin_deposito,69.38,1,0,0,0
1594,2024-01-14,2024-02-05,22,9,2.0,1,familiar,todo_incluido,agencia,DE,no_reembolsable,sin_deposito,127.9,2,1,1,1
1760,2025-02-28,2025-04-27,58,5,2.0,0,suite,todo_incluido,web intermediaria ,UK,no_reembolsable,sin_deposito,149.41,1,0,0,1
3743,16/11/2025,2026-01-24,69,4,2.0,0,superior,todo_incluido,web_intermediaria,ES,no_reembolsable,sin_deposito,95.27,2,0,0,1
3311,2025-01-09,2025-03-20,70,5,3.0,0,superior,todo_incluido,web_intermediaria,UK,no_reembolsable,parcial,128.12,0,0,0,1
1915,2024-08-27,2025-04-29,245,6,2.0,0,estandar,desayuno,directo,otros,no_reembolsable,sin_deposito,59.84,0,0,0,1
2562,18/09/2024,2024-10-19,31,7,2.0,0,superior,desayuno,Directo,ES,no_reembolsable,parcial,90.6,0,0,0,0
1753,2025-04-03,2025-08-11,130,4,4.0,0,superior,solo_alojamiento,web_intermediaria,ES,flexible,sin_deposito,125.54,1,1,1,0
1356,2024-12-28,2025-04-11,104,7,2.0,0,familiar,desayuno,directo,ES,no_reembolsable,total,97.43,2,0,0,0
4857,2025-09-09,2025-11-24,76,4,4.0,0,estandar,todo_incluido,web_intermediaria,UK,flexible,sin_deposito,71.65,0,0,0,1
4130,2024-11-05,2025-01-03,59,2,3.0,0,estandar,todo_incluido,directo,UK,flexible,total,78.54,1,0,0,0
5354,2024-12-10,2025-08-08,241,6,4.0,0,estandar,todo_incluido,agencia,UK,no_reembolsable,parcial,79.85,0,1,0,1
3987,2024-08-14,2025-01-23,162,5,4.0,1,familiar,todo_incluido,empresa,Reino Unido,flexible,total,148.15,0,0,0,0
835,2025-09-15,2025-12-20,96,6,4.0,0,estandar,media_pension,directo,NL,flexible,parcial,79.19,1,1,0,0
1409,2024-01-02,2024-04-25,114,6,2.0,1,estandar,solo_alojamiento,agencia,NL,flexible,sin_deposito,72.83,0,0,0,1
3980,2024-04-19,2025-01-03,259,9,1.0,1,estandar,media_pension,web intermediaria ,DE,no_reembolsable,sin_deposito,87.75,0,0,0,1
1744,2024-01-17,2024-09-20,247,2,2.0,0,superior,media_pension,agencia,NL,no_reembolsable,sin_deposito,82.44,2,0,0,1
1581,2024-08-04,2024-10-31,88,5,,0,estandar,media_pension,agencia,ES,no_reembolsable,sin_deposito,82.57,1,1,0,0
4975,2025-08-08,2025-08-30,22,7,2.0,2,estandar,desayuno,agencia,DE,flexible,sin_deposito,81.66,0,0,0,0
279,2024-02-17,2024-04-17,60,7,,0,superior,todo_incluido,web_intermediaria,UK,flexible,sin_deposito,"97,18",0,0,0,1
897,2025-01-06,2025-01-08,2,4,2.0,0,superior,desayuno,web_intermediaria,DE,flexible,parcial,112.94,1,0,0,0
3578,17/09/2025,2025-10-13,26,6,2.0,2,estandar,media_pension,agencia,UK,no_reembolsable,parcial,78.2,0,0,0,0
5790,2025-12-21,2026-03-23,92,7,2.0,0,estandar,todo_incluido,empresa,ES,flexible,total,92.81,1,0,0,0
2191,2024-09-21,2025-02-02,134,5,2.0,0,estandar,media_pension,web_intermediaria,UK,flexible,sin_deposito,88.4,2,0,0,1
1110,2024-02-02,2024-04-17,75,5,4.0,3,superior,solo_alojamiento,directo,,no_reembolsable,sin_deposito,108.47,0,0,0,0
4220,2024-04-28,2024-05-07,9,4,2.0,0,estandar,desayuno,Web Intermediaria,UK,no_reembolsable,total,66.73,0,1,0,0
2908,2025-11-23,2025-12-10,17,9,1.0,0,suite,todo_incluido,agencia,,flexible,parcial,170.91,1,0,0,0
508,2024-06-29,2024-08-07,39,7,3.0,0,estandar,desayuno,web_intermediaria,FR,no_reembolsable,parcial,95.49,0,0,0,0
2969,2025-06-09,2025-12-05,179,7,2.0,2,suite,media_pension,web_intermediaria,uk,no_reembolsable,sin_deposito,172.08,1,0,0,1
2172,2025-06-27,2025-10-16,111,7,2.0,2,familiar,media_pension,agencia,ES,flexible,parcial,101.66,1,0,0,1
610,2025-09-18,2026-01-01,105,5,2.0,1,familiar,desayuno,web_intermediaria,DE,flexible,total,151.57,0,0,0,0
335,2024-12-01,2025-06-16,197,6,2.0,0,estandar,todo_incluido,agencia,ES,flexible,sin_deposito,77.31,0,0,0,1
152,2024-07-24,2024-11-12,111,8,2.0,0,superior,solo_alojamiento,web_intermediaria,UK,flexible,parcial,100.26,0,0,0,1
2027,2025-03-24,2025-05-23,60,6,3.0,0,suite,desayuno,web_intermediaria,UK,no_reembolsable,parcial,164.34,1,0,0,1
2485,2024-09-07,2024-10-15,38,5,3.0,0,estandar,solo_alojamiento,directo,ES,no_reembolsable,sin_deposito,69.37,0,0,0,1
48,2025-10-13,2026-01-13,92,8,2.0,0,estandar,desayuno,directo,FR,no_reembolsable,parcial,83.76,1,0,0,0
5884,2024-06-11,2024-07-29,48,6,2.0,0,superior,media_pension,web_intermediaria,DE,no_reembolsable,sin_deposito,102.41,1,0,0,0
5828,2025-05-06,2025-07-13,68,3,,0,estandar,media_pension,web_intermediaria,DE,flexible,sin_deposito,82.45,0,1,0,1
653,2024-05-27,2024-06-25,29,5,3.0,0,superior,todo_incluido,web_intermediaria,UK,no_reembolsable,parcial,90.84,0,0,0,0
4509,2024-07-12,2024-09-18,68,3,2.0,0,familiar,desayuno,web_intermediaria,ES,no_reembolsable,sin_deposito,102.41,2,0,0,1
2421,2024-07-07,2024-08-30,54,7,2.0,0,suite,solo_alojamiento,directo,ES,flexible,total,198.39,1,0,0,0
3952,2024-06-09,2024-07-12,33,5,2.0,0,superior,solo_alojamiento,empresa,,no_reembolsable,sin_deposito,119.66,0,1,0,1
4570,2024-05-29,2024-08-30,93,9,1.0,3,suite,desayuno,directo,uk,flexible,total,,1,0,0,0
5340,2024-12-07,2025-01-31,55,6,3.0,0,familiar,todo_incluido,WEB_INTERMEDIARIA,UK,no_reembolsable,total,,2,0,0,1
4982,2025-12-01,2026-01-13,43,2,1.0,1,estandar,desayuno,WEB_INTERMEDIARIA,IT,flexible,total,82.72,1,0,0,0
2319,2025-09-13,2025-09-25,12,5,2.0,2,estandar,solo_alojamiento,web_intermediaria,ES,flexible,sin_deposito,70.52,0,1,0,0
1192,2024-07-21,2024-08-21,31,8,1.0,2,superior,media_pension,web_intermediaria,UK,flexible,sin_deposito,0.0,0,0,0,1
3760,2025-02-13,2025-06-14,121,7,2.0,0,familiar,media_pension,directo,Nordicos,flexible,parcial,116.33,1,0,0,1
5101,2025-02-05,2025-03-15,38,5,4.0,1,superior,desayuno,web_intermediaria,otros,flexible,total,118.54,1,0,0,0
973,2024-12-14,2025-01-04,21,3,1.0,0,familiar,desayuno,agencia,DE,flexible,parcial,136.89,0,1,0,0
2995,2025-07-16,2025-12-08,145,3,4.0,0,estandar,media_pension,web_intermediaria,Reino Unido,no_reembolsable,sin_deposito,80.46,1,1,0,0
1540,28/03/2025,2025-04-11,14,6,2.0,1,estandar,todo_incluido,agencia,ES,flexible,total,70.49,0,0,0,0
2204,2024-09-02,2024-12-28,117,4,2.0,0,superior,todo_incluido,web_intermediaria,ES,no_reembolsable,parcial,105.62,0,0,0,1
594,2025-12-16,2026-02-17,63,7,2.0,0,estandar,desayuno,directo,otros,flexible,sin_deposito,98.63,0,0,0,0
2668,2025-12-05,2026-01-27,53,5,2.0,2,familiar,media_pension,empresa,FR,flexible,parcial,141.09,2,1,1,0
4230,2024-01-11,2024-04-29,109,5,4.0,1,superior,media_pension,agencia,otros,flexible,parcial,94.16,0,1,0,0
326,2024-06-17,2024-09-12,87,6,1.0,0,estandar,media_pension,directo ,NL,flexible,sin_deposito,68.81,1,1,0,0
3629,2025-09-09,2025-10-16,37,6,1.0,0,superior,todo_incluido,agencia,DE,no_reembolsable,parcial,97.51,2,0,0,0
2002,2024-02-15,2024-04-19,64,14,2.0,0,superior,media_pension,web_intermediaria,ES,flexible,total,85.9,1,0,0,0
2854,2024-03-06,2024-06-23,109,3,2.0,0,estandar,media_pension,agencia,UK,flexible,parcial,83.32,1,0,0,0
3738,2025-01-20,2025-06-22,153,8,2.0,0,estandar,desayuno,directo,ES,flexible,sin_deposito,64.47,0,0,0,0
2268,2025-06-15,2025-11-08,146,5,2.0,0,estandar,media_pension,web_intermediaria,ES,flexible,sin_deposito,,0,0,0,1
2359,2025-04-01,2025-05-06,35,6,2.0,0,superior,media_pension,directo,ES,flexible,sin_deposito,105.6,1,0,0,0
193,19/03/2025,2025-07-27,130,7,1.0,0,suite,media_pension,web_intermediaria,es,no_reembolsable,sin_deposito,202.28,1,0,0,1
5037,2025-10-29,2025-12-14,46,7,2.0,0,estandar,desayuno,directo,IT,flexible,sin_deposito,95.5,0,0,0,1
2777,2025-01-16,2025-02-10,25,4,4.0,0,suite,desayuno,web_intermediaria,DE,flexible,parcial,214.84,1,0,0,1
754,2025-11-14,2025-12-14,30,4,2.0,0,superior,media_pension,Web Intermediaria,NL,no_reembolsable,sin_deposito,125.13,0,0,0,1
1748,2024-10-02,2025-03-24,173,4,2.0,0,estandar,solo_alojamiento,web_intermediaria,ES,no_reembolsable,sin_deposito,96.07,2,0,0,1
3113,13/02/2024,2024-06-30,138,4,2.0,3,suite,desayuno,web_intermediaria,ES,flexible,parcial,179.38,2,0,0,0
4223,25/08/2025,2026-03-17,204,2,2.0,2,superior,todo_incluido,directo,DE,flexible,sin_deposito,105.49,0,0,0,0
5807,2024-11-08,2024-11-26,18,2,1.0,1,estandar,solo_alojamiento,web_intermediaria,UK,flexible,sin_deposito,71.61,0,0,0,1
5611,2024-07-21,2024-09-21,62,8,2.0,0,estandar,solo_alojamiento,agencia,UK,flexible,sin_deposito,65.24,0,0,0,1
2157,2024-11-19,2025-01-17,59,5,3.0,1,superior,solo_alojamiento,web_intermediaria,Nordicos,no_reembolsable,sin_deposito,112.68,1,1,1,0
4241,2024-09-02,2024-12-25,114,7,,0,estandar,desayuno,web_intermediaria,ES,flexible,parcial,,2,0,0,0
1307,2024-07-04,2024-10-25,113,8,2.0,0,familiar,desayuno,directo,Nordicos,flexible,sin_deposito,107.77,0,0,0,1
2126,2024-07-05,2024-08-02,28,7,2.0,0,estandar,media_pension,directo,NL,no_reembolsable,sin_deposito,94.19,2,0,0,0
1634,2025-10-04,2026-02-17,136,4,2.0,0,estandar,solo_alojamiento,web_intermediaria,Nordicos,no_reembolsable,parcial,86.88,0,0,0,1
209,2024-07-11,2024-10-21,102,5,2.0,0,familiar,media_pension,web_intermediaria,FR,no_reembolsable,sin_deposito,,1,0,0,1
1157,2024-03-28,2024-05-08,41,8,2.0,0,superior,solo_alojamiento,web_intermediaria,UK,no_reembolsable,sin_deposito,91.32,0,0,0,1
3480,2025-07-22,2025-09-24,64,3,2.0,0,estandar,todo_incluido,Directo,otros,no_reembolsable,sin_deposito,78.06,0,0,0,0
5731,2025-09-01,2025-11-18,78,2,1.0,0,estandar,todo_incluido,web_intermediaria,España,flexible,parcial,82.24,0,0,0,1
2464,2025-03-03,2025-07-17,136,3,2.0,0,familiar,media_pension,web_intermediaria,ES,flexible,sin_deposito,123.45,0,0,0,1
3393,2025-08-04,2025-08-05,1,4,2.0,3,suite,desayuno,agencia,otros,no_reembolsable,total,178.05,1,0,0,0
3139,2024-12-08,2025-04-17,130,5,4.0,0,estandar,solo_alojamiento,directo,ES,no_reembolsable,sin_deposito,69.4,0,0,0,1
5841,22/07/2025,2025-12-26,157,2,2.0,0,estandar,media_pension,agencia,es,no_reembolsable,sin_deposito,85.35,1,0,0,0
4890,2024-12-17,2025-04-21,125,9,1.0,0,estandar,media_pension,web_intermediaria,,no_reembolsable,sin_deposito,84.01,3,0,0,0
4470,2025-06-30,2025-08-07,38,4,2.0,0,estandar,todo_incluido,directo,UK,no_reembolsable,parcial,85.84,1,0,0,0
1918,2024-12-24,2025-03-11,77,3,1.0,0,suite,desayuno,WEB_INTERMEDIARIA,ES,flexible,sin_deposito,"9999,0",0,0,0,1
563,2024-12-25,2025-01-31,37,5,1.0,0,superior,desayuno,directo,UK,no_reembolsable,sin_deposito,"111,45",2,0,0,0
3245,2025-06-16,2026-01-17,215,5,3.0,0,estandar,solo_alojamiento,directo,Nordicos,flexible,parcial,,1,0,0,1
2270,2025-12-13,2026-02-05,54,4,2.0,0,familiar,todo_incluido,directo,ES,flexible,sin_deposito,139.09,1,0,0,0
1086,2025-09-04,2025-10-09,35,6,2.0,0,estandar,todo_incluido,web_intermediaria,otros,no_reembolsable,sin_deposito,69.87,0,0,0,1
3215,2025-02-14,2025-07-03,139,9,2.0,1,familiar,media_pension,web_intermediaria,ES,no_reembolsable,sin_deposito,160.93,2,0,0,0
5070,30/11/2025,2026-01-05,36,7,3.0,0,familiar,media_pension,WEB_INTERMEDIARIA,ES,flexible,parcial,124.88,0,0,0,1
1598,2025-06-13,2025-08-12,60,3,3.0,0,superior,todo_incluido,directo,es,no_reembolsable,parcial,112.88,0,0,0,0
3461,2024-10-30,2025-01-28,90,4,2.0,0,estandar,desayuno,web_intermediaria,DE,no_reembolsable,sin_deposito,90.83,0,0,0,1
387,2024-02-19,2024-04-19,60,5,2.0,1,estandar,desayuno,web_intermediaria,UK,no_reembolsable,sin_deposito,74.79,1,0,0,0
1017,2024-10-07,2025-01-06,91,5,2.0,0,superior,media_pension,web_intermediaria,,flexible,parcial,123.6,0,1,1,1
2981,2025-06-07,2025-09-10,95,3,1.0,0,familiar,solo_alojamiento,web_intermediaria,UK,no_reembolsable,sin_deposito,106.57,2,0,0,1
2660,2024-04-27,2024-05-28,31,2,1.0,0,superior,todo_incluido,directo,ES,no_reembolsable,parcial,103.04,1,0,0,1
3239,2025-10-06,2025-11-22,47,3,1.0,3,superior,desayuno,empresa,UK,no_reembolsable,sin_deposito,84.46,1,1,0,1
894,2025-12-16,2026-01-31,46,9,4.0,0,superior,todo_incluido,agencia,ES,flexible,sin_deposito,141.98,2,0,0,1
2725,2025-07-31,2025-10-21,82,6,2.0,0,familiar,desayuno,web_intermediaria,NL,flexible,parcial,93.33,0,0,0,0
401,2025-12-29,2026-07-22,205,3,1.0,0,suite,solo_alojamiento,agencia,,no_reembolsable,sin_deposito,173.88,0,0,0,1
5767,2024-08-13,2024-12-15,124,10,3.0,0,familiar,todo_incluido,agencia,DE,flexible,sin_deposito,146.62,0,0,0,1
5231,08/04/2024,2024-07-05,88,10,2.0,0,superior,desayuno,directo,NL,no_reembolsable,sin_deposito,135.95,0,0,0,0
1896,2025-09-13,2026-05-11,240,6,3.0,0,estandar,media_pension,directo,UK,flexible,sin_deposito,,0,0,0,1
5803,2024-11-15,2025-02-19,96,5,2.0,3,estandar,todo_incluido,web_intermediaria,,flexible,sin_deposito,76.19,0,0,0,1
1245,2025-09-30,2026-04-03,185,12,2.0,0,estandar,media_pension,web_intermediaria,,no_reembolsable,parcial,"74,73",2,0,0,0
2817,2025-05-06,2025-06-14,39,3,2.0,0,superior,media_pension,directo,ES,flexible,parcial,82.54,1,0,0,0
4058,22/01/2025,2025-08-12,202,6,4.0,0,superior,desayuno,web_intermediaria,UK,flexible,parcial,,1,0,0,0
4013,2025-05-18,2025-06-22,35,6,2.0,0,suite,desayuno,web_intermediaria,DE,no_reembolsable,total,184.57,0,0,0,0
4320,2024-01-31,2024-03-02,31,6,1.0,0,estandar,desayuno,web_intermediaria,UK,no_reembolsable,parcial,91.16,0,0,0,0
1869,2024-01-23,2024-10-10,261,4,2.0,0,superior,todo_incluido,web_intermediaria,otros,no_reembolsable,sin_deposito,90.38,1,0,0,1
4731,2025-11-01,2026-05-23,203,8,3.0,0,estandar,todo_incluido,web_intermediaria,ES,no_reembolsable,parcial,,0,0,0,1
439,2024-02-29,2024-04-22,53,5,4.0,0,estandar,media_pension,directo,UK,flexible,sin_deposito,-50.0,0,1,2,0
3335,22/02/2024,2024-04-09,47,5,2.0,0,estandar,media_pension,web_intermediaria,otros,flexible,sin_deposito,75.81,1,0,0,0
793,2025-06-11,2025-10-20,131,6,1.0,3,estandar,solo_alojamiento,web_intermediaria,otros,flexible,parcial,"68,98",0,0,0,1
380,2024-07-10,2024-08-17,38,5,2.0,0,estandar,desayuno,directo ,IT,flexible,parcial,93.95,1,0,0,0
5800,02/11/2024,2025-04-02,151,5,3.0,0,estandar,desayuno,web_intermediaria,,flexible,total,72.53,0,0,0,1
2793,2025-06-11,2025-08-11,61,8,2.0,0,estandar,desayuno,web_intermediaria,,no_reembolsable,sin_deposito,88.68,1,0,0,1
1252,2024-10-27,2025-03-26,150,8,2.0,0,suite,desayuno,web_intermediaria,UK,no_reembolsable,sin_deposito,210.72,2,0,0,0
1916,2025-01-12,2025-09-01,232,5,2.0,1,estandar,desayuno,directo,UK,flexible,parcial,79.38,2,0,0,0
4146,2024-07-23,2024-09-14,53,5,2.0,2,estandar,solo_alojamiento,agencia,DE,flexible,sin_deposito,62.2,0,0,0,1
5310,2024-11-26,2025-02-04,70,3,1.0,0,estandar,solo_alojamiento,web_intermediaria,UK,no_reembolsable,parcial,107.34,0,0,0,1
5279,2024-10-02,2024-12-25,84,6,1.0,1,estandar,media_pension,web_intermediaria,ES,no_reembolsable,sin_deposito,81.1,1,0,0,1
4243,2025-08-24,2025-11-08,76,7,2.0,0,estandar,todo_incluido,web intermediaria ,España,flexible,parcial,75.22,0,0,0,1
435,12/11/2024,2025-02-05,85,6,2.0,0,superior,media_pension,empresa,ES,flexible,sin_deposito,126.84,2,0,0,0
814,2024-07-26,2024-11-22,119,6,2.0,0,superior,todo_incluido,web_intermediaria,IT,flexible,sin_deposito,94.29,2,0,0,1
3415,2025-03-12,2025-07-30,140,5,4.0,0,superior,todo_incluido,agencia,otros,no_reembolsable,sin_deposito,123.62,2,0,0,1
5822,2025-05-29,2026-01-16,232,4,3.0,1,estandar,desayuno,agencia,ES,no_reembolsable,parcial,88.91,0,0,0,1
3895,2025-03-20,2025-06-25,97,3,2.0,0,superior,,web_intermediaria,DE,flexible,sin_deposito,97.76,1,0,0,1
1745,2024-06-02,2024-08-14,73,8,2.0,2,suite,solo_alojamiento,web_intermediaria,FR,no_reembolsable,total,192.51,0,0,0,0
1828,2025-12-19,2026-03-29,100,3,2.0,0,superior,desayuno,web_intermediaria,FR,no_reembolsable,sin_deposito,"122,04",0,0,0,1
2693,26/10/2025,2025-12-11,46,7,2.0,0,familiar,todo_incluido,web_intermediaria,ES,flexible,parcial,152.72,0,0,0,1
2004,2024-11-30,2025-01-16,47,9,4.0,0,superior,,web_intermediaria,FR,flexible,sin_deposito,122.79,0,0,0,1
511,27/12/2025,2026-04-15,109,5,2.0,0,familiar,desayuno,web_intermediaria,UK,no_reembolsable,parcial,"122,55",1,0,0,0
503,2025-12-03,2026-06-01,180,4,1.0,2,familiar,media_pension,agencia,otros,flexible,sin_deposito,106.3,1,0,0,1
4052,2024-10-14,2024-11-23,40,5,2.0,0,suite,desayuno,directo,DE,flexible,sin_deposito,170.44,0,1,0,0
236,2025-06-09,2025-10-11,124,5,2.0,0,suite,desayuno,web_intermediaria,DE,flexible,sin_deposito,134.94,1,0,0,1
5662,2024-06-11,2024-07-31,50,5,1.0,3,estandar,desayuno,agencia,ES,flexible,parcial,88.71,0,1,0,1
4736,2024-11-01,2024-11-24,23,8,2.0,0,estandar,,web_intermediaria,Reino Unido,flexible,sin_deposito,65.6,0,0,0,1
4519,2025-06-03,2025-08-10,68,6,2.0,3,superior,todo_incluido,web_intermediaria,FR,flexible,sin_deposito,"110,52",2,0,0,1
2223,2024-01-20,2024-04-16,87,7,2.0,0,familiar,desayuno,empresa,DE,flexible,parcial,91.95,0,0,0,0
2700,27/03/2024,2024-11-17,235,6,2.0,0,estandar,desayuno,directo,ES,no_reembolsable,sin_deposito,73.76,1,0,0,1
2080,2024-04-01,2024-07-09,99,7,2.0,0,suite,desayuno,agencia,España,no_reembolsable,parcial,222.0,2,0,0,0
2358,2024-06-09,2024-10-28,141,9,2.0,1,familiar,todo_incluido,agencia,UK,flexible,sin_deposito,"126,7",2,0,0,1
5263,2025-03-05,2025-04-20,46,6,2.0,0,estandar,media_pension,agencia,FR,flexible,sin_deposito,69.72,0,0,0,0
1449,2025-06-23,2025-09-15,84,2,4.0,2,superior,desayuno,agencia,ES,no_reembolsable,sin_deposito,88.25,0,0,0,1
3996,2024-09-01,2024-09-06,5,5,4.0,0,superior,media_pension,web_intermediaria,IT,flexible,sin_deposito,104.04,0,0,0,0
5010,2024-07-21,2024-12-06,138,4,2.0,0,estandar,,Web Intermediaria,FR,flexible,sin_deposito,78.96,1,0,0,1
237,2025-04-29,2025-06-24,56,4,2.0,0,superior,desayuno,agencia,ES,flexible,parcial,95.7,0,0,0,0
3409,2025-04-26,2025-05-08,12,10,3.0,0,familiar,media_pension,web_intermediaria,DE,flexible,parcial,130.84,1,0,0,0
2427,25/04/2024,2024-09-09,137,6,3.0,0,superior,desayuno,directo,ES,flexible,sin_deposito,98.03,0,0,0,1
2885,16/09/2024,2024-12-20,95,5,2.0,0,superior,desayuno,web_intermediaria,,flexible,sin_deposito,"128,75",0,0,0,0
731,2025-06-16,2025-07-16,30,6,1.0,0,familiar,,web_intermediaria,UK,flexible,sin_deposito,135.9,1,0,0,1
3612,2025-05-13,2025-10-13,153,3,1.0,0,superior,desayuno,agencia,DE,flexible,sin_deposito,82.49,2,0,0,1
3977,2025-04-15,2025-05-03,18,6,2.0,0,familiar,media_pension,directo,ES,flexible,total,109.08,0,1,0,0
1362,2024-02-19,2024-03-05,15,5,2.0,2,superior,desayuno,Web Intermediaria,,flexible,sin_deposito,107.1,1,0,0,1
5108,2025-11-24,2026-01-05,42,9,2.0,1,superior,,web_intermediaria,otros,no_reembolsable,parcial,109.85,0,0,0,1
5893,2024-04-01,2024-05-10,39,7,2.0,0,estandar,todo_incluido,directo,DE,flexible,total,63.36,0,0,0,0
4714,22/12/2024,2025-03-20,88,9,2.0,0,estandar,solo_alojamiento,web_intermediaria,UK,no_reembolsable,sin_deposito,78.0,1,0,0,0
5097,2025-03-25,2025-05-03,39,6,2.0,0,estandar,solo_alojamiento,web_intermediaria,IT,no_reembolsable,sin_deposito,73.72,1,1,0,1
795,2024-11-10,2025-01-28,79,5,4.0,0,estandar,desayuno,empresa,UK,flexible,sin_deposito,90.03,0,1,1,0
5660,2025-06-21,2026-06-21,365,10,4.0,0,estandar,todo_incluido,Web Intermediaria,DE,no_reembolsable,sin_deposito,62.73,1,0,0,1
3220,2024-11-11,2025-02-21,102,4,2.0,0,suite,desayuno,Web Intermediaria,UK,no_reembolsable,total,210.29,1,0,0,0
3050,2025-05-31,2025-09-11,103,2,2.0,0,estandar,desayuno,web_intermediaria,UK,no_reembolsable,sin_deposito,67.8,1,0,0,0
2605,2025-07-07,2025-07-27,20,5,2.0,0,superior,desayuno,directo,Nordicos,no_reembolsable,total,"131,72",1,0,0,0
769,2024-04-12,2024-08-29,139,3,3.0,0,estandar,desayuno,agencia,DE,no_reembolsable,parcial,88.28,1,1,0,0
1524,2024-04-19,2024-10-15,179,3,1.0,0,familiar,media_pension,directo,,flexible,sin_deposito,120.15,1,0,0,1
41,2024-04-30,2024-07-21,82,3,3.0,1,estandar,solo_alojamiento,web_intermediaria,DE,no_reembolsable,sin_deposito,"85,66",1,1,1,1
2628,04/01/2024,2024-01-26,22,5,2.0,0,estandar,desayuno,directo ,otros,flexible,sin_deposito,79.61,0,0,0,1
4248,2024-05-20,2024-07-10,51,6,2.0,0,estandar,media_pension,agencia,ES,flexible,parcial,"84,31",0,0,0,1
5481,2025-12-23,2026-03-03,70,4,2.0,1,estandar,desayuno,Web Intermediaria,IT,no_reembolsable,sin_deposito,77.54,0,0,0,1
1202,14/12/2024,2025-03-24,100,5,1.0,0,familiar,solo_alojamiento,web_intermediaria,ES,flexible,sin_deposito,130.15,2,0,0,1
3943,2025-11-08,2025-12-05,27,4,2.0,0,estandar,todo_incluido,agencia,ES,no_reembolsable,sin_deposito,"85,32",2,1,0,0
4553,2024-03-13,2024-05-14,62,6,4.0,0,superior,desayuno,agencia,ES,no_reembolsable,sin_deposito,97.05,0,0,0,1
4866,2025-03-03,2026-02-15,349,7,,0,estandar,desayuno,web_intermediaria,ES,flexible,parcial,85.79,0,0,0,1
4453,2024-12-14,2025-05-27,164,7,2.0,2,estandar,media_pension,web_intermediaria,UK,flexible,parcial,75.64,0,1,1,1
3841,2025-09-28,2026-02-20,145,3,3.0,0,estandar,desayuno,agencia,UK,no_reembolsable,parcial,"83,79",1,0,0,0
2171,16/01/2024,2024-04-03,78,7,2.0,2,estandar,media_pension,web_intermediaria,ES,flexible,sin_deposito,72.68,0,0,0,1
1325,2025-09-24,2026-03-04,161,4,,0,suite,todo_incluido,web_intermediaria,otros,no_reembolsable,parcial,194.56,0,0,0,0
5662,2024-06-11,2024-07-31,50,5,1.0,3,estandar,desayuno,agencia,ES,flexible,parcial,88.71,0,1,0,1
3484,2024-06-17,2024-06-24,7,8,2.0,0,estandar,media_pension,agencia,IT,no_reembolsable,parcial,77.49,0,0,0,0
5131,2024-08-23,2024-10-02,40,6,2.0,0,familiar,solo_alojamiento,web_intermediaria,UK,flexible,sin_deposito,,1,0,0,0
2122,2025-11-26,2026-02-25,91,5,2.0,0,estandar,desayuno,web_intermediaria,ES,flexible,total,93.74,1,0,0,0
1722,25/06/2025,2025-09-17,84,7,2.0,1,superior,todo_incluido,directo,UK,flexible,parcial,99.4,0,0,0,0
2101,2025-10-28,2026-03-12,135,6,2.0,2,estandar,desayuno,web_intermediaria,UK,flexible,sin_deposito,84.08,0,0,0,1
2224,2024-11-04,2025-01-13,70,8,2.0,0,estandar,desayuno,web_intermediaria,,no_reembolsable,parcial,80.68,1,0,0,0
690,2025-07-25,2025-11-19,117,8,3.0,0,superior,desayuno,web intermediaria ,NL,no_reembolsable,sin_deposito,,0,0,0,0
5100,2024-08-02,2024-09-29,58,6,3.0,0,superior,todo_incluido,directo,ES,no_reembolsable,parcial,103.7,0,0,0,0
1383,2024-09-10,2025-05-05,237,8,2.0,1,estandar,todo_incluido,directo,UK,no_reembolsable,sin_deposito,71.15,0,0,0,0
3360,2025-01-20,2025-05-01,101,6,2.0,0,superior,solo_alojamiento,directo,IT,flexible,sin_deposito,98.66,2,1,1,1
1697,2024-12-08,2025-03-10,92,4,2.0,0,familiar,desayuno,agencia,Nordicos,no_reembolsable,sin_deposito,141.48,2,0,0,0
5401,2025-09-13,2025-12-22,100,8,1.0,1,familiar,desayuno,directo,,flexible,total,122.18,0,0,0,0
3703,2024-07-01,2024-07-15,14,10,,0,familiar,solo_alojamiento,empresa,DE,no_reembolsable,sin_deposito,127.63,0,1,0,0
5271,2024-05-14,2024-07-23,70,6,2.0,2,estandar,desayuno,directo,ES,flexible,sin_deposito,78.98,1,0,0,0
1210,2025-12-04,2025-12-29,25,7,2.0,0,estandar,media_pension,directo,otros,no_reembolsable,sin_deposito,"108,39",1,0,0,0
2686,2024-12-17,2025-05-03,137,8,2.0,0,estandar,desayuno,web_intermediaria,DE,no_reembolsable,parcial,"72,5",0,0,0,0
4692,2024-02-18,2024-06-16,119,7,4.0,2,estandar,solo_alojamiento,Web Intermediaria,ES,no_reembolsable,sin_deposito,67.39,0,0,0,1
3807,2024-03-15,2024-06-17,94,8,2.0,0,estandar,desayuno,empresa,UK,flexible,sin_deposito,72.8,1,1,2,0
2846,29/11/2024,2025-02-14,77,3,2.0,0,estandar,todo_incluido,web_intermediaria,UK,no_reembolsable,sin_deposito,88.7,1,0,0,0
5290,2024-07-31,2024-10-07,68,7,3.0,1,suite,todo_incluido,agencia,otros,no_reembolsable,parcial,151.54,1,0,0,0
2951,2024-01-23,2024-05-07,105,3,2.0,0,suite,desayuno,WEB_INTERMEDIARIA,NL,no_reembolsable,total,155.83,2,0,0,0
5510,2025-10-05,2025-11-27,53,4,2.0,0,familiar,todo_incluido,web_intermediaria,UK,flexible,sin_deposito,113.6,0,0,0,1
5704,2024-11-10,2025-04-28,169,3,3.0,2,suite,media_pension,directo,UK,flexible,sin_deposito,206.31,0,0,0,1
365,2024-03-25,2024-04-10,16,5,2.0,0,estandar,todo_incluido,web_intermediaria,ES,no_reembolsable,total,73.17,0,0,0,0
2590,2024-09-09,2025-03-29,201,2,2.0,0,estandar,solo_alojamiento,web_intermediaria,,flexible,parcial,76.89,0,0,0,1
5293,2024-09-04,2024-11-28,85,5,2.0,0,superior,desayuno,empresa,ES,flexible,sin_deposito,,0,0,0,1
3634,2025-07-09,2025-07-14,5,4,,0,estandar,todo_incluido,directo,ES,flexible,sin_deposito,79.44,0,0,0,1
4809,2024-10-11,2024-11-17,37,3,3.0,1,estandar,media_pension,WEB_INTERMEDIARIA,UK,flexible,sin_deposito,70.34,0,0,0,1
5153,09/07/2024,2024-09-17,70,4,2.0,0,estandar,desayuno,web_intermediaria,otros,flexible,sin_deposito,67.82,0,0,0,0
4459,2024-03-26,2024-05-14,49,5,1.0,2,suite,media_pension,directo,UK,flexible,parcial,162.99,0,0,0,0
2684,2025-08-15,2025-10-16,62,8,4.0,0,estandar,todo_incluido,directo,FR,no_reembolsable,sin_deposito,,0,0,0,0
1061,2025-07-16,2025-10-26,102,4,3.0,1,superior,desayuno,web_intermediaria,DE,flexible,sin_deposito,101.67,0,0,0,0
191,2025-05-14,2025-09-28,137,5,2.0,0,familiar,desayuno,directo,,no_reembolsable,parcial,105.37,1,0,0,0
2745,2024-05-25,2024-11-30,189,4,1.0,1,superior,todo_incluido,web_intermediaria,NL,flexible,sin_deposito,101.03,1,0,0,1
1393,2025-12-19,2026-05-06,138,4,2.0,0,estandar,desayuno,web_intermediaria,UK,flexible,parcial,68.87,0,0,0,0
5969,2024-05-20,2024-06-23,34,5,2.0,2,suite,media_pension,web_intermediaria,UK,flexible,total,143.95,2,0,0,0
909,2024-09-27,2024-12-01,65,9,2.0,2,estandar,media_pension,Directo,UK,flexible,sin_deposito,76.65,2,0,0,1
228,2025-02-26,2025-03-14,16,7,2.0,0,estandar,desayuno,directo,UK,flexible,parcial,83.59,2,0,0,0
699,2024-02-06,2024-05-30,114,2,2.0,3,estandar,media_pension,Web Intermediaria,Nordicos,flexible,sin_deposito,71.61,0,0,0,1
2911,2024-03-22,2024-06-13,83,7,1.0,2,familiar,desayuno,web_intermediaria,UK,no_reembolsable,sin_deposito,118.92,2,0,0,1
3188,2024-10-21,2025-01-04,75,3,3.0,0,estandar,media_pension,Directo,ES,flexible,total,85.59,1,0,0,0
3985,2025-09-18,2025-12-06,79,4,1.0,3,familiar,solo_alojamiento,web_intermediaria,UK,flexible,parcial,9999.0,1,0,0,0
4442,2024-09-16,2024-12-07,82,3,2.0,0,estandar,media_pension,directo,UK,flexible,sin_deposito,85.38,0,0,0,0
5857,2024-12-12,2025-04-27,136,3,2.0,0,estandar,media_pension,web_intermediaria,UK,flexible,sin_deposito,71.32,1,0,0,0
1966,2025-06-25,2025-10-23,120,5,1.0,0,superior,todo_incluido,empresa,ES,no_reembolsable,total,105.57,1,0,0,0
1005,2024-04-03,2024-08-04,123,7,2.0,0,suite,media_pension,agencia,DE,no_reembolsable,total,"231,1",1,0,0,0
3519,2025-05-09,2025-06-15,37,9,3.0,0,estandar,desayuno,web_intermediaria,uk,flexible,parcial,"70,73",1,0,0,0
2859,2025-06-12,2025-10-09,119,9,2.0,1,superior,desayuno,directo,otros,flexible,sin_deposito,85.59,0,0,0,0
3557,2025-05-29,2025-08-05,68,7,2.0,0,estandar,desayuno,directo,UK,flexible,sin_deposito,92.79,0,0,0,0
4502,2025-01-24,2025-02-16,23,8,3.0,0,superior,desayuno,web_intermediaria,otros,flexible,sin_deposito,"103,68",1,0,0,0
1815,2025-10-07,2026-03-31,175,7,1.0,0,superior,media_pension,directo,DE,no_reembolsable,sin_deposito,119.2,1,0,0,1
5533,2025-01-04,2025-03-26,81,-2,2.0,0,estandar,todo_incluido,agencia,ES,flexible,total,87.54,1,1,0,1
5157,2025-11-09,2026-01-04,56,5,3.0,0,familiar,media_pension,web_intermediaria,UK,flexible,parcial,135.49,0,0,0,1
2448,16/04/2025,2025-08-09,115,5,3.0,0,superior,desayuno,agencia,Nordicos,flexible,sin_deposito,135.64,1,0,0,1
4990,2025-10-07,2025-11-19,43,7,3.0,0,estandar,desayuno,web_intermediaria,ES,flexible,parcial,59.16,0,0,0,0
5269,2025-05-25,2025-08-07,74,6,2.0,0,estandar,desayuno,directo,UK,flexible,total,88.7,0,0,0,0
5158,2024-03-30,2024-12-01,246,8,4.0,0,superior,solo_alojamiento,web_intermediaria,DE,flexible,sin_deposito,103.9,1,1,0,1
3510,2024-09-12,2025-02-20,161,3,2.0,0,superior,desayuno,web_intermediaria,ES,flexible,sin_deposito,103.37,0,0,0,1
862,2025-11-08,2026-04-06,149,9,2.0,0,estandar,media_pension,web_intermediaria,Nordicos,flexible,sin_deposito,68.79,0,0,0,1
1127,2025-09-15,2025-11-26,72,4,2.0,2,estandar,desayuno,directo,ES,flexible,sin_deposito,66.89,0,0,0,0
1251,2024-06-25,2024-08-06,42,7,2.0,2,estandar,desayuno,agencia,UK,no_reembolsable,total,87.66,0,1,0,0
3344,2025-03-27,2025-09-16,173,4,2.0,0,estandar,,directo,ES,flexible,parcial,,0,0,0,1
3971,2024-12-14,2025-03-16,92,13,2.0,0,suite,desayuno,web_intermediaria,Nordicos,flexible,sin_deposito,205.17,0,0,0,0
621,2024-11-12,2025-01-31,80,6,4.0,0,estandar,desayuno,web_intermediaria,,no_reembolsable,sin_deposito,88.64,0,0,0,1
2923,2024-03-31,2024-11-05,219,6,2.0,2,estandar,media_pension,directo,UK,flexible,parcial,75.32,1,1,0,1
4542,2025-04-04,2025-06-04,61,6,2.0,0,estandar,desayuno,directo,DE,flexible,sin_deposito,66.41,1,0,0,0
819,2025-04-30,2025-06-03,34,5,2.0,0,superior,desayuno,directo,ES,no_reembolsable,sin_deposito,86.54,1,0,0,0
1960,2024-05-16,2024-06-15,30,5,2.0,0,superior,desayuno,agencia,ES,no_reembolsable,sin_deposito,,1,0,0,0
3850,2024-06-12,2024-08-06,55,7,4.0,1,familiar,media_pension,empresa,IT,no_reembolsable,parcial,133.31,3,0,0,0
1299,2025-01-22,2025-02-28,37,2,3.0,0,estandar,desayuno,web_intermediaria,DE,no_reembolsable,total,94.65,1,0,0,1
2773,28/05/2024,2024-07-06,39,4,2.0,0,superior,desayuno,directo,NL,flexible,sin_deposito,117.93,1,0,0,0
1114,2024-08-01,2024-09-13,43,4,2.0,0,superior,desayuno,Web Intermediaria,España,no_reembolsable,total,"91,57",1,0,0,0
5261,2025-12-26,2026-02-05,41,2,3.0,0,superior,desayuno,web_intermediaria,UK,no_reembolsable,sin_deposito,126.12,0,0,0,0
3632,2025-02-02,2025-04-07,64,4,1.0,2,estandar,todo_incluido,web_intermediaria,UK,no_reembolsable,parcial,70.29,1,0,0,0
3124,2025-03-23,2025-05-05,43,8,2.0,0,estandar,desayuno,web intermediaria ,otros,flexible,sin_deposito,,0,0,0,0
1246,2025-12-20,2026-04-15,116,5,4.0,2,suite,todo_incluido,directo,DE,flexible,sin_deposito,"157,19",0,0,0,0
3837,2024-05-23,2024-10-04,134,8,2.0,0,estandar,desayuno,agencia,DE,flexible,sin_deposito,70.46,0,0,0,1
359,2024-03-07,2024-07-10,125,8,2.0,0,estandar,media_pension,web_intermediaria,España,flexible,sin_deposito,86.05,0,0,0,1
132,2025-02-08,2025-04-13,64,9,,0,estandar,solo_alojamiento,directo,ES,flexible,parcial,68.55,0,0,0,0
2498,2025-10-10,2026-01-13,95,8,2.0,0,familiar,todo_incluido,web_intermediaria,Nordicos,flexible,sin_deposito,149.57,2,0,0,1
61,04/11/2025,2025-11-30,26,5,1.0,3,superior,todo_incluido,web_intermediaria,DE,no_reembolsable,sin_deposito,91.28,0,0,0,1
994,2024-11-10,2024-11-23,13,4,2.0,0,estandar,todo_incluido,agencia,NL,no_reembolsable,sin_deposito,70.98,1,0,0,1
4543,2025-11-07,2025-12-03,26,5,2.0,0,superior,solo_alojamiento,empresa,UK,no_reembolsable,parcial,106.39,0,0,0,0
4524,2025-12-21,2026-05-07,137,4,2.0,0,suite,desayuno,web_intermediaria,IT,no_reembolsable,parcial,140.97,1,0,0,0
1109,2025-11-17,2026-06-15,210,6,2.0,0,familiar,solo_alojamiento,web_intermediaria,UK,no_reembolsable,sin_deposito,119.98,0,0,0,1
1929,13/05/2024,2024-07-31,79,4,2.0,0,estandar,todo_incluido,web_intermediaria,Reino Unido,flexible,sin_deposito,82.35,0,0,0,1
3861,2025-01-31,2025-03-16,44,6,2.0,0,suite,media_pension,web_intermediaria,DE,flexible,sin_deposito,183.33,1,0,0,0
2905,2025-04-20,2025-07-12,83,4,3.0,1,superior,desayuno,agencia,ES,no_reembolsable,sin_deposito,103.47,1,0,0,0
3978,2025-12-21,2026-01-02,12,3,2.0,0,estandar,desayuno,web_intermediaria,ES,flexible,sin_deposito,85.15,0,0,0,0
4534,2025-07-02,2025-09-12,72,3,3.0,0,superior,media_pension,empresa,DE,flexible,sin_deposito,98.58,0,0,0,1
4344,2024-07-06,2024-07-28,22,2,2.0,0,suite,desayuno,directo,DE,flexible,parcial,"211,51",0,0,0,0
1100,2024-11-12,2025-02-11,91,3,2.0,0,estandar,solo_alojamiento,web_intermediaria,DE,flexible,sin_deposito,"89,24",0,0,0,1
4575,2025-06-03,2025-08-23,81,9,4.0,2,estandar,desayuno,web_intermediaria,DE,flexible,sin_deposito,87.44,0,0,0,1
4370,2025-01-19,2025-02-06,18,7,1.0,0,estandar,desayuno,directo,DE,no_reembolsable,sin_deposito,"86,79",0,0,0,0
200,2025-12-03,2026-01-26,54,5,2.0,0,superior,solo_alojamiento,web_intermediaria,DE,no_reembolsable,sin_deposito,114.46,0,1,1,1
5667,2024-05-27,2024-09-28,124,3,3.0,0,superior,todo_incluido,web_intermediaria,,flexible,sin_deposito,93.93,0,0,0,1
3693,2024-05-22,2024-08-08,78,5,2.0,0,suite,desayuno,WEB_INTERMEDIARIA,otros,no_reembolsable,sin_deposito,193.91,0,0,0,0
4994,07/02/2025,2025-05-20,102,9,1.0,0,familiar,desayuno,directo ,otros,no_reembolsable,sin_deposito,104.27,1,0,0,0
2589,2025-12-09,2026-04-10,122,4,2.0,0,estandar,todo_incluido,web_intermediaria,UK,flexible,sin_deposito,77.02,0,0,0,0
1144,2025-09-08,2025-10-19,41,9,3.0,2,estandar,desayuno,agencia,ES,no_reembolsable,sin_deposito,67.6,1,0,0,0
3172,2025-11-16,2026-01-17,62,5,4.0,0,superior,desayuno,web_intermediaria,UK,no_reembolsable,parcial,126.31,0,0,0,0
96,2024-07-29,2024-11-18,112,4,2.0,0,estandar,todo_incluido,web intermediaria ,ES,no_reembolsable,sin_deposito,71.24,0,0,0,1
5991,2024-02-06,2024-05-14,98,8,2.0,0,superior,media_pension,web_intermediaria,ES,flexible,parcial,102.75,0,0,0,1
5039,2025-12-27,2026-02-28,63,4,2.0,0,estandar,desayuno,web_intermediaria,Reino Unido,no_reembolsable,sin_deposito,,0,1,0,1
5254,2025-02-13,2025-06-04,111,4,2.0,0,superior,todo_incluido,web_intermediaria,ES,no_reembolsable,parcial,102.11,1,0,0,1
5559,2025-01-20,2025-02-01,12,6,1.0,2,estandar,,directo,uk,no_reembolsable,sin_deposito,73.96,0,0,0,0
4964,2024-06-20,2024-07-31,41,3,2.0,0,estandar,desayuno,agencia,IT,no_reembolsable,sin_deposito,77.99,0,0,0,1
4253,2025-12-16,2026-05-06,141,4,2.0,2,superior,todo_incluido,directo,DE,no_reembolsable,sin_deposito,94.53,0,1,0,0
5827,2024-04-21,2024-05-30,39,10,2.0,2,superior,media_pension,web_intermediaria,ES,flexible,sin_deposito,109.3,0,0,0,1
4154,2025-12-13,2026-01-09,27,2,2.0,2,superior,solo_alojamiento,web_intermediaria,España,flexible,sin_deposito,"128,74",1,0,0,1
2313,2025-01-07,2025-05-06,119,6,2.0,0,superior,solo_alojamiento,web_intermediaria,NL,flexible,sin_deposito,86.13,1,0,0,0
1557,2025-10-16,2026-02-23,130,6,2.0,0,superior,desayuno,empresa,DE,no_reembolsable,total,129.18,1,1,2,0
2512,2025-09-14,2025-12-11,88,4,2.0,1,estandar,desayuno,web_intermediaria,ES,no_reembolsable,sin_deposito,75.09,2,0,0,0
5989,2025-09-24,2025-11-01,38,1,2.0,1,estandar,media_pension,Web Intermediaria,Nordicos,no_reembolsable,sin_deposito,64.96,0,0,0,1
80,2025-05-03,2025-06-10,38,3,2.0,2,superior,todo_incluido,web_intermediaria,Nordicos,flexible,parcial,88.23,0,0,0,0
4496,2025-04-02,2025-06-30,89,6,4.0,0,superior,todo_incluido,agencia,DE,flexible,sin_deposito,100.13,0,1,0,1
437,2025-02-18,2025-04-18,59,6,2.0,1,suite,solo_alojamiento,directo,ES,flexible,total,169.69,0,1,0,0
5511,2024-10-23,2025-01-07,76,6,2.0,0,familiar,media_pension,web_intermediaria,ES,flexible,parcial,145.48,0,0,0,0
4100,2024-09-02,2024-12-07,96,8,2.0,1,superior,media_pension,directo,Nordicos,flexible,sin_deposito,114.46,0,0,0,1
5308,2025-06-27,2025-08-05,39,5,2.0,0,estandar,desayuno,directo,,flexible,sin_deposito,104.02,0,1,0,1
2958,2024-12-20,2025-01-19,30,4,,0,suite,media_pension,directo,IT,no_reembolsable,sin_deposito,"212,52",0,1,0,0
5966,2024-03-13,2024-04-19,37,5,2.0,0,superior,desayuno,agencia,ES,no_reembolsable,sin_deposito,95.71,1,1,0,0
3010,2025-08-15,2025-11-28,105,5,2.0,1,estandar,solo_alojamiento,directo,UK,flexible,total,70.9,0,0,0,0
4131,2024-01-07,2024-03-26,79,10,3.0,3,superior,todo_incluido,directo,ES,no_reembolsable,sin_deposito,130.73,2,0,0,0
4049,2024-09-02,2025-01-07,127,8,2.0,2,estandar,,web_intermediaria,DE,flexible,parcial,98.27,0,0,0,0
2985,2025-06-09,2025-06-28,19,2,1.0,0,estandar,solo_alojamiento,web_intermediaria,Nordicos,no_reembolsable,sin_deposito,9999.0,2,0,0,0
5514,2025-09-26,2025-12-04,69,7,2.0,2,estandar,desayuno,agencia,otros,no_reembolsable,sin_deposito,"94,21",1,0,0,0
2287,23/10/2025,2025-11-09,17,3,3.0,0,superior,solo_alojamiento,web_intermediaria,DE,flexible,parcial,97.18,0,0,0,0
2944,2024-05-17,2024-05-21,4,4,2.0,0,estandar,desayuno,directo,Nordicos,no_reembolsable,total,68.62,0,0,0,0
5746,2024-01-15,2024-06-10,147,4,2.0,0,familiar,todo_incluido,web_intermediaria,Nordicos,flexible,sin_deposito,108.63,1,0,0,1
3346,2025-07-08,2025-08-26,49,4,1.0,0,superior,todo_incluido,directo,UK,flexible,sin_deposito,118.95,0,0,0,0
2460,2024-02-13,2024-03-31,47,3,1.0,0,estandar,todo_incluido,agencia,ES,no_reembolsable,total,79.75,1,1,0,0
2115,2025-06-25,2026-02-15,235,2,,0,estandar,desayuno,web_intermediaria,IT,flexible,parcial,90.19,0,0,0,1
3206,2025-05-09,2025-07-29,81,5,2.0,0,estandar,todo_incluido,directo,UK,flexible,parcial,88.39,0,0,0,0
833,2024-11-26,2025-03-04,98,3,2.0,3,familiar,todo_incluido,agencia,otros,flexible,parcial,133.91,3,0,0,0
1541,13/12/2024,2025-04-21,129,5,2.0,0,superior,media_pension,web_intermediaria,ES,flexible,total,95.79,1,1,1,0
3653,2024-10-26,2024-12-11,46,4,3.0,0,suite,desayuno,agencia,,no_reembolsable,sin_deposito,232.92,0,0,0,0
4239,2025-07-08,2025-12-25,170,6,3.0,0,superior,todo_incluido,web_intermediaria,Nordicos,flexible,parcial,120.61,0,1,1,1
5393,2025-08-07,2026-01-02,148,5,3.0,0,superior,desayuno,agencia,ES,flexible,sin_deposito,127.56,0,0,0,1
3526,2024-06-03,2024-07-14,41,5,2.0,3,estandar,,web_intermediaria,ES,flexible,total,84.43,1,0,0,0
468,2025-03-11,2025-04-03,23,4,1.0,0,suite,media_pension,web_intermediaria,ES,flexible,parcial,149.27,1,0,0,1
1537,2024-04-22,2024-09-06,137,7,2.0,0,superior,media_pension,web_intermediaria,Nordicos,flexible,total,96.06,0,0,0,1
1432,2024-05-15,2024-06-24,40,4,3.0,0,superior,solo_alojamiento,agencia,DE,flexible,sin_deposito,94.55,1,0,0,0
359,2024-03-07,2024-07-10,125,8,2.0,0,estandar,media_pension,web_intermediaria,España,flexible,sin_deposito,86.05,0,0,0,1
4595,2025-03-26,2025-06-04,70,8,4.0,0,estandar,desayuno,web_intermediaria,ES,flexible,total,,1,1,0,0
3132,2024-12-02,2025-01-08,37,4,2.0,0,familiar,desayuno,web_intermediaria,España,flexible,sin_deposito,125.58,0,0,0,1
1844,2025-09-09,2025-10-20,41,4,2.0,0,superior,media_pension,directo,DE,flexible,sin_deposito,97.95,1,1,0,0
2104,2024-04-04,2024-07-26,113,4,2.0,0,estandar,media_pension,Web Intermediaria,DE,flexible,parcial,,0,0,0,1
2622,2024-10-13,2025-01-29,108,11,2.0,0,suite,todo_incluido,agencia,otros,no_reembolsable,sin_deposito,,0,0,0,0
4083,2025-07-15,2025-09-04,51,6,2.0,0,familiar,media_pension,web_intermediaria,FR,flexible,parcial,108.34,0,0,0,1
2451,2025-09-05,2025-10-15,40,3,2.0,0,superior,desayuno,directo,ES,flexible,parcial,91.83,1,0,0,0
3624,2024-11-17,2025-02-28,103,9,3.0,0,estandar,solo_alojamiento,web_intermediaria,UK,flexible,parcial,87.43,0,0,0,1
2801,2025-08-01,2025-10-08,68,7,1.0,1,superior,solo_alojamiento,web_intermediaria,DE,flexible,sin_deposito,89.62,0,0,0,0
5634,2024-07-25,2024-10-25,92,7,1.0,0,estandar,desayuno,web_intermediaria,UK,no_reembolsable,sin_deposito,70.06,0,0,0,0
2744,2025-11-22,2026-03-26,124,6,3.0,0,estandar,todo_incluido,web_intermediaria,IT,flexible,sin_deposito,80.74,1,0,0,1
2968,2024-06-15,2024-12-08,176,7,1.0,1,suite,desayuno,web_intermediaria,NL,flexible,sin_deposito,181.54,3,0,0,1
1776,2024-04-05,2024-08-03,120,6,2.0,0,estandar,todo_incluido,web_intermediaria,ES,flexible,sin_deposito,,0,1,0,1
2261,2024-01-18,2024-02-02,15,5,3.0,0,estandar,media_pension,Directo,UK,no_reembolsable,sin_deposito,85.07,0,0,0,0
4438,2025-11-22,2026-05-09,168,5,,1,estandar,solo_alojamiento,web_intermediaria,DE,no_reembolsable,parcial,71.52,0,0,0,0
4147,2024-10-28,2025-03-17,140,4,3.0,1,estandar,todo_incluido,web_intermediaria,otros,flexible,sin_deposito,"91,87",1,0,0,1
2681,2024-03-26,2024-07-27,123,6,1.0,0,suite,desayuno,directo,ES,no_reembolsable,sin_deposito,191.45,3,1,0,0
2348,2025-07-03,2025-11-17,137,4,3.0,0,familiar,solo_alojamiento,web_intermediaria,UK,flexible,parcial,102.67,2,0,0,1
3391,2024-07-03,2025-02-16,228,4,,0,suite,desayuno,empresa,otros,no_reembolsable,sin_deposito,213.19,1,0,0,1
3483,2025-08-03,2025-11-04,93,4,3.0,0,estandar,todo_incluido,web_intermediaria,uk,flexible,sin_deposito,"66,57",0,0,0,1
2505,2024-02-07,2024-06-04,118,11,2.0,0,superior,desayuno,directo,UK,no_reembolsable,parcial,104.22,1,0,0,1
4863,2025-10-13,2025-12-22,70,8,2.0,0,suite,desayuno,web_intermediaria,FR,flexible,total,196.49,1,0,0,0
1894,2025-06-02,2025-09-15,105,7,2.0,0,suite,media_pension,Directo,ES,flexible,parcial,177.05,0,0,0,0
1404,2024-08-23,2025-02-25,186,7,4.0,0,estandar,solo_alojamiento,agencia,UK,flexible,sin_deposito,86.35,0,1,1,1
2243,2024-11-26,2025-04-29,154,4,2.0,0,estandar,todo_incluido,WEB_INTERMEDIARIA,Reino Unido,flexible,sin_deposito,69.58,1,0,0,1
1278,18/07/2025,2025-11-16,121,9,2.0,0,estandar,desayuno,Web Intermediaria,ES,flexible,sin_deposito,61.78,3,0,0,1
1685,2024-09-18,2025-02-13,148,5,4.0,0,superior,desayuno,web_intermediaria,DE,flexible,sin_deposito,"129,2",1,0,0,1
1517,2024-12-18,2025-02-10,54,3,1.0,0,estandar,solo_alojamiento,directo,ES,no_reembolsable,parcial,93.1,2,0,0,0
4076,2024-01-17,2024-08-23,219,4,1.0,0,superior,solo_alojamiento,directo,DE,flexible,parcial,121.8,0,0,0,0
885,2025-08-16,2025-12-19,125,8,3.0,0,estandar,desayuno,web_intermediaria,IT,no_reembolsable,parcial,80.79,0,0,0,1
2641,2024-06-23,2024-07-18,25,5,3.0,1,familiar,solo_alojamiento,agencia,otros,flexible,sin_deposito,,1,0,0,0
1568,2025-03-16,2025-10-19,217,3,2.0,0,estandar,todo_incluido,directo,UK,flexible,parcial,69.67,1,0,0,1
4930,2024-06-10,2024-07-05,25,7,2.0,0,estandar,solo_alojamiento,web_intermediaria,Nordicos,no_reembolsable,sin_deposito,89.05,0,0,0,0
5343,17/02/2025,2025-03-20,31,9,2.0,0,superior,desayuno,empresa,FR,flexible,parcial,"117,01",0,0,0,1
4738,2024-09-24,2025-06-10,259,9,3.0,3,suite,desayuno,directo,UK,flexible,total,154.21,1,0,0,1
1989,02/06/2024,2024-10-02,122,1,2.0,0,estandar,media_pension,web_intermediaria,DE,no_reembolsable,sin_deposito,67.94,0,0,0,1
5774,2024-01-18,2024-03-13,55,5,2.0,0,estandar,todo_incluido,web_intermediaria,NL,no_reembolsable,parcial,88.03,0,0,0,1
2358,2024-06-09,2024-10-28,141,9,2.0,1,familiar,todo_incluido,agencia,UK,flexible,sin_deposito,"126,7",2,0,0,1
2652,2025-10-03,2025-10-19,16,9,3.0,1,estandar,desayuno,web_intermediaria,NL,no_reembolsable,sin_deposito,66.86,0,0,0,1
1119,2025-06-11,2025-06-21,10,3,2.0,0,estandar,todo_incluido,web_intermediaria,Reino Unido,flexible,sin_deposito,61.17,0,1,2,0
3864,2025-03-21,2025-03-28,7,5,2.0,0,familiar,media_pension,agencia,NL,flexible,parcial,134.05,1,0,0,0
4189,2024-01-31,2024-05-30,120,6,2.0,0,estandar,desayuno,agencia,DE,flexible,sin_deposito,"64,85",0,0,0,0
3767,2025-05-10,2025-06-04,25,5,2.0,2,suite,todo_incluido,agencia,UK,no_reembolsable,sin_deposito,151.38,2,0,0,0
3449,17/03/2025,2025-03-25,8,9,2.0,2,estandar,todo_incluido,web_intermediaria,FR,flexible,total,91.72,1,0,0,1
5405,2024-01-19,2024-06-16,149,3,4.0,0,estandar,solo_alojamiento,web_intermediaria,UK,flexible,sin_deposito,76.09,2,0,0,1
1075,2024-12-06,2025-04-21,136,4,3.0,0,estandar,desayuno,directo,ES,no_reembolsable,parcial,65.13,0,0,0,0
3706,31/12/2024,2025-04-22,112,4,2.0,2,superior,desayuno,agencia,DE,flexible,sin_deposito,90.75,0,0,0,1
4065,2025-07-06,2025-08-10,35,4,2.0,1,estandar,solo_alojamiento,web_intermediaria,UK,flexible,total,101.36,1,0,0,0
2081,2025-08-26,2025-09-16,21,5,2.0,0,superior,desayuno,web_intermediaria,IT,no_reembolsable,sin_deposito,72.74,2,0,0,1
939,2024-12-03,2025-01-23,51,8,2.0,0,estandar,desayuno,web_intermediaria,UK,flexible,sin_deposito,89.0,0,0,0,1
3356,18/11/2024,2025-04-30,163,4,2.0,0,suite,media_pension,directo ,ES,no_reembolsable,sin_deposito,158.4,0,1,0,0
1093,07/09/2025,2026-04-12,217,7,2.0,0,estandar,desayuno,web_intermediaria,Nordicos,no_reembolsable,sin_deposito,57.97,2,0,0,1
4874,2025-03-04,2025-05-22,79,2,3.0,2,estandar,todo_incluido,directo,DE,no_reembolsable,sin_deposito,78.81,1,0,0,0
375,08/10/2025,2026-01-08,92,5,2.0,0,familiar,todo_incluido,web_intermediaria,UK,flexible,parcial,146.75,0,0,0,0
2836,2025-01-31,2025-03-11,39,5,3.0,1,superior,media_pension,agencia,,flexible,parcial,118.19,0,0,0,1
245,2025-04-03,2025-06-17,75,6,2.0,3,superior,solo_alojamiento,agencia,DE,no_reembolsable,sin_deposito,94.6,1,1,1,0
1030,2024-08-31,2024-10-20,50,4,2.0,2,superior,solo_alojamiento,directo,DE,flexible,sin_deposito,91.3,0,0,0,1
4156,2024-05-16,2024-05-31,15,5,2.0,0,estandar,,empresa,es,no_reembolsable,parcial,76.59,0,0,0,0
3748,2025-12-20,2026-03-22,92,5,2.0,0,estandar,desayuno,web_intermediaria,ES,flexible,sin_deposito,84.19,0,1,0,1
5736,2025-02-10,2025-07-01,141,7,4.0,2,familiar,solo_alojamiento,web_intermediaria,otros,no_reembolsable,sin_deposito,123.77,0,0,0,1
2743,2025-01-08,2025-07-23,196,8,2.0,0,superior,desayuno,directo,,no_reembolsable,sin_deposito,114.93,0,0,0,1
792,2024-11-27,2024-12-10,13,-2,2.0,0,familiar,desayuno,directo,UK,no_reembolsable,sin_deposito,132.28,0,0,0,0
4579,2024-07-19,2024-11-10,114,4,3.0,2,superior,desayuno,agencia,DE,flexible,sin_deposito,"104,49",3,0,0,1
2248,2024-05-08,2024-10-21,166,3,2.0,0,suite,todo_incluido,web_intermediaria,ES,flexible,sin_deposito,139.82,0,0,0,1
5945,2024-07-04,2024-08-18,45,6,2.0,0,superior,desayuno,Directo,UK,no_reembolsable,sin_deposito,,0,1,0,0
1215,24/02/2024,2024-05-06,72,5,2.0,1,estandar,media_pension,agencia,IT,flexible,sin_deposito,71.68,0,0,0,0
3402,2025-11-01,2025-11-12,11,3,4.0,1,estandar,solo_alojamiento,directo,UK,flexible,sin_deposito,68.58,0,0,0,0
811,2024-02-02,2024-09-22,233,7,4.0,0,superior,todo_incluido,web_intermediaria,DE,flexible,sin_deposito,101.32,0,0,0,1
3236,2025-02-20,2025-03-11,19,3,2.0,0,estandar,desayuno,web_intermediaria,FR,no_reembolsable,total,94.08,0,0,0,0
4003,2024-01-26,2024-09-22,240,7,1.0,0,superior,desayuno,WEB_INTERMEDIARIA,UK,flexible,sin_deposito,86.4,0,0,0,1
5352,31/12/2024,2025-03-13,72,4,2.0,0,familiar,,web_intermediaria,otros,no_reembolsable,total,143.53,0,0,0,0
4258,2024-03-06,2024-07-20,136,7,2.0,0,estandar,solo_alojamiento,web_intermediaria,NL,flexible,sin_deposito,87.58,2,0,0,1
5757,2024-08-29,2024-10-01,33,1,2.0,0,superior,todo_incluido,directo,ES,flexible,sin_deposito,"109,34",0,0,0,0
827,2025-05-11,2025-07-09,59,9,2.0,0,superior,todo_incluido,Web Intermediaria,NL,flexible,parcial,108.43,0,0,0,1
2265,2024-03-18,2024-05-01,44,6,2.0,0,familiar,desayuno,agencia,otros,no_reembolsable,sin_deposito,121.22,1,0,0,0
3150,2024-03-20,2024-05-31,72,10,2.0,0,suite,,web_intermediaria,DE,flexible,total,173.08,0,0,0,0
3927,2025-01-01,2025-03-04,62,3,2.0,1,estandar,solo_alojamiento,web_intermediaria,IT,flexible,total,81.72,0,0,0,1
